letter,word,definition,dialect,sentiment
a,a,"art. maysa, umuna a letra ti alfabeto",ilocano,
a,abandon,"v. baybay-an, ibati, licudan",ilocano,
a,abdomen,n. tian,ilocano,
a,abduct,"v. itaray, agawen",ilocano,
a,abeyance,"n. panagur-uray, panangteng-ngel",ilocano,
a,abide,v. agtaeng,ilocano,
a,ability,n. cabaelan,ilocano,
a,able,"adj. napigsa, addan cabaelan, addaan bileg",ilocano,
a,abnormal,adj. naisupadi iti caaduan,ilocano,negative
a,aboard,"adv. nacalugan, nacasacay",ilocano,
a,abolish,"v. iccaten, pucawen",ilocano,
a,abortive,n. naganac a saanna a tiempo,ilocano,
a,about,"prep., adv. maipanggep, maipapan",ilocano,
a,above,"adv. ñgato, ngatuen",ilocano,
a,abridge,"v. yababa, gupongen",ilocano,
a,abrupt,"adj. dagus la nga, kellaat",ilocano,
a,absent,"adj., v. awan, saan a simbrec",ilocano,negative
a,absolute,"adj. macabalin, ti isuamin",ilocano,
a,absorb,"v. sisipen, maicuyog, agsepen",ilocano,
a,absurd,"adj. nacacat-catawa, awan banagna, di rumbeng",ilocano,
a,abundance,n. kinaadu,ilocano,
a,abuse,panagsalungasibng,ilocano,
a,accent,n. talmeg,ilocano,
a,accept,"v. awaten, alen",ilocano,
a,accidentally,"adv. saan a ginagara, di pinanggep",ilocano,
a,accomplish,"v. leppasen, aramiden",ilocano,
a,account,"v. ibilang, sungbatan",ilocano,
a,accountant,"n. magtaming iti libro ti compañia, contador",ilocano,
a,accuse,v. pabasolen,ilocano,
a,accustom,"v. ipacadawyan, mairuam, iruam",ilocano,
a,ache,v. sumakit,ilocano,
a,acidity,"n. kinaalsem, alsem",ilocano,
a,acknowledge,"bigbigen, awaten",ilocano,
a,acompany,"v. caduaan, cuyogen",ilocano,
a,acquaint,"v. ipaammo, ipacaammo, yammo",ilocano,
a,acquire,v. alaen,ilocano,
a,across,"adv. idiay bañgir, ballasiw",ilocano,
a,act,"v. agaramid, gumaraw",ilocano,
a,action,"n. aramad, garaw",ilocano,
a,active,"adj. sabibiag, nagreta",ilocano,
a,actress,n. artista a babai,ilocano,
a,actual,"adj. pudno, agpayso",ilocano,
a,add,"v. inayon, pagtiponen",ilocano,
a,addition,n. panangnayon,ilocano,
a,address,"n. panagbitla, pagtaengan",ilocano,
a,adequate,"adj. umdas, macaanay",ilocano,
a,adjective,"n. adjectivo, sarita a mangted ti caipapanan ti banag",ilocano,
a,adjust,v. ibagay,ilocano,
a,admiral,v. panagdayaw,ilocano,
a,admire,"v. dayawen, bigbigen a sidadayaw",ilocano,
a,admission,"n. panagawat, panagpastrec",ilocano,
a,admit,"v. awate, pastreken",ilocano,
a,adopt,"v. taracnen, alaen, panangala a cas cucua",ilocano,
a,adore,"v. dayawen, ayaten",ilocano,
a,adult,"n. lacay, nataengan",ilocano,
a,advance,n. idadarup,ilocano,
a,advantage,"n. pagsayaatan, gundaway",ilocano,
a,adventurous,"adj. natured, managpadas",ilocano,
a,adverb,n. adverbo,ilocano,
a,advertise,"v. ipaamo, iwarnac",ilocano,
a,advertisement,"n. pacaammo, pannacaiwarnac, pacdaar",ilocano,
a,advice,"v. patigmaan, balacadan",ilocano,
a,affair,"n. banag, aramid",ilocano,
a,affidavit,n. palawag a naisurat ken sinapataan,ilocano,
a,affiliate,"v. makicadua, makipagricna",ilocano,
a,afford,"v. panangipaay, pannacabalin a mangted",ilocano,
a,afraid,"adj. agbuteng, maamac",ilocano,
a,after,prep. calpasan,ilocano,
a,afternoon,n. malem,ilocano,
a,afterwards,"adv. calpasan, no madamdama",ilocano,
a,again,adv. manen,ilocano,
a,against,"prep. maisupiat, cabusor",ilocano,
a,age,n. tawen,ilocano,
a,agency,"n. agencia, sanga",ilocano,
a,agent,"n. agente, pannacabagi",ilocano,
a,agree,v. cumanong,ilocano,
a,agreeable,adj. mannakicanunong,ilocano,
a,agreement,"n. tulag, panagtunos",ilocano,
a,agriculture,"n. panagtalon, panagmula",ilocano,
a,ahead,"ad. immun-una, masanguanan",ilocano,
a,aid,"n. tulong, badang",ilocano,
a,aim,"n. panggep, gandat",ilocano,
a,air,n. angin,ilocano,
a,airmail,"n. surat sa maipatulod, babaen ti aeroplano",ilocano,
a,airplane,n. eroplano,ilocano,
a,aisle,n. bassit a dalan,ilocano,
a,alarm,"n. nariribuc, nawarnacan",ilocano,
a,alas,conj. ay!,ilocano,negative
a,alcohol,n. alcohol,ilocano,
a,alien,n. ganggannaet,ilocano,
a,alienate,"v. ipaganggannaet, isina",ilocano,
a,alight,"v. bumaba, agdisso",ilocano,
a,alignment,n. pakikipanig,ilocano,
a,alike,"adj. agpada, agcarupa, agcaingas",ilocano,
a,alive,"adj. sibibiag, nasaranta",ilocano,
a,all,pron. amin,ilocano,
a,allegiance,"n. panagtalec, panagrucbab",ilocano,
a,alligator,n. buaya,ilocano,
a,allow,"v. palubosan, palugodan",ilocano,
a,ally,"n. cadua, gayyem",ilocano,
a,almighty,n. Mannacamalin Amin,ilocano,
a,almost,"adv. nagistayan, dandani",ilocano,
a,alone,adj. agmay-maysa,ilocano,
a,aloud,adv. napigsa a timec wenno ania man a mangted iti mangngeg,ilocano,
a,alphabet,n. dagiti letra manipud a inggana iti z,ilocano,
a,already,adv. en (suffix) sacbay ti masinunuo a canito,ilocano,
a,also,adv. met,ilocano,
a,altar,n. altar,ilocano,
a,although,"conj. nupay, uray",ilocano,
a,altitude,n. cangato,ilocano,
a,altogether,"adv. isu-amin, sapasap",ilocano,
a,always,adv. agnanayon,ilocano,
a,am,v. siac,ilocano,
a,amaze,"v. butngen, pagsidaawen",ilocano,
a,ambassador,"n. embajador, pananacabagi ti maysa a pagilian",ilocano,
a,ambition,n. tarigagay,ilocano,
a,amend,"v. baliwan, paburaen",ilocano,
a,amiration,n. panagdayaw,ilocano,
a,among,prep. cadagiti,ilocano,
a,amount,"v. dagup, gatad",ilocano,
a,ample,"adj. adu, aumdas, dackel",ilocano,
a,amulet,n. anting-anting,ilocano,
a,amusement,n. pagragsacan,ilocano,
a,ancestor,n. immuna a caputotan,ilocano,
a,anchor,v. sumanglad,ilocano,
a,ancient,"adj. daan, ugma",ilocano,
a,and,"conj. ken, ket",ilocano,
a,angelus,n. oracion,ilocano,
a,anger,"n. unget, pungtot",ilocano,
a,anguish,"n. sakit, rigat",ilocano,
a,animal,"n. animal, ayup",ilocano,negative
a,ankle,n.n lipay-lipay (palay-palay),ilocano,
a,anniversary,"n. panagtawen, aniversario",ilocano,
a,announce,"v. ipacaammo, iwarnac",ilocano,
a,annoy,"v. riribuken, singaen",ilocano,
a,annual,n. tinawen,ilocano,
a,another,"n. maysa pay, sabali",ilocano,
a,answer,n. sungbat,ilocano,
a,ant,n. cuton,ilocano,
a,anus,n. ubet,ilocano,
a,anxiety,"n. iliw, gagar",ilocano,
a,anxious,"adj. maducotan, nagagar, mailiw",ilocano,
a,anybody,adv. siasino man,ilocano,
a,anybody,pron. sia-sino man,ilocano,
a,anyone,"pron. siasino man, uray asino",ilocano,
a,anything,"n. uray ania, ania man",ilocano,
a,anyway,"adv. no casta, uray casta, uray pay",ilocano,
a,anywhere,adv. uray sadino man,ilocano,
a,apart,"adv. maipusing, maisina",ilocano,
a,apartment,"n. silid, paabangan a siled",ilocano,
a,apiece,adv. iti maysa,ilocano,
a,apparatus,"n. ramramit, casapulan",ilocano,
a,apparently,"adv. nalawag, agparang",ilocano,
a,apparition,n. al-allia,ilocano,
a,appeal,"v. agdawat, agkiddaw",ilocano,
a,appear,"v. nagpakita, lumgac",ilocano,
a,appearance,n. langa,ilocano,
a,application,"n. panagtarigagay, panangipacat",ilocano,
a,apply,"v. agtarigagay, ipacat",ilocano,
a,appoint,"v. dutoken, dutocan",ilocano,
a,appointment,n. pannacadutoc,ilocano,
a,appreciate,"v. idayaw, dayawen, bigbigen ti pategna",ilocano,
a,appreciation,"n. panagdayar, panangbibig iti pategna",ilocano,
a,apprentice,"n. agdadamo, catulongan",ilocano,
a,approach,"v. asitgan, umasideg",ilocano,
a,approve,v. anamongan,ilocano,
a,apricot,n. bunga ti cayo,ilocano,
a,apron,n. bidang,ilocano,
a,arbor,n. cayo,ilocano,
a,arch,n. arco,ilocano,
a,archipelago,n. purpuro,ilocano,
a,architect,n. arquitecto,ilocano,
a,ardor,"n. pudot, regget",ilocano,
a,are,v. verbo auxiliar (adu),ilocano,
a,area,n. calawa wenno cadackel ti daga,ilocano,
a,argue,"v. sumungbat, pannakisupiat",ilocano,
a,argument,"n. supiat, panagsinnungoat",ilocano,
a,arise,"v. tumacder, bumangon",ilocano,
a,arithmetic,n. aritmetica,ilocano,
a,armor,"n. calasag, cabal",ilocano,
a,arms,"n. tacklag, igam",ilocano,
a,army,n. buyot; noldado ti nacion,ilocano,
a,around,"adv. aglawlaw, aglicmut",ilocano,
a,arrange,v. urnosen,ilocano,
a,arrangement,"n. pannacaurnos, urnos",ilocano,
a,arrest,n. pannacatiliw,ilocano,
a,arrest,v. tiliwen,ilocano,
a,arrival,"n. idadateng, isasangpet",ilocano,
a,arrive,"v. dumteng, sumangpet",ilocano,
a,arrow,n. pana,ilocano,
a,art,"n. ste, laing",ilocano,
a,articles,"n. laco, banag, salaysay",ilocano,
a,as,adv. cas iti,ilocano,
a,ascend,"v. sumang-at, umuli",ilocano,
a,ascendancy,"n. panaguli, panagsang-at",ilocano,
a,ash,n. dapo,ilocano,
a,ashamed,adj. mabain,ilocano,
a,ashore,adv. tacdang,ilocano,
a,aside,"adv. maysapay, malacsid",ilocano,
a,ask,"v. damagen, saludsoden",ilocano,
a,asleep,adj. matmaturog,ilocano,
a,assail,"v. sabten, darupen",ilocano,
a,assault,"v. busoren, dangran",ilocano,
a,assemble,"v. tipontiponen, ursongen",ilocano,
a,assembly,n. tipon gimong; ummong,ilocano,
a,assemblyman,"n. representante, pannacabagi",ilocano,
a,assign,"v. ipaaramid, dutocan",ilocano,
a,assignment,"n. aramiden, trabajo, leccion",ilocano,
a,assimilate,v. anagen,ilocano,
a,assimilation,n. pananganag,ilocano,
a,assist,v. tulongan,ilocano,
a,assistance,"n. tulong, badang",ilocano,
a,associate,"n. cadua, catulongan",ilocano,
a,association,"n. alaen, yarig, acuen",ilocano,
a,assume,"v. alaen, yarig, acuen",ilocano,
a,assure,v. ipanecnec ipatalged,ilocano,
a,astonish,v. pagsiddaawen,ilocano,
a,astonishment,n. panagsiddaaw,ilocano,
a,astray,adj. naisisasi,ilocano,
a,asylum,n. hospital dagiti agballa,ilocano,
a,at,prep. idlay iti,ilocano,
a,attach,"v. isilpo, itipon",ilocano,
a,attachment,"n. panagtipon, ititipon",ilocano,
a,attack,"v. rauten, gubaten",ilocano,
a,attain,v. ragpaten,ilocano,
a,attainment,"n. naragpat, pannacaragpat",ilocano,
a,attempt,"v. padasen, gay-aten",ilocano,
a,attend,"v. tabunuan, tamingen",ilocano,
a,attendant,"n. ti tu-tulong, catulongan, babaonen",ilocano,
a,attention,n. panangicaso,ilocano,
a,attire,"n. cawes, lupot",ilocano,
a,attorney,"n. abogado, mangilinteg",ilocano,
a,attract,v. awisen,ilocano,
a,attraction,n. panangawis,ilocano,
a,attractive,"n. maca ay-ayo, napintas, maca-awis",ilocano,
a,audacious,"adj. matured, malaing",ilocano,
a,audience,n. dum-dumngeg,ilocano,
a,aunt,"n. tia, ikit",ilocano,
a,author,"n. akin-aramid, akin-gapauanan, mannurat",ilocano,
a,authority,"n. turay, pannacabalin",ilocano,
a,authorize,v. palubosan,ilocano,
a,aventure,n. panagpadas,ilocano,
a,average,"n. caduan, pagtengngaan",ilocano,
a,avid,adj. napasnec,ilocano,
a,avoid,"v. liclican, lisian, adayuan",ilocano,
a,await,v. urayen,ilocano,
a,awake,"adj. nacariing, siririing",ilocano,
a,away,adv. adayo,ilocano,negative
a,awe,"n. siddaaw, buteng",ilocano,
a,awhile,"n. madama, bassit a canito, apag-canito",ilocano,
a,awl,n. paglussoc,ilocano,
a,awning,n. pagaccub,ilocano,
a,ax,n. wasay,ilocano,
b,baby,"n. ubing, tagibi",ilocano,
b,back,"n. licud, bucot",ilocano,
b,backward,"adj. palicud, pasanud",ilocano,
b,bacon,"n. tosino, carne ti baboy a nailuto iti asuc",ilocano,
b,bad,"adj. dakes, di rumbeng",ilocano,
b,badge,"n. medalia, tanda, pag-ilasinan",ilocano,
b,badly,"adv. sidadakes, dakes unay",ilocano,
b,baffle,v. pag-siddaawen,ilocano,
b,bag,"n. supot, maleta",ilocano,negative
b,bagasse,"n. nagpespesan nga unas, nangusan",ilocano,
b,baggage,n. gargaret nga itugot iti viaje,ilocano,
b,bail,"n. fiansa, patalged ti maysa a banag",ilocano,negative
b,bake,v. lutuen iti urno,ilocano,
b,baker,"n. panadero, agaramid itit tinapay",ilocano,
b,bakery,"n. panaderia, pagaramidan itit tinapay",ilocano,
b,balance,"v. pagtimbangen, panagpada",ilocano,
b,ball,"n. bola, pasala",ilocano,
b,ballot,n. balota,ilocano,
b,ballroom,n. pagsalaan,ilocano,
b,bamboo,n. cawayan,ilocano,
b,bank,n. banco,ilocano,
b,banquet,"n. banquete, padaya",ilocano,
b,bargain,n. tawar,ilocano,
b,bark,"n. taol, ukis ti cayo",ilocano,
b,barker,"n. manangawis, agtaol",ilocano,
b,barn,n. camarin,ilocano,
b,barrel,n. bariles,ilocano,
b,barren,"adj. lupes, di maapitan, cadaratn, a cas Sahara",ilocano,
b,barricade,n. naisambot a linged ken saripda cadagiti cabusor,ilocano,
b,base,adj. nababa,ilocano,
b,base,n. pagbantayan,ilocano,
b,basement,"n. siroc, baba",ilocano,
b,basin,n. palanggana,ilocano,
b,basket,"n. curibot, labba, basket",ilocano,
b,bat,n. curarapnit pang-or,ilocano,
b,bath,"n. digos, panagdigos",ilocano,
b,bathroom,n. pagdigusan a siled,ilocano,
b,battle,"n. ranget, dangadang",ilocano,
b,bawl,v. bugtaken,ilocano,
b,bay,n. baybay,ilocano,negative
b,be,v. ag-(prefix),ilocano,
b,beach,n. igid ti taaw,ilocano,
b,beacon,n. silaw,ilocano,
b,bead,n. batic ti cuentas,ilocano,
b,beak,n. sippit,ilocano,
b,beam,"n. raniag, adigi, silnag",ilocano,
b,bear,"v. baclayen, ag-bunga",ilocano,
b,beard,n. barbas,ilocano,
b,beat,"v. pang-oren, bauten",ilocano,
b,beautiful,"adj. napintas, nalapsat",ilocano,
b,beauty,"n. pintas, imnas",ilocano,
b,because,"conj. agsipud, gapu ta",ilocano,
b,become,v. agbalin,ilocano,
b,becoming,"adj. pumimpintas, macaawis",ilocano,
b,bed,"n. cama, pangiddaan",ilocano,
b,bedbug,n. kiteb,ilocano,
b,bedroom,n. pagturogan a siled; siled a pagiddaan,ilocano,
b,bee,"n. alig, uyocan",ilocano,
b,beef,n. carne ti vaca,ilocano,
b,beefsteak,n. iwa ti naingpas a carne ti vaca,ilocano,
b,beer,n. cerveza,ilocano,
b,before,"adv. sachay, casanguanan",ilocano,
b,beg,v. agdawat iti caasi,ilocano,
b,beggar,"n. agpalpalimos, agpalpalama",ilocano,
b,beggarliness,n. panagpalpalama,ilocano,
b,begin,v. irugi,ilocano,
b,beginner,"n. agdadamo, mangrurugi",ilocano,
b,beginning,n. pangrugyan,ilocano,
b,behave,"v. agaluad, agsingpet",ilocano,
b,behavior,n. tignay,ilocano,
b,behind,"prep. licudan, naladaw",ilocano,
b,behold,v. kitaen,ilocano,
b,believable,adj. nacappapati,ilocano,
b,believe,v. patien,ilocano,
b,belif,n. pammati,ilocano,
b,bell,n. campana,ilocano,
b,belong,"v. agcameng, tagicuaen",ilocano,
b,beloved,"n. & adj. ay-ayaten, caayan-ayat",ilocano,
b,below,"adv. siroc, iti baba, babaen",ilocano,
b,belt,n. barikes,ilocano,
b,bend,"v. killuen, baccugen",ilocano,
b,beneath,"prep. iti siroc, iti baba",ilocano,
b,benefit,n. pagimbagan,ilocano,
b,bent,"adj. nakillo, baccug",ilocano,
b,beseech,"v. makicacaasi, umasug",ilocano,
b,beside,"adv. sikigan, arpad",ilocano,
b,besiege,v. lacuben,ilocano,
b,besmear,v. mulitan,ilocano,
b,bespeak,v. palwagen maipapan,ilocano,
b,best,adj. casayaatan,ilocano,
b,bestow,"v. itden, ipaay, ited",ilocano,
b,bet,"n. pusta, intaya",ilocano,
b,betray,"v. liputan, ipalgac",ilocano,
b,betrothal,n. panangtungpal iti casar,ilocano,
b,better,adj. nasaysayaat,ilocano,
b,between,"prep. nagtengngaan, nagbaetan, baet",ilocano,
b,beverage,n. inumen,ilocano,
b,beware,"v. agannad, agaluad",ilocano,
b,beyond,prep. labes,ilocano,
b,bible,"n. Biblia, Nasantuan a Surat",ilocano,
b,bicycle,n. bicicleta,ilocano,
b,bid,"n. tawar, panagtawar",ilocano,
b,bidder,"n. gumagatang, tumatawar",ilocano,
b,bier,n. lungon,ilocano,
b,big,adj. dackel,ilocano,
b,bigwig,"n. bacnang, nalaing",ilocano,
b,bill,n. listaan ti utang; ti maipaulog a linteg iti legislatura,ilocano,
b,billboard,n. pagicaptan iti dua a bulan,ilocano,
b,bimonthly,n. maminsan iti dua a bulan,ilocano,
b,bind,"v. igalut, reppeten, patapatan",ilocano,
b,bird,"n. billit, tumatayab",ilocano,
b,birth,n. pannacayanac,ilocano,
b,birthday,"n. aldaw ti pannacayanac, casangay",ilocano,
b,biscuit,n. biscuit,ilocano,
b,bishop,n. obispo,ilocano,
b,bit,"n. sangcabassit, cabassitan",ilocano,
b,bite,"n. sangcabassit, maysa a cagat",ilocano,
b,bite,"v. cagaten, cumagat",ilocano,
b,bitter,adj. napait.,ilocano,
b,black,adj. nangisit,ilocano,
b,blackboard,n. pisara,ilocano,
b,blackmail,"v. butbutngen tapno agbayad iti pasukib, panagpadakes",ilocano,
b,blacksmith,n. pumapanday,ilocano,
b,bladder,n. basisaw,ilocano,
b,blade,"n. tadem, bulong",ilocano,
b,blame,v. pabasolen,ilocano,
b,blank,adj. awanan iti surat,ilocano,
b,blanket,n. ules,ilocano,
b,blasphemy,"n. parbo, dakes, maisalungasing iti Dios",ilocano,
b,blast,"n. puloy ti angin, panagdadael",ilocano,
b,blaze,"n. gilayab, apuy",ilocano,
b,bleach,"v. paputawen, dalusan",ilocano,
b,bleed,"v. agdara, pagdaraen",ilocano,
b,blemish,"n. rugit, mulit",ilocano,
b,blend,v. pagtiponen,ilocano,
b,bless,v. bendicionan,ilocano,
b,blessing,n. bendicion,ilocano,
b,blight,"n. panagmaga, pannacadadael",ilocano,
b,blind,"n. bulag, bulsec",ilocano,
b,bliss,"n. pagragsacan, ayat",ilocano,
b,block,n. lapdan,ilocano,
b,blockhead,n. awanan iti sursuro,ilocano,
b,blood,n. dara,ilocano,
b,bloody,adj. nadara,ilocano,
b,bloom,"v. panagsabong, agsabong",ilocano,
b,blossom,n. sabong,ilocano,
b,blot,"n. rugit, mulit",ilocano,
b,blouse,n. bado,ilocano,
b,blow,"n. puyot, panagpayugpog, danog",ilocano,
b,blow-out,n. panagbettac,ilocano,
b,blue,adj. asul,ilocano,
b,bluff,n. allilaw,ilocano,
b,blunt,adj. nangudel,ilocano,
b,blush,v. lumabbasit,ilocano,
b,board,n. tabla,ilocano,
b,board,"v. sumacay, agdagus",ilocano,
b,boarding house,n. balay a pagcaseraan,ilocano,
b,boast,v. itangsit,ilocano,
b,boat,"n. vapor, sasacayan",ilocano,
b,body,v. bagi,ilocano,
b,boil,n. letteg,ilocano,
b,boil,v. pagbureken,ilocano,
b,bold,adj. natured,ilocano,
b,bolo,n. buneng,ilocano,
b,bolt,"v. ibacling, isagiped",ilocano,
b,bomb,n. bomba,ilocano,
b,bond,"n. reppet, patalged, casuratan",ilocano,
b,bondage,"n. pannacatagabo, pannacaadipen",ilocano,
b,bone,n. tulang,ilocano,
b,book,"n. libro, lista, pagbasaan",ilocano,
b,bookkeeper,n. mangtaming iti libro ti negocio,ilocano,
b,bootblack,n. agdalos iti sapatos,ilocano,
b,border,"n. irigid, nagbeddengan",ilocano,
b,bore,"v. singaen, lussoken",ilocano,
b,borrow,"v. bumulod, buloden",ilocano,
b,bosom,n. barucong,ilocano,
b,boss,n. pangulo,ilocano,
b,both,pron. isuda a dua,ilocano,
b,bother,"v. ringgoren, alimutengen",ilocano,
b,bothersome,"adj. naringgor, naalimuteng",ilocano,
b,bottle,n. botella; frasquita,ilocano,
b,bottom,"n. tucot, lansad",ilocano,
b,bough,n. sanga ti cayo,ilocano,
b,bought,v. ginatang,ilocano,
b,boulder,n. dadackel a batbato,ilocano,
b,boundary,"n. pagbeddengan, nagbaetan",ilocano,
b,bounty,n. naubon a sabsabong,ilocano,
b,bow,"n. bai ti pana, udaod ti violin",ilocano,
b,bow,"v. panagtung-ed, rucnoy",ilocano,
b,bowl,n. malucong,ilocano,
b,box,n. cajon,ilocano,
b,box,"v. danugen, buntalen",ilocano,
b,boy,"n. ubing a lalaki, babaonen a lalaki",ilocano,
b,boyish,adj. inuubing,ilocano,
b,bracelet,n. pulseras,ilocano,
b,braid,n. sallapid,ilocano,
b,brain,n. utec,ilocano,
b,brdiesmaid,n. cadua ti agcasar a babai,ilocano,
b,breezy,adj. naangin,ilocano,
b,brethren,n. cabsat,ilocano,
b,bribe,"n. saborno, pasukib",ilocano,
b,bribe,"v. sabornuan, pasukiban",ilocano,
b,bribery,"n. pangsaborno, panagpasukib",ilocano,
b,brick,"n. baldosa, ladrillo",ilocano,
b,bride,"n. novia, caayan-ayat a babai",ilocano,
b,bridegroom,"n. novio, caayan-ayat a lalaki",ilocano,
b,bridge,n. rangtay,ilocano,
b,bridle,n. bosal,ilocano,
b,bridle,"v. isardeng, abugen, bosalan",ilocano,
b,brief,adj. abada,ilocano,
b,brigade,"n. buyot, soldado nga adu",ilocano,
b,brigand,"n. bircog, tulisan",ilocano,
b,bright,"adj. nalawag, naraniag, nalaing",ilocano,
b,brightren,"v. lawagen, lawagan",ilocano,
b,brilliant,"adj. nasileng, nalaing",ilocano,
b,bring,"v. alaen, icuyog, itugot",ilocano,
b,brink,"n. igid, derraas",ilocano,
b,brisk,"adj. nasiglat, napartac",ilocano,
b,brittle,"adj. nalaca a madadael, narasi",ilocano,
b,broad,adj. nalawa,ilocano,
b,broadast,"v. iwarnac, iwaragawag",ilocano,
b,broil,"v. ituno, iluto",ilocano,
b,broke,adj. awanan iti cuarta,ilocano,
b,brood,n. dagiti taraken,ilocano,
b,brook,n. waig,ilocano,
b,broom,"n. caycay, sagad",ilocano,
b,broth,n. digo,ilocano,
b,brother,n. cabsat a lalaki,ilocano,
b,brother-in-law,"n. bayaw, cayong",ilocano,
b,brotherhood,"n. panagcacabsat, timpuyog",ilocano,
b,brow,n. kiday,ilocano,
b,brown,adj. cayumanggi,ilocano,
b,bruise,n. sugat,ilocano,
b,brush,"n. escoba, gisigis",ilocano,
b,brush,v. dalusan,ilocano,
b,brusque,"adj. natangsit, aagubsang",ilocano,
b,bubble,"n. burec, labutab",ilocano,
b,bucket,n. timba balde,ilocano,
b,bud,"n. busel, panangrugi",ilocano,
b,buddy,"n. gayyem, cadua",ilocano,
b,budget,"n. ti gastosen iti masapulan, presupuesto",ilocano,
b,buggy,"n. calesa, caretala",ilocano,
b,bugle,n. trumpeta,ilocano,
b,build,"v. mangipatacder, mangaramid",ilocano,
b,builder,"n. nagaramid, nagpatacder",ilocano,
b,building,"n. balay, camarin",ilocano,
b,bulb,n. bombilla,ilocano,
b,bulk,"n. cadackel, caadu, capuscol",ilocano,
b,bulky,"adj. dackel, adu, napuscol",ilocano,
b,bull,"n. toyo, a lalaki a vaca",ilocano,
b,bulldoze,"v. butbutngen, rimbawan",ilocano,
b,bullet,n. bala,ilocano,
b,bulletin,n. pacdaar ti agturay,ilocano,
b,bump,n. dugol,ilocano,
b,bump,v. agtim-og,ilocano,
b,bunch,n. bulig,ilocano,
b,bundle,v. maysa a reppet sangcareppet,ilocano,
b,bungle,"n. culcolen, pagriruen",ilocano,
b,burden,"n. awit, baclay",ilocano,
b,burdensome,adj. macapadagsen,ilocano,
b,bureau,"n. buro, asmangti cajon ayan ti lupt",ilocano,
b,burglar,n. agtacaw,ilocano,
b,burglarize,v. tacawan,ilocano,
b,burial,"n. pumpon, panangitanem",ilocano,
b,burn,"v. puoran, uramen",ilocano,
b,burst,"v. bumtac, aggil-ayab",ilocano,
b,bury,"v. icali, ipumpon",ilocano,
b,bush,n. babassit a mulmula,ilocano,
b,business,"n. negocio, trabajo, pagsapulan",ilocano,
b,busy,adj. addaan iti aramid,ilocano,
b,but,conj. ngem,ilocano,
b,butcher,n. agparparti,ilocano,
b,butler,"n. mayordomo, agbambantay",ilocano,
b,butter,n. mantiquilla,ilocano,
b,butterfly,n. culibangbang,ilocano,
b,button,n. butones,ilocano,
b,button,"v. ibutones, iserra",ilocano,
b,buy,v. gumatang,ilocano,
b,buyer,"n. gumagatang, aggatang",ilocano,
b,by,"prep. iti abay, denna, asideg",ilocano,
b,by-law,n. pagalagadan linteg,ilocano,
b,bygone,"n. nalpasen, naaramiden, aramid a nalpasen",ilocano,
b,bystander,"n. agbuybuya, nacakita, sacsi, awanan iti trabajo",ilocano,
c,cab,n. auto,ilocano,
c,cabaret,"n. cabaret, pagsalaan",ilocano,
c,cabbage,n. repollo,ilocano,
c,cabin,"n. calapaw, siled iti uneg ti vapor",ilocano,
c,cabinet,"n. gabinete, pagsuratan a lamisaan",ilocano,
c,cable,"n. tali, cawar",ilocano,
c,cad,"n. darasudos, dursoc",ilocano,
c,cafeteria,"n. cafeteria, paginuman iti cafe",ilocano,
c,cahapel,n. bassit a simbaan,ilocano,
c,cake,"n. bibingca, cancanen",ilocano,
c,calamity,"n. dakes a tiempo, didigra",ilocano,
c,calendar,n. calendario,ilocano,
c,calf,n. urbon ti vaca,ilocano,
c,call,n. ayab,ilocano,
c,call,"v. ayaban, surung-caran",ilocano,
c,calm,"v. natalna, naulimec",ilocano,
c,calumny,n. panangpadakes,ilocano,
c,camera,"n. camera, pangala iti ladawan",ilocano,
c,camp,"n. campo, paginanaan",ilocano,
c,campaign,"n. campaña, tignay ti buyot, aramid nga adda panggepna",ilocano,
c,can,n. lata,ilocano,
c,can,v. mabalin,ilocano,
c,canal,"n. canal, pagayusan ti danum",ilocano,
c,cancel,"v. buraen, iccaten",ilocano,
c,candid,"adj. apagisu, rumbeng, nabatad",ilocano,
c,candidate,"v. candidato, agngayangay",ilocano,
c,candle,n. candela,ilocano,
c,candlelight,n. silaw ti candela,ilocano,
c,candy,n. sinam-it,ilocano,
c,cane,"n. baston, sarucod",ilocano,
c,canner,n. agilata,ilocano,
c,cannibal,n. agsidsida iti tao,ilocano,
c,cannon,n. cañon,ilocano,
c,cannot,v. saan a mabalin,ilocano,
c,canoe,n. maysa akita ti bangca,ilocano,
c,canteen,"n. cafeteria, canteen, panganan",ilocano,
c,canter,v. nainayad a taray,ilocano,
c,canvas,n. lona,ilocano,
c,canvass,"v. kiddawen ken urnongen, a cas tulong wenno votos",ilocano,
c,cap,"n. callugong, gorra",ilocano,
c,capable,"dj. macabael, addaan iti cabaelan",ilocano,
c,capacity,n. cabaelan nga awiten,ilocano,
c,cape,n. ungto ti daga a naiturong iti baybay,ilocano,
c,capital,"n. naipadackel a letra, puonan, cabecera",ilocano,
c,capitalize,"v. pangrugyan, puonan",ilocano,
c,capitulate,v. sumuco,ilocano,
c,captive,v. balud,ilocano,
c,captivity,"n. pannacaibalud, panacatiliw",ilocano,
c,capture,"v. tiliwen, kemmegen",ilocano,
c,car,"n. auto, pagluganan",ilocano,
c,caravan,n. agcucuyog nga agbanniaga wenno lumasat iti nawatiwat a tanap,ilocano,
c,carbarn,"n. camarin dagiti auto, estacion",ilocano,
c,card,"n. carton, nipis",ilocano,
c,career,"n. carera, tarigagay",ilocano,
c,careful,"adj. naalluad, naannad",ilocano,
c,careless,"adj. nadawel, saan a naalluad",ilocano,
c,carelessness,n. awanan iti alluad,ilocano,
c,caress,"n. lailo, panagayat",ilocano,
c,carfare,"n. pagbayad iti panaglugan, flete",ilocano,
c,cargo,"n. cargada, cargamento",ilocano,
c,carpenter,"n. allawagi, carpentero",ilocano,
c,carpet,"n. alfombra, pangabbong iti datar",ilocano,
c,carriage,"n. caruaje, pagluganan",ilocano,
c,carrier,"n. cargador, agamamit",ilocano,
c,carry,"v. amiten, baclayen",ilocano,
c,cart,"n. carreton, calesa",ilocano,
c,cartoon,"n. carton, ladawan",ilocano,
c,carve,v. ikitikit,ilocano,
c,case,"n. banag, pagsasaritaan, cajon",ilocano,
c,cash,n. cuarta,ilocano,
c,cashier,"n. cajero, cajera, agbambantay iti pirac",ilocano,
c,cassava,n. camoteng cahoy,ilocano,
c,cast,n. agparang iti pabuya,ilocano,
c,cast,"v. ipurwac, iwalin",ilocano,
c,casual,"adj. manmano, saan a patinayon",ilocano,
c,casualty,"n. natay, nadangran",ilocano,
c,catalog,"n. catalogo, pacakitaan",ilocano,
c,catarrh,n. nadagsen a panateng,ilocano,
c,catch,n. natiliw,ilocano,
c,catch,"v. tiliwen, sippawen",ilocano,
c,caterpillar,n. dackel nga igges,ilocano,
c,cathedral,"n. catedral, dackel a simbaan",ilocano,
c,cattle,n. vaca,ilocano,
c,caucus,"n. taripnong, puroc",ilocano,
c,cauldron,"n. caldero, paglutuan",ilocano,
c,cause,n. gapu,ilocano,
c,cautious,"adj. naalluad, nainayad",ilocano,
c,cavalcade,n. libut dagiti sicacaballo,ilocano,
c,cave,"n. cueva, rukib",ilocano,
c,cavernous,adj. addaan iti rukib,ilocano,
c,cease,"v. agsardeng, aginana",ilocano,
c,ceaselesss,"adj. canayon, di agsarday",ilocano,
c,ceiling,adj. cangatuan,ilocano,
c,ceiling,"n. bodivida, ngato",ilocano,
c,celebrate,"v. rambacan, dayawen",ilocano,
c,celebration,"n. panangrambac, panangdayaw",ilocano,
c,celebrity,"n. nalatac, maingel",ilocano,
c,celery,n. maysa a kita ti nateng,ilocano,
c,cell,n. siled,ilocano,
c,cellar,"n. bodega, paset ti balay iti uneg ti daga",ilocano,
c,cemetery,"n. camposanto, pagipumponan",ilocano,
c,censorious,adj. managdillaw,ilocano,
c,census,"n. census, bilang ti agnanae iti ili",ilocano,
c,centennial,n. maicasangagasut a taen,ilocano,
c,center,"n. centro, tengnga",ilocano,
c,centerpiece,n. cateng-,ilocano,
c,centipede,n. gayaman,ilocano,
c,central,adj. catengngaan,ilocano,
c,century,n. sangagasut a tawen,ilocano,
c,cereal,"n. bunga, a cas bunga ti pagay, trigo, etc.",ilocano,
c,ceremonious,"adj. nangangayed, magaraem",ilocano,
c,ceremony,"n. ceremonia, panangrambac",ilocano,
c,certain,adj. napudno,ilocano,
c,certainly,"adv. sipupudno, agpayso",ilocano,
c,certificate,"n. calagdaan, certifico",ilocano,
c,certify,v. pamamalagda,ilocano,
c,chagrin,n. ducot,ilocano,
c,chain,"n. cawar, cadena",ilocano,
c,chain,"v. icawas, icadena",ilocano,
c,chair,"n. pagtugawan, tugaw, palangca",ilocano,
c,chairman,"n. pangula, agar-aramid iti tugaw",ilocano,
c,chalk,n. tisa,ilocano,
c,challenge,n. carit,ilocano,
c,chamber,"n. siled, cuarto",ilocano,
c,chameleon,n. maysa a kita ti alutiit nga agbaliw ti marisna,ilocano,
c,champion,"n. campeon, nangabac",ilocano,
c,chance,n. gasat,ilocano,
c,change,"n. supli, ibabaro, panagbaliw",ilocano,
c,change,v. baliwan,ilocano,
c,channel,"n. canal, pagayusan ti danum",ilocano,
c,chant,"n. canta, panagcanta, ayug",ilocano,
c,chaperon,n. cacuyog ti babai iti gimong,ilocano,
c,chapter,"n. capitulo, paset",ilocano,
c,character,"n. cababalin, kitana a tao",ilocano,
c,charge,n. bayad,ilocano,
c,charge,"v. singiren, pagbayaden",ilocano,
c,chargeable,"adj. mabalin a pagbayaden, mabalin a singiren",ilocano,
c,chariot,"n. pagluganan, caruaje",ilocano,
c,charity,"n. asi, panangngaasi",ilocano,
c,charm,n. cayaw,ilocano,
c,charm,v. cayawan,ilocano,
c,charter,"n. documento ti linteg, pammalubos",ilocano,
c,chase,"n. panangcamat, panangtiliw",ilocano,
c,chase,"v. camaten, tiliwen",ilocano,
c,chastity,n. kinadalus,ilocano,
c,chauffer,"n. chofer, agmanmanejo iti auto",ilocano,
c,cheap,"adj. nalaca, anbaba ti pategna",ilocano,
c,cheat,"v. cusiten, allilawen",ilocano,
c,check,"n. cheque, marca",ilocano,
c,check,"v. kitaen, pagsardengen",ilocano,
c,checker,"n. guardia, agkitkita",ilocano,
c,cheek,n. ping-ping,ilocano,
c,cheer,"n. ragsac, liliwa",ilocano,
c,cheerless,"adj. naliday, awanan iti ragsec, naladingit",ilocano,
c,cheese,n. quiso,ilocano,
c,chemise,n. camison,ilocano,
c,chemist,n. quimico,ilocano,
c,chemistry,n. quimica,ilocano,
c,cherrful,"adj. maragasak, macaliwliwa",ilocano,
c,chest,"n. barucong, lacasa",ilocano,
c,chew,v. ngalngalen,ilocano,
c,chicken,n. manoc,ilocano,
c,chicken flea,n. ulmog,ilocano,
c,chicken-hearted,"adj. tacrot, nacapuy a pikanakem",ilocano,
c,chief clerk,n. pangulo nga escribiente,ilocano,
c,child,n. ubing,ilocano,
c,childbirth,n. pannacayanac,ilocano,
c,childhood,n. panawen ti panagubing,ilocano,
c,childless,adj. awanan iti anac,ilocano,
c,children,n. ubing,ilocano,
c,chill,"n. lamec, lamiis",ilocano,
c,chime,"n. timec, a cas uni ti campana, batingting, etc.",ilocano,
c,chin,n. timid,ilocano,negative
c,chisel,n. paet,ilocano,
c,choice,"n. pili, cayat",ilocano,
c,choir,n. coro dagiti agcancanta,ilocano,
c,choke,"v. beckelen, pasardengen",ilocano,
c,choose,v. pilien,ilocano,
c,choosy,adj. managpili,ilocano,
c,chop,"v. gupongen, tadtaden, pisien",ilocano,
c,christ,"n. Cristo, Jesu-Cristo",ilocano,
c,christian,n. Critiano,ilocano,
c,christmas,n. Pascua,ilocano,
c,church,"n. simbaan, iglesia",ilocano,
c,circle,"n. nagbungkel, sociedad",ilocano,
c,circular,"n. nagtimbukel, surat",ilocano,
c,circumstances,"n. casasaad, pasamac",ilocano,
c,citizen,n. umili,ilocano,
c,citizenship,n. pannakipagili,ilocano,
c,city,n. ciudad,ilocano,
c,civic,adj. maipanggep iti ili,ilocano,
c,civil,adj. nadayaw,ilocano,
c,civilize,v. sursuruan,ilocano,
c,claim,n. tunton,ilocano,
c,claim,v. tuntonen,ilocano,
c,clam,"n. cappo, maysa cadagiti aramaten ti carpentero a pagipit",ilocano,
c,clammy,"adj. napigket, nalamilis",ilocano,
c,clap,"n. sipat, panagsipat",ilocano,
c,clasp,"v. petpetan, pananggigem",ilocano,
c,class,"n. kita, clas",ilocano,
c,classic,adj. manmano. gapuanan nga addan iti agnanayon a pateg,ilocano,
c,classification,"n. panaglalasin, dasig",ilocano,
c,clatter,"n. tagari, timec, uni",ilocano,
c,clause,"n. canayonan ti sentencia (sentencia in grammar) nga addaan ti masasao, (naganken aramid)",ilocano,
c,claw,"n. cuco, a cas cuco ti cali",ilocano,
c,clean,adj. nadalus,ilocano,
c,clean,v. dalusan,ilocano,
c,clean,"v. urnongen, ampaten",ilocano,
c,cleaner,n. agdaldalus,ilocano,
c,clear,"adj. naraniag, nalawag",ilocano,
c,clearance,"n. pannacadalus, pananglawag",ilocano,
c,clemency,n. pammacawan,ilocano,
c,clerk,n. escribiente,ilocano,
c,clever,"adj. masirib, nasaririt",ilocano,
c,click,n. canacaliing,ilocano,
c,cliff,"n. rangkis, natangken ken rusod a derraas ti bantay",ilocano,
c,climate,"n. clima, tiempo, tawen",ilocano,
c,climax,n. paset a macapicapic,ilocano,
c,climb,"v. umuli, ngumato",ilocano,
c,clinch,"n. panangreppet, panagngariet, ti panangpetpet",ilocano,
c,cling,"v. cumpet, agbati",ilocano,
c,clinic,"n. clinica, pangagasan",ilocano,
c,cloak,"n. cagay, pagcagay",ilocano,
c,clock,n reloj,ilocano,
c,clog,v. panagtangken,ilocano,
c,close,"v. irikep, ricpan, serraan",ilocano,
c,close-up,n. ladawan a naala iti asideg,ilocano,
c,closet,n. bassit a siled,ilocano,
c,cloth,n. luplupot,ilocano,
c,clothe,"v. baduan, lupotan",ilocano,
c,clothesline,n. pagbalaybayan iti lupot,ilocano,
c,clothing,"n. badbado, vestido, cawes",ilocano,
c,cloud,n. ulep,ilocano,
c,cloudy,adj. naulep,ilocano,
c,clown,"n. mangrabrabac, managpacatawa",ilocano,
c,club,"n. pang-or, club, wenno timpuyog",ilocano,
c,clue,"n. pagilasinan, tanda",ilocano,
c,cluster,"n. bulig, punggos",ilocano,
c,clutch,v. iggaman,ilocano,
c,coach,"n. auto, manarabay, mannursuro",ilocano,
c,coachman,n. coachero,ilocano,
c,coalition,"n. panagmaymaysa, panagtitimpuyog",ilocano,
c,coarseness,"n. kinagaspang, kinadackel",ilocano,
c,coast,n. igid ti baybay,ilocano,
c,coat,n. Americcaan,ilocano,
c,cock,n. cawitan,ilocano,
c,cockeyed,adj. pangkis,ilocano,
c,cockpit,"n. bulangan, gallera",ilocano,
c,cockroach,"n. sipet, ipes",ilocano,
c,cod,n. bacalaw,ilocano,
c,coercion,"n. panangpilit, panangbuteng",ilocano,
c,coin,"n. cuarta, pirac",ilocano,
c,coinage,n. pangaramid iti cuarta,ilocano,
c,cold,"adj. malamiis, nalam-ec",ilocano,
c,collapse,"v. marpuog, margaay",ilocano,
c,collar,n. tengnged,ilocano,
c,collect,"v. tiponen, singiren",ilocano,
c,collection,"n. dagup, nasingiran",ilocano,
c,collector,"n. mangumeng, agsingsingir",ilocano,
c,college,n. colegio,ilocano,
c,collision,n panagdungpar,ilocano,
c,color,n. maris,ilocano,
c,column,"n. binatog, adigi",ilocano,
c,comb,n. sagaysay,ilocano,
c,combat,"n. ranget, dangadang",ilocano,
c,combat,"v. apaen, susiken rangeten",ilocano,
c,combination,"n. panagtitipon, panaglalaoc ti nadumaduma a banag",ilocano,
c,combine,"v. pagmaymaysaen, pagtiponen",ilocano,
c,combustible,"adj. mabiit a mauram, caayo-ayo ti apuy",ilocano,
c,comfort,n. nam-ay,ilocano,
c,comfort,"v. liwliwaen, pagnam-ayen",ilocano,
c,comfortable,adj. nanam-ay,ilocano,
c,comforter,"n. mangliwliwa, magraragsac",ilocano,
c,comic,"n., adj. comica, macapagcatawa",ilocano,
c,comical,adj. nacacatcatawa,ilocano,
c,command,v. bilinen,ilocano,
c,commander,"n. pangulo, ti agbilin",ilocano,
c,commemoration,n. pananglagip,ilocano,
c,commence,v. irugi,ilocano,
c,commencement,"n. panangrugi ti maudi a paset ti programa, ayayam, wenno daduma a banag",ilocano,
c,commend,"v. dawayen, idayaw",ilocano,
c,comment,n. panangdillaw,ilocano,
c,commerce,"n. comercio, panaglaco",ilocano,
c,commercial,adj. maipapan iti panaglaco,ilocano,
c,commission,"n. ganancia, gunggona",ilocano,
c,commissioner,"n. comisionado, diputado",ilocano,
c,commit,v. italec,ilocano,
c,committee,n. comite,ilocano,
c,common,"adj. sapasap, cadawyan",ilocano,
c,communication,"n. panagsinnarita, panagsarita, surat",ilocano,
c,community,"n. ili, barrio, puroc",ilocano,
c,companion,n. cadua,ilocano,
c,companionship,n. panagcadua,ilocano,
c,company,"n. timpuyog ti, cas agpassiar, aglaco, etc.",ilocano,
c,compare,"n. ti panangidilig, ti panangyasping, ti panangparis",ilocano,
c,compartment,"n. benneg, siled",ilocano,
c,compassion,"n. asi, panangngaasi",ilocano,
c,compatriot,n. cailian,ilocano,
c,compel,v. pileten,ilocano,
c,compensation,"n. ti rebbeng a bayad, bayad",ilocano,
c,compete,v. salisalen,ilocano,
c,compilation,n. pannacaummong,ilocano,
c,complain,"v. umasug, agdayengdeng, agipulong",ilocano,
c,complete,adj. naan-anay,ilocano,
c,complete,"v. leppasen, anayen",ilocano,
c,complexion,n. maris ti cudil,ilocano,
c,compose,v. buclen,ilocano,
c,composer,n. agputar iti tocar,ilocano,
c,composition,"n. ti tocar, sinuratan wenno dadduma a sinuratan",ilocano,
c,comprehend,"v. awaten, ammuen",ilocano,
c,comprehension,"n. panangawat, panangammo",ilocano,
c,comrade,"n. gayyem, cadua, catalec",ilocano,
c,conceal,"v. ilemmeng, idulin",ilocano,
c,concede,"v. acuen, awaten, ited",ilocano,
c,conceit,"n. kinatangig, pakinakem",ilocano,
c,conceive,"v. ipato, inawen",ilocano,
c,concentrate,"v. ipamaysa, tiponen",ilocano,
c,concentration,"n. culongan, panangipamaysa",ilocano,
c,conception,"n. panangawat, capununotan, inaw",ilocano,
c,concern,"n. pasdec ti comercio, segga, pannacasecnan",ilocano,
c,concerning,"adj. maipanggep, maipapan",ilocano,
c,concert,n. concierto,ilocano,
c,conclude,v. leppasen,ilocano,
c,conclusion,"n. gibusna, tungpalna",ilocano,
c,condemn,"v. dusaen, parigaten wenno ipatay ti basol",ilocano,
c,condition,n. casasaad,ilocano,
c,conditional,adj. agsadag iti casasaad,ilocano,
c,conduct,"n. ugali, tignay",ilocano,
c,conduct,"v. ituhod, iturong",ilocano,
c,confection,"n. nasam-it, sinam-it",ilocano,
c,confederation,n. panagcacadua,ilocano,
c,confer,"v. makisango, makisarita",ilocano,
c,conference,"n. puroc, taripnong",ilocano,
c,confess,"v. ipalgac, ipudno",ilocano,
c,confession,"n. confesar, pangangipudno, panangisarita",ilocano,
c,confidence,"n. pammati, talec",ilocano,
c,confidential,adj. nalimed,ilocano,
c,confine,v. ipupoc,ilocano,
c,confirm,"v. panecnecan, patalgedan",ilocano,
c,confirmation,n. pammatalged,ilocano,
c,confiscate,"v. alaen babaen ti linteg, agawen",ilocano,
c,conflict,"n. susic, panagbinnusor",ilocano,
c,confusion,"n. riribuc, gulo",ilocano,
c,congestion,"n. panagadu unay, panaglilinnipit",ilocano,
c,congress,"n. congreso, pagaramidan iti linteg",ilocano,
c,congressman,"n. representante, congresista",ilocano,
c,conjecture,n. pugto,ilocano,
c,conjugal,adj. maipapan iti callaysa,ilocano,
c,connect,"v. isilpo, inayon",ilocano,
c,connection,"n. panagsilpo, nayon",ilocano,
c,connivance,"n. pannakitinnarus, panagtunos",ilocano,
c,connive,"v. makitunos, makitinnarus",ilocano,
c,conquer,"v. panangabac, scupen",ilocano,
c,conqueror,"n. nangabac, nangatiw, nangparmec",ilocano,
c,conquest,"n. panangabac, panangparmec",ilocano,
c,conscience,"n. capanunotan, ricna, nakem",ilocano,
c,conscientious,"adj. managpanunot, naa-naanus, nagaget",ilocano,
c,conscript,n. paglistaan cadagiti maipapilit nga agsoldado,ilocano,
c,consensus,"n. panagcaycaysa, panagtunos",ilocano,
c,consequence,n. nagbanagan,ilocano,
c,consider,"v. panunoten, usigen",ilocano,
c,considerable,adj. nawadwad,ilocano,
c,consideration,"n. panagpanunot, panangpanunot",ilocano,
c,consist,"v. launen, buclen",ilocano,
c,consolation,"n. pangraragsac, liliwa",ilocano,
c,constant,"adj. canayon, agnanayon, di bumaliw",ilocano,
c,constitution,"n. pagalagadan, linteg ti timpuyog",ilocano,
c,construct,"v. ipatacder, aramiden",ilocano,
c,construction,"n. panangipatacder, panangaramid",ilocano,
c,consult,v. imtuoden,ilocano,
c,consultation,"n. pannakisao, panangdawat iti balacad",ilocano,
c,contagious,adj. macaalis,ilocano,
c,contain,"v. laonen, buclen",ilocano,
c,contaminate,"v. iccan iti rugit, mulitan",ilocano,
c,contempt,"n. gura, ibubusor",ilocano,
c,contend,"v. ipapilit, itacderan",ilocano,
c,content,"adj. maragsacan, mapnec",ilocano,
c,contents,"n. linaon, nagyan, naipauneg",ilocano,
c,contest,"n. salisal, salip",ilocano,
c,contest,"v. salisalen, salipen susiken",ilocano,
c,continue,"v. ituloy, maituloy, sigi, walang patid",ilocano,
c,contour,"n. lañga, urnos",ilocano,
c,contract,"n. contrata, tulag",ilocano,
c,contractor,"n. nagaramid contratista, makitulag",ilocano,
c,contradiction,"n. maicaniwas nga aramid, sungani",ilocano,
c,contrary,adj. maicaniwas iti maysa a banag,ilocano,
c,contrast,"n. casupadi, gidiat",ilocano,
c,contrasting,"adj. maisupadi, maigdiat",ilocano,
c,contrive,"v. aramiden, ipamuspusan",ilocano,
c,control,n. panangtengngel,ilocano,
c,controller,"n. agturay, agtengtengngel",ilocano,
c,controversy,"n. panagbinuosor, susic",ilocano,
c,convalescent,"n. agpapaungar, agpapalaing",ilocano,
c,convenient,"adj. nanamay, nasayaat, mainugot",ilocano,
c,convention,"n. convencion, taripnong",ilocano,
c,conventional,adj. maisurot'iti linteg,ilocano,
c,conversant,adj. nalaing nga agsarita,ilocano,
c,conversation,"n. panagtungtong, panagsarita",ilocano,
c,convert,"v. pagbalinen, pagbaliwen",ilocano,
c,convey,"v. ipacaammo, ited, ipaw-it",ilocano,
c,conveyance,"n. lugan a pagbunag, panangidanon",ilocano,
c,convict,"n. balud, naipato a nagbasol",ilocano,
c,conviction,"n. pammati, pannacapabasol",ilocano,
c,convince,"v. uyotan, awisen",ilocano,
c,convivial,"adj. naragsac, narambac",ilocano,
c,cook,"n. cocinero, agluto",ilocano,
c,cool,"adj. nalamiis, nalam-ec, naangin",ilocano,
c,cooperate,"v. makicadua, tumulong",ilocano,
c,cooperation,n. panagtitinulong,ilocano,
c,cop,n. policia,ilocano,
c,copy,"v. copiaen, tuladen",ilocano,
c,copyright,n. pagpatalged a cucua ti nag-aramid,ilocano,
c,cord,"n. cordon, tali, lubid",ilocano,
c,cordial,"adj. naragsac, napasig, nabara",ilocano,
c,cordiality,"n. kinaragsac, kinapasig",ilocano,
c,cork,"n. calub, tapon",ilocano,
c,corn,n. maiz,ilocano,
c,corner,n. suli,ilocano,
c,corny,"adj. nagubsang, maipapan iti maiz",ilocano,
c,corporation,n. corporacion,ilocano,
c,corpse,"n. bangcay, minatay",ilocano,
c,corpulence,"n. kinalucmeg, cataba",ilocano,
c,correct,"adj. panangatur, pananglinteg",ilocano,
c,correspond,v. makipagsinnurat,ilocano,
c,correspondence,"n. surat, panagsinnurat",ilocano,
c,corrupt,"adj. nakillo, nalungsot",ilocano,
c,corset,"n. barikes, pagirut iti bado",ilocano,
c,cost,"n. bayad, gatad",ilocano,
c,costly,"adj. nangina, napateg",ilocano,
c,cotton,n. capas,ilocano,
c,cotton tree,n. pinuon ti capas,ilocano,
c,couch,"n. pagtugawan, pagid-daan",ilocano,
c,cough,v. aguyec,ilocano,
c,council,"n. puroc, concejo",ilocano,
c,counsel,"n. panmagbaga, mamagbaga",ilocano,
c,count,n. bilang,ilocano,
c,countenance,"n. rupa, langa ti rupa",ilocano,
c,counteract,"v. isususpadi, supringen",ilocano,
c,counterfeit,"adj. nayulad, parbo",ilocano,
c,country,"n. away, pagilian aruar ti ili",ilocano,
c,country-people,n. taga-away,ilocano,
c,county,"n. provincia, paset ti ili",ilocano,
c,couple,"n. dua, agasawa",ilocano,
c,courage,"n. tured, pakinakem",ilocano,
c,course,"v. palabasen, patarayen, idalan",ilocano,
c,court,"n. pangcucoman, corte",ilocano,
c,courteous,"adj. nadayaw, managraem",ilocano,
c,cousin,n. casin-sin,ilocano,
c,cover,n. calub,ilocano,
c,covet,"v. apalan, umapal",ilocano,
c,coward,adj. natacrot,ilocano,
c,crab,"n. cappi, agatol",ilocano,
c,crack,"n. buong, bettac",ilocano,
c,crack,"v. buongen, bettaken",ilocano,
c,cracker,"n. biscuit, galletas",ilocano,
c,cradle,"n. indayon, pagiddaan a naigalut iti agsinnumbañgir",ilocano,
c,cranky,"adj. naunget, naalidunget",ilocano,
c,crash,"n. panagtupa, panagdungpar",ilocano,
c,crave,"v. panggepen, callaguman",ilocano,
c,craving,"n. calicagum, pangep",ilocano,
c,crawl,"v. agcarayam, agcaradap",ilocano,
c,cream,"n. crema, nalaucan a gatas iti nadumaduma a kita ti taraon",ilocano,
c,create,"v. pinarsua, agaramid",ilocano,
c,creation,"n. panagparsua, aramid",ilocano,
c,creature,"n. persus, ayup",ilocano,
c,credit,"n. utang, bayadan, dayaw",ilocano,
c,creek,n. waig,ilocano,
c,crevice,"n. birri, bettac, lussoc",ilocano,
c,crew,"n. dagiti, aglaylayag, tattao iti lugan",ilocano,
c,crib,"v. indayon, pagturogan ti ubbing",ilocano,
c,cricket,"n. curiat, maysa mga ay-ayam dagiti Ingles",ilocano,
c,cried,"v. nagsangit, nangayab, nagpuccaw",ilocano,
c,crime,n. basol,ilocano,
c,criminal,"n. criminal, nagbasol",ilocano,
c,crimson,"adj. nalabaga, malabbasit",ilocano,
c,cripple,"n. pilay, sasa a macapagna",ilocano,
c,cripple,v. pilayen,ilocano,
c,criticism,"n. panangdillaw, dillaw",ilocano,
c,criticize,"v. dillawen, usigen",ilocano,
c,crop,"n. dagiti, apiten",ilocano,
c,cross,"v. bumallasiw, lumasat",ilocano,
c,crown,"n. corona, balangat",ilocano,
c,crown,"v. coronaan, balangatan",ilocano,
c,cruel,"adj. naulpit, naranggas",ilocano,
c,cruelty,adj. kinaranggas,ilocano,
c,crumb,"n. bassit, sangcabassit, regreg",ilocano,
c,crumbling,"v. matulid, margaay",ilocano,
c,crumpled,"adj. nacunes, saan nga aguurnos",ilocano,
c,crush,"v. pabassiten, rumeken",ilocano,
c,cry,"n. sangit, puccaw, ayab",ilocano,
c,crystal,n. cristal,ilocano,
c,cucumber,n. pepino,ilocano,
c,cuff,n. puños,ilocano,
c,cultivate,"v. sucayen, patanoren",ilocano,
c,culture,"n. adal, sursuro",ilocano,
c,cunning,"adj. managdakes, masirib",ilocano,
c,cup,n. tasa sartin,ilocano,
c,cupboard,"n. banquera, pagidulinan iti ca nen wenno pingpinggan",ilocano,
c,cure,"n. agas, pangpaimbagan",ilocano,
c,cure,"v. agasan, paimbagen",ilocano,
c,curious,adj. naaya a mangkita wenno mangammo,ilocano,
c,currency,"n. cuarta, pirac",ilocano,
c,current,"n., adj. corriente, agdama, ayus",ilocano,
c,curriculum,"n. curiculum, adalen",ilocano,
c,curse,"v. irurumen, ilunod",ilocano,
c,cursory,"adj. mabiit, bassit apagbiit",ilocano,
c,curtain,"n. linged, cortina",ilocano,
c,curve,"n. killo, curva, sicco",ilocano,
c,cushion,"n. pungan, colchon",ilocano,
c,custom,"n. ugali, cadawyan",ilocano,
c,cut,"n. panagputed, puted",ilocano,
c,cutlery,"n. dagiti maaramat a pagputed, natadem a ramit",ilocano,
c,cycle,"n. panagpusipos, aglicmot, nagbukel, pannagna ti panawen",ilocano,
c,cyclone,. alipugpog,ilocano,
c,cymbals,n. piangpiang,ilocano,
c,cynical,adj. agduadua,ilocano,
c,cynosure,n. pacaituronga unay ti imatang,ilocano,
d,daily,adv. inaldaw,ilocano,
d,dainty,"adj. bassit, nadalus",ilocano,
d,dairy,n. paggatasan,ilocano,
d,dairymaid,n. babai nga glalacao iti gatas,ilocano,
d,dairyman,n. lalaki nga aglaclacao iti gatas,ilocano,
d,dam,"n. (reservoir) tambac, puttot",ilocano,
d,damage,"n. pucaw, dael",ilocano,
d,damage,v. dadaelen,ilocano,
d,dame,"n. balasang, babai",ilocano,
d,damn,"v. pasardengen, lapdan",ilocano,
d,damnation,"n. lunod, unget",ilocano,
d,damp,"adj. nabasa, nadam-eg",ilocano,
d,damp,"v. palamiisen, padam-egen, babasaen",ilocano,
d,dance,n. sumasala,ilocano,
d,danger,n. peggad,ilocano,
d,dapper,adj. nasaranta nataer,ilocano,
d,dare,"n. carit, padas",ilocano,
d,dare,"v. padasen, cariten",ilocano,
d,dark,"adj. nasignet, nadilem, nalimed",ilocano,
d,darken,"v. pasipngeten, pacudrepen",ilocano,
d,darkness,"n. singpet, kinasipnget",ilocano,
d,darling,"n. caayan-ayat, casimpungalan",ilocano,positive
d,darn,"v. daiten, susiran",ilocano,
d,dart,"n. pana, gayang",ilocano,
d,dash,v. napartac a taray,ilocano,
d,daughter,n. anac na babai,ilocano,
d,daughter-in-law,n. manugang (babai),ilocano,
d,dawdle,"v. agbulacbol, agpained iti oras",ilocano,
d,dawn,n. parbangon,ilocano,
d,day,n. adlaw,ilocano,
d,daydream,"n. tagtagainep, arapaap",ilocano,
d,daze,n. ulaw,ilocano,
d,dead,adj. natay,ilocano,
d,deaf,adj. tuleng,ilocano,
d,deal,"v. makicadua, isucat, ilaco",ilocano,
d,dealer,n. aglaclaco,ilocano,
d,dear,"adj. nangina, napateg",ilocano,
d,death,"n. pannacatay, patay",ilocano,
d,deathless,"adj. agnanayon, inggat ingana, saan a matay",ilocano,
d,debate,"n. debate, panagsinnungbat, sinnupiat",ilocano,negative
d,debt,n. utang,ilocano,
d,debut,n. damo a panagparang iti tallaong,ilocano,
d,decay,n. rupsa,ilocano,
d,deceit,"n. panangallilaw, panaguibod",ilocano,
d,deceive,"v. allilawen, ulboden",ilocano,
d,december,n. Diciembre,ilocano,
d,decide,v. ikeddeng,ilocano,
d,decision,n. keddeng,ilocano,
d,deck,n. cadsaaran ti sasacayan,ilocano,
d,deck,v. cawesan,ilocano,
d,declaration,n. panagpalawag,ilocano,
d,declare,v. ipalawag,ilocano,
d,decline,"v. panagbaba, tubngaren",ilocano,
d,decorate,"v. arcosan, papintasen",ilocano,
d,decoy,n. pangallilaw,ilocano,
d,decrease,"v. kissayan, pabassiten",ilocano,
d,decree,"n. linteng, keddeng, bilin",ilocano,
d,decrepit,"adj. nalupoy, rutrot, daan",ilocano,
d,decry,"v. isangit, lagidawen",ilocano,
d,dedication,"n. pananglagip, irucnoy, idaton",ilocano,
d,deduction,n. kissay,ilocano,
d,deed,n. aramid. pammanecnec,ilocano,
d,deem,"v. ipahanetget, ipagarup",ilocano,
d,deep,adj. adalem,ilocano,
d,deer,n. ugsa,ilocano,
d,deface,"v. piltacan, dadaelen ti buya",ilocano,
d,defamation,"n. pammadpadakes, panangdadael iti dayaw",ilocano,
d,defeat,n. pannacaabac,ilocano,
d,defect,"n. curang, kinadakes",ilocano,
d,defend,"v. isalacan, icanawa",ilocano,
d,defend,"v. iti sabali, agpannuray",ilocano,
d,defense,"n. salacnib, salacan",ilocano,
d,deference,"n. nabati, gidkiat",ilocano,
d,deformity,"n. nalaad a langa, pannacadadael",ilocano,
d,defraud,"v. sauren, ulboden",ilocano,
d,defy,"v. cariten, nga icaso",ilocano,
d,degree,"n. grado, rucod, 1/360, tilulo",ilocano,
d,dejection,"n. rigat, ladlingit, pannacaupay",ilocano,
d,delay,"n. gabay, pannacaitantan",ilocano,
d,delegate,"n. pannacabagi, representante",ilocano,
d,delete,"v. iccaten, dadaelen",ilocano,
d,delicate,"adj. narasi, naalicaca",ilocano,
d,delicious,"adj. naimas, nananam",ilocano,
d,delight,"n. macaparagsac, macaliwliwa",ilocano,
d,delinquent,"adj. maudi nga agbayad, managbaybay-a",ilocano,
d,delirious,"adj maul-ulaw, agamamangaw",ilocano,
d,deliver,"v. alaen, panangyawat, ipasugay, isalacan",ilocano,
d,delivery,"n. panangitulod, panangyawat, panagpasngay, panangisalacan",ilocano,
d,demand,n. dawat pacasapulan,ilocano,
d,demarcation,"n. dulon, beddeng",ilocano,
d,democracy,"n. democracia, turay dagiti umili",ilocano,
d,demonstrate,"v. ipalawag, ipakita, ipasirmata",ilocano,
d,denial,"n. panaglibac, panagulbod",ilocano,
d,denounce,"v. ipulong, ibaga",ilocano,
d,dense,"adj. napuscol, adu, nasamec",ilocano,
d,denude,"v. ussoban, lucasan",ilocano,
d,deny,"v. ilemmeng, ilenged, ilibac",ilocano,
d,depart,"v. pumanaw, agluas",ilocano,
d,department,"n. departamento, benneg",ilocano,
d,dependent,"n. taraken, adda iti aywan",ilocano,
d,depict,"v. ipakita, iladawan",ilocano,
d,deplore,"v. babalawen, ladingiten",ilocano,
d,deport,v. ipan iti sabali a daga,ilocano,
d,depose,v. iccaten,ilocano,
d,deposit,"n. pagurnongan, deposito",ilocano,
d,deposition,"n. cari a maisurat, panangiccat iti pagsaaden",ilocano,
d,depot,"n. pagidulinan iti tagilaco, estacion",ilocano,
d,depraved,"adj. dakes, nakilla",ilocano,
d,depressed,"adj. naliday, naldingit, masmasnaayan",ilocano,
d,depride,"v. laisen, catawaan, rabaken",ilocano,
d,deprivation,"n. carigatan, panagsagaba",ilocano,
d,deprive,"v. alaen, aonen",ilocano,
d,deprive,"v. ipaidam, ibabawi",ilocano,
d,depth,"n. cauneg, candalem",ilocano,
d,derelict,"adj. nabaybay-an, bimmaba, dacsanggasat",ilocano,
d,dertermination,"n. tured, gagar, kinapinget",ilocano,
d,descend,"v. bumaba, dumsang, agsalong",ilocano,
d,descendant,"n. nagtaudan, naggapuan",ilocano,
d,describe,"v. iladawan, isarita, isurat, salaysayen",ilocano,
d,description,n. panangiladawan,ilocano,
d,desert,n. nalawa a cadaratan,ilocano,
d,desert,"v. panawan, ibati, baybayan",ilocano,
d,deserve,v. maiparbeng,ilocano,
d,design,"n. ladawan, kita, palabala, panggep",ilocano,
d,designate,"v. isuro, itudo, dutuken",ilocano,
d,designer,"n. modista, agar-aramid iti balabala, agiladladawan",ilocano,
d,desirable,"adj. macay-ayo, nasayaat",ilocano,
d,desire,"n. calicagum, tarigagay",ilocano,
d,desirous,"adj. naregget, gumawawa unay",ilocano,
d,desolate,"adj. naladingit, naliday",ilocano,
d,despair,"n. rigat, tuoc, caawan ti nam-nama",ilocano,
d,desperate,"adj. malagawan, napucawan iti namnama",ilocano,
d,despise,"v. uwayen, laisen",ilocano,
d,despoil,"v. tacawan, pagtacawan",ilocano,
d,destined,"adj. tudingan, naicari, naipagasat",ilocano,
d,destitute,"adj. napanglaw, marigrigat",ilocano,
d,destruction,"n. pannacadadael, ipapatay",ilocano,
d,detach,"v. iccaten, warwaren",ilocano,
d,detail,"n. ramitramit, paset ti salaysay, pagen ti soldado",ilocano,
d,detain,"v. ibati, tactaken",ilocano,
d,detect,"v. ripi-ripen, ilasin",ilocano,
d,detective,"n. tictic, agsisiim, pannacabagi ti linteg",ilocano,
d,detention,"n. pannacatactac, pannacapasardeng, pannacaibalud",ilocano,
d,determined,"adj. naicari, naikeddeng",ilocano,
d,detonation,n. canalbuong,ilocano,
d,detour,"n. aglicaw, agsicco",ilocano,
d,develop,"v. pasayaaten, papintasen, sucogen",ilocano,
d,development,"n. panangpasayaat, panangpapintas, pannacasucog",ilocano,
d,deviate,"v. aglisi, sumiasi",ilocano,
d,device,"n. aramaten, pamuspusan",ilocano,
d,devil,"n. demonio, sairo, kinadakes",ilocano,
d,devise,"v. aramiden, partuaten",ilocano,
d,devoid,"adj. curang, awanan",ilocano,
d,devote,"v. ipaay, ipaymaysa",ilocano,
d,devotion,"n. panagayat, devocion, panangi-pangpangruma",ilocano,
d,devour,"v. ibusen, canen, alun-onen",ilocano,
d,devout,"adj. managayat iti Dios, anac ti Dios, napudno",ilocano,
d,dew,n. linnaaw,ilocano,
d,dexterity,"n. kinasaririt, kinalaing",ilocano,
d,diabolic,"adj. nacabutbuteng, dakes, nacam-amac",ilocano,
d,diagnosis,"n. panangkita, panangricna iti sakit",ilocano,
d,dialect,"n. pagsasarita, pagsasao",ilocano,
d,diaper,"n. lamoin, apuro",ilocano,
d,diary,"n. casuratan, inaldaw nga ramid a maisurat",ilocano,
d,dictate,"v. isarita, ibaga, ibaon, ibilin",ilocano,
d,dictation,"n. sinarita, imbaga, imbaon, bilin",ilocano,
d,diction,"n. pannacaisao ti sarita, panangpili iti sarita",ilocano,
d,dictionary,"n. pagkitaan iti cababagas ti sarita, diccionario",ilocano,
d,difference,"n. subang, gidiat",ilocano,
d,different,"adj. sabali, maigdiat",ilocano,
d,difficult,"adj. narigat, naricut",ilocano,
d,difficulty,"n. rigat, ricut",ilocano,
d,diffident,"adj. managbabain, di matagtagari, naulimec",ilocano,
d,diffuse,v. iwaras,ilocano,
d,dig,"v. icali, icutcot",ilocano,
d,digest,"n. naurnong a paset, ababa a pannacaimaldit",ilocano,
d,digest,"v. ipabassit, runawen",ilocano,
d,dignified,"adj. nadayaw, natacneng",ilocano,
d,dignity,"n. dayaw, tan-oc",ilocano,
d,dilate,"v. palawaen, padackelen",ilocano,
d,dilemma,"n. paricut, naricut a pili",ilocano,
d,diligent,"adj. naanus, managadal, nagaget",ilocano,
d,dilute,"adj. napacapsut, nalaocan",ilocano,
d,dim,"adj. nasipnget, nadilem",ilocano,
d,dime,n. sanggapulo a centimos,ilocano,
d,dimension,"n. rucod, cadackel",ilocano,
d,dimness,"n. kinasipnget, kinadilem",ilocano,
d,dimples,n. callid,ilocano,
d,din,"n. riri, riribuc, ringgor",ilocano,
d,dine,v. mangan,ilocano,
d,dingy,"adj. narugit, nangisit, naangot",ilocano,
d,dinner,n. pang-ngaldaw,ilocano,
d,dip,"v. yuneg, isawsaw itapog",ilocano,
d,direct,"v. nalinisuro, iturong",ilocano,
d,direction,"n. direccion, ania a disso, panangisuro",ilocano,
d,director,"n. pangulo, mangisursuro, aking-apuanan, mangimaton",ilocano,
d,directory,"n. pagsuratan, listaan, casuratan, libro a yan ti nagnagan, taeng ken dadduma pay",ilocano,
d,dirt,"n. rugit, tapoc",ilocano,
d,dirty,v. narugit,ilocano,
d,disability,"n. dacsanggasat, caawan ti pannacabalin",ilocano,
d,disadvantage,"n. pagdacsan, paricut",ilocano,
d,disagree,"v. agsupadi, isusupiat",ilocano,
d,disapper,"v. panagawan iti imatang, agpucaw",ilocano,
d,disappoint,v. paayen,ilocano,
d,disappointment,"n. pannacapaay, pannacaupay",ilocano,
d,disapprove,"n. keltayen, saan a canunongan",ilocano,
d,disarm,v. iccatan iti armas,ilocano,
d,disaster,"n. dumteng a rigat, riribuc, didigra",ilocano,
d,disburse,"v. gastusen, ibayad",ilocano,
d,discharge,"n. panangiccat, panangiwayang",ilocano,
d,discharge,"v. iccaten, ipaltog, iwayang",ilocano,
d,discipline,"n. disciplina, pannacalsuro, adal",ilocano,
d,disclosure,"n. pannacairacurac, pannacanwaragawag, panangilatac",ilocano,
d,discord,"n. riri, saan a ppanagtunos",ilocano,
d,discourage,"adj. mapacapsuten ti nakem, upayen",ilocano,
d,discover,v. biroken,ilocano,
d,discovery,"n. pannacabiroc, pannacabuctal",ilocano,
d,discreet,"adj. naannad, mapagtalcan",ilocano,
d,discriminate,"v. pileen, iccaten (dagiti saan a rumbeng)",ilocano,
d,discuss,"v. saritaen, salaysayen",ilocano,
d,discussion,n. pagsaritaan,ilocano,
d,disdain,"v. laisen, guraen",ilocano,
d,disease,n. sakit,ilocano,
d,disembark,"v. dumsag, sumanglad",ilocano,
d,disgrace,"n. disgracia, matulawan iti dalaw, mulit",ilocano,
d,disgraceful,adj. nacababin,ilocano,
d,disgruntled,"adj. masuron, masimronan",ilocano,
d,disguise,n. panang-limlimo,ilocano,
d,disgust,"n. nauma, nasuron",ilocano,
d,dish,"n. pinggan, canen",ilocano,
d,dishonest,"adj. ubod, manangallilaw",ilocano,
d,dislike,"n. cagurgura, saan a cayat",ilocano,
d,disloyal,"adj. naulbod, saan a napudno",ilocano,
d,dismiss,"v. iccaten, papanawen",ilocano,
d,dismissal,n. pannacapapanaw,ilocano,
d,dismount,"v. bumaba, umulog",ilocano,
d,disobedience,"n. di-pagsunod, pagsuway",ilocano,
d,disorder,n. riribuc,ilocano,
d,disorderly,"adv. awan urnos, saan nga agsusurot, nariribuc",ilocano,
d,disown,v. lacsiden,ilocano,
d,display,n. pabuya,ilocano,
d,display,"v. ipakita, ipacaammo",ilocano,
d,displeased,"adj. napaay, masuron, nasair",ilocano,
d,disposal,"n. panangited, dasig, pagatayan",ilocano,
d,dispose,"v. panangisaad, itden, ilaco",ilocano,
d,dispute,"n. susic, riri",ilocano,
d,disrupt,"v. singaen, gupden",ilocano,
d,dissatisfaction,n. saan a pannacapnec,ilocano,
d,dissent,"v. sumupiat, saan a camanunong",ilocano,
d,dissolve,"v. runawen, tunawen",ilocano,
d,dissuade,"v. pasardengen, upayen",ilocano,
d,distance,"n. caadayo, baet",ilocano,
d,distant,adj. adayo,ilocano,
d,distasteful,"adj. nacasusuron, saan a macaay-ayo iti raman",ilocano,
d,distinct,"adj. nalitnaw, nalawag, naisupadi",ilocano,
d,distinguished,adj. nalatac,ilocano,
d,distract,"v. rirbuken, guyoden ti ania man a paset, sungaen",ilocano,
d,distress,"n. rigat, pasamac, sakit, tuoc",ilocano,
d,distribute,"v. iwaras, ibunong, iburay",ilocano,
d,distrust,"n. panagduadua, saan a panagtalec",ilocano,
d,disunite,"v. pagsisinaen, pagringgoren",ilocano,
d,ditch,"n. canal, pagayusan ti danum",ilocano,
d,dive,"v. agsuec, bumatoc",ilocano,
d,diverge,"v. agsasabali a dirrecion, umadayo",ilocano,
d,diverse,adj. nadumaduma,ilocano,
d,divert,"v. liwliwaen, isiasi",ilocano,
d,divest,"v. ussoban, paidaman",ilocano,
d,divide,v. bingayen,ilocano,
d,divine,"adj. Nadiosan, NAsantuan, natan-oc",ilocano,
d,divisibilty,n. pannacabingay-bingay,ilocano,
d,divorce,"n. divorcio, panagsina",ilocano,
d,divulge,"v. ipalgac, iracurac",ilocano,
d,dizziness,"n. pannacaulaw, ula",ilocano,
d,do,"v. aramid, aramiden",ilocano,
d,docile,"adj. nalaca nga isuro, nalaca nga iturong, natulnog",ilocano,
d,dockyard,n. pagaramidan wenno pagtarimaanan iti vapor,ilocano,
d,doctor,n. mangngagas,ilocano,
d,doctrine,"n. doctrina, pammati",ilocano,
d,document,"n. documento, casuratan",ilocano,
d,dodge,"v. lisian, liclican",ilocano,
d,dog,n. aso,ilocano,
d,doleful,"adj. naladingit, nasipnget, nacuyem",ilocano,
d,doll,"n. muñeca, tirtiris",ilocano,
d,domain,"n. daga, masacsacupan, cucua, iturayan",ilocano,
d,dome,n. bubongan,ilocano,
d,domestic,"adj. naamo, maipapan iti uneg ti bala",ilocano,
d,domesticated,"adj. pinaamo, tinaraken",ilocano,
d,domicile,"n. balay, taeng, pagtaengan",ilocano,
d,dominant,"adj. nangato, naturay, mangnangruna",ilocano,
d,dominion,"n. turay, cucma",ilocano,
d,don,"v. icawes, ipadas, isuot",ilocano,positive
d,donor,n. ti mangisagut,ilocano,
d,doom,"n. dusa, gasat, patay, rigat",ilocano,
d,door,"n. ridaw, sercan",ilocano,
d,doorknob,n. pagiggaman iti ridaw,ilocano,
d,doorlatch,n. balunet wenno sagiped ti ridaw,ilocano,
d,dope,"v. angawen, ulawen, allilawen",ilocano,
d,dose,n. caadu wenno sucat ti panagagas,ilocano,
d,dot,n. tulnec,ilocano,
d,double,"n. dua, mamindaa",ilocano,
d,double-cross,v. allilawen,ilocano,
d,doubt,"v. agduadua, saan nga agtalec",ilocano,
d,doubtful,adj. pagduaduaan,ilocano,
d,doubtless,adj. saan a pagduaduaan,ilocano,
d,dove,"n. pagaw, calapati",ilocano,
d,dovetail,v. pagtumpongen,ilocano,
d,downcast,"adj. nacamuleng-leng, nacamattider, naliday",ilocano,
d,downright,"adj. nabatad, naan-anay",ilocano,
d,downstairs,adv. arsadan ti agdan' baba ti agdan,ilocano,
d,downwards,adv. agpababa,ilocano,
d,dozen,"n. sangadocena, sangapulo ket dua",ilocano,
d,draft,"n. cheque, pul-oy ti angin; cameng ti armada; bilin maipapan it panagbayad",ilocano,
d,draftsman,n. agar-aramid iti plano,ilocano,
d,drag,v. uloden,ilocano,
d,dragnet,"n. pagtiliw, pangsilo, iket a pagcalap",ilocano,
d,dragonfly,"n. tuwato, simotsimot",ilocano,
d,drain,"v. carsan, paatianan",ilocano,
d,drainage,"n. canal, pagayusan ti danum, cali",ilocano,
d,drama,"n. zarsuela, pabuya",ilocano,
d,dramatize,v. ipabuya,ilocano,
d,drape,"n. abbong, cortina",ilocano,
d,draw,"v. iladawan, dutduten",ilocano,
d,drawer,n. cajon ti lamisaan. agiladladawan,ilocano,
d,drawl,n. nabanayat a panagasao,ilocano,
d,dread,"n. amac, buteng",ilocano,
d,dreadful,adj. nacaal-aliaw; nacaal-alingget,ilocano,
d,dream,"n. tagtagainep, arapaa; parmata",ilocano,
d,dress,"n. lupot, bado, pagancatan",ilocano,
d,dress,"v. cawesan, tarimaanen, sucatan",ilocano,
d,dress shop,"n. pagdaitan iti bado, paglaccuan iti bado",ilocano,
d,dressmaker,"n. agdadait, agar-amid iti bado",ilocano,
d,dressy,adj. naparammag,ilocano,
d,drift,"v. pannacaisurot iti ayus, mayanud",ilocano,
d,drifting,"v. mayan-anud, maisursurot",ilocano,
d,drink,"v. inumen, uminom",ilocano,
d,drip,"v. panagtedted, agtedtedted",ilocano,
d,driver,"n. cochero, chofer",ilocano,
d,drizzle,n. arbis,ilocano,
d,droop,"v. agrucrucob, agdumdumog",ilocano,
d,drop,"v. itinnag, iregreg",ilocano,
d,drown,v. ilemmes; ipauneg iti danum,ilocano,
d,drowsy,adj. macaturturog macadungdungsa,ilocano,
d,drug,"n. agas, pangpaturog",ilocano,
d,drugstore,n. botica,ilocano,
d,drum,n. tambor,ilocano,
d,drum,"v. tugtogen, bitogen, patiten",ilocano,
d,drunk,"adj. nabartec, naulaw",ilocano,
d,drunkard,"n. mammartec, manag-inom",ilocano,
d,dry,adj. namaga,ilocano,
d,dual,adj. duaan,ilocano,
d,dubious,adj. pagduaduaan,ilocano,
d,duck,"n. pato, itic",ilocano,
d,ductile,"adj. maunnat, mabennat",ilocano,
d,due,"prep. agsipud, gapu",ilocano,
d,dull,"adj. nangudel, agsasadut",ilocano,
d,dummy,"n. inaramid a sinantatao, bambanti",ilocano,
d,dump,"v. ipuruac, ibaba",ilocano,
d,duplicate,"n. maicadua, capada",ilocano,
d,durable,"adj. natibker, nalagda",ilocano,
d,duration,"n. panagpaut, cabayatanna",ilocano,
d,during,"adv. cabayatan, bayat",ilocano,
d,dusky,adj. nacuyem; nasipnget; nacudrep,ilocano,
d,dust,"n. tapoc, rugit",ilocano,
d,dust,"v. dalusan, sagadan",ilocano,
d,dusty,adj. natapoc; narugit,ilocano,
d,duty,"n. rebbengen, buis",ilocano,
d,dwarf,n. ansisit; bassit a tao,ilocano,
d,dwarfish,"adj. bassit, pandec",ilocano,
d,dwell,v. agtaeng,ilocano,
d,dwelling,"n. pagtataengan, balay",ilocano,
d,dye,"n. maris, tina",ilocano,
d,dying,"v. matmatay, agbubugsot",ilocano,
d,dynamic,adj. napigsa,ilocano,
d,dyspepsia,n. saan a pannacarunaw ti kinan,ilocano,
e,each,pron. tunggal maysa,ilocano,
e,eager,"adj. mailiw, nagagar",ilocano,
e,ear,n. lapayag,ilocano,
e,early,adj. nasapa,ilocano,
e,earmark,"v. marcaan, ilasin",ilocano,
e,earnest,adj. napasnec,ilocano,
e,earnings,"n. nasapulan, sueldo",ilocano,
e,earrings,n. aritos,ilocano,
e,earth,"n. daga, lubong",ilocano,
e,earthly,"adj. nailulongan, naigdagaan",ilocano,
e,earthquake,n. ginggined,ilocano,
e,earthworm,n. alumbayad,ilocano,
e,earwax,n. rugit ti lapayag,ilocano,
e,ease,"n. panaginana, nam-ay",ilocano,
e,easier,adj. nalaclaca,ilocano,
e,easily,adv. nalaca,ilocano,
e,east,n. daya,ilocano,
e,easter,n. Pascua ti panagungar ni Cristo,ilocano,
e,eastern,"n. dayaen, akindaya",ilocano,
e,easy,"adj. nalaca, nalag-an",ilocano,
e,eat,adj. mangan,ilocano,
e,eavesdrop,v. mangdengngeg; mangalimadamad,ilocano,
e,ebony,n. nangisit; ballatinaw,ilocano,
e,eccentric,adj. carcarna,ilocano,
e,eclipse,"n. eclipse, panagsabet ti bulan ken init",ilocano,
e,economy,n. panagsalimetmet,ilocano,
e,ecstacy,"n. ragragsac, liliwa",ilocano,
e,eddy,n. alipugpog,ilocano,
e,edge,"n. igid, iking",ilocano,
e,edgy,adj. managbuteng,ilocano,
e,edible,"adj. macan, uray ania a macan",ilocano,
e,edict,"n. linteg, bilin",ilocano,
e,edifice,n. dackel a balay,ilocano,
e,editor,"n. editor, mangimaton iti periodico",ilocano,
e,educate,"v. suruan, isuro pagadalen",ilocano,
e,education,"n. adal, sursuro",ilocano,
e,educator,"n. maestro, magisursuro",ilocano,
e,eel,n. igat,ilocano,
e,eerie,"adj. nacam-amac, nacabutbuteng",ilocano,
e,effect,n. nagtungpalan; gubuay,ilocano,
e,effective,"adj. napigsa, nacaro",ilocano,
e,effeminate,"adj. casla babai, binabai",ilocano,
e,efficiency,"n. cabaelan a mangitungpal iti gandat, kinaimbag",ilocano,
e,effort,"n. pigsa, cabaelan; panangipacat iti pigsa",ilocano,
e,effrontery,n. kinatured nga agaramid iti nagubsang,ilocano,
e,effulgence,"n. raniag, pintas, ladawan",ilocano,
e,egg,n. itlog,ilocano,
e,eggplant,n. tarong,ilocano,
e,eight,adj. maicawalo,ilocano,
e,eight,n. walo,ilocano,
e,eighteen,n. sangapulo ket walo,ilocano,
e,eighteenth,v. maicawalo,ilocano,
e,either,pron. uray ania iti dua,ilocano,
e,ejaculate,v. kellat a panangibaga,ilocano,
e,eject,"v. pagtalawen, paadayuen",ilocano,
e,elapse,v. lumabas,ilocano,
e,elastic,"adj. agbennat, nalucneng",ilocano,
e,elated,adj. naragsacan,ilocano,
e,elbow,n. sico,ilocano,
e,elder,"adj. inauna, nataengan",ilocano,
e,elect,v. pilien,ilocano,
e,election,n. panagpili,ilocano,
e,elector,n. elector; pumipili,ilocano,
e,electricity,n. electricidad,ilocano,
e,electrify,v. pannacaaramat ti electricidad; kellaaten,ilocano,
e,electrocute,v. papatayen babaen iti electricidad,ilocano,
e,elegant,"adj. nataraki, napintas; nadaeg",ilocano,
e,element,"n. elemento, nangangaruna a paset ti uray ania",ilocano,
e,elementary,"adj. pangrugyan, nasken nga anag",ilocano,
e,elevate,"v. ingato, dayawen",ilocano,
e,elevation,n. cangato,ilocano,
e,elevator,n. maquina a pangingato; elevator,ilocano,
e,eleven,n. sangpulo ket maysa,ilocano,
e,eleventh,adj. maicasangapulo ket maysa,ilocano,
e,eligible,"adj. rumbeng, tumutop",ilocano,
e,eliminate,"v. iccaten, yadayo",ilocano,
e,elite,n. napili; tampoc; capintasan,ilocano,
e,elongation,n. castiddog,ilocano,
e,elope,"v. panagtaray, panaglibas iti dua nga agayan-ayat",ilocano,
e,eloquence,n. ti naurnos a panagsarita,ilocano,
e,else,adj. wenno,ilocano,
e,elsewhere,adv. sabali a disso,ilocano,
e,elusive,"adj. nagalis, nasiglat, nasicap",ilocano,
e,emaciated,adj. nacttong,ilocano,
e,emancipation,"n. panagwaywayas, panagmaymaysa, pannacaruc-at",ilocano,
e,embalm,v. pagpauten (ti bangcay),ilocano,
e,embarassed,adj. nabainan,ilocano,
e,embarassment,n. pannacapabalu,ilocano,
e,embezzle,v. saan a maicanada a panangbusbos iti naicumit a cuarta,ilocano,
e,emblem,n. taada,ilocano,
e,embrace,n. aracup,ilocano,
e,emcumbrance,"n. lapped, pangdagsen",ilocano,
e,emerge,"v. agparang, lumgac, lumtaw",ilocano,
e,emergency,n. naricut a panawen,ilocano,
e,emigrant,"n. gangganaet, taga sabali a daga",ilocano,
e,emigrate,"v. simmanglad, mapan iti sabali a daga",ilocano,
e,eminence,"n. maingel, kinalactac",ilocano,
e,eminent,adj. nalatac,ilocano,
e,emotion,n. ricna,ilocano,
e,emperor,n. emperador,ilocano,
e,empire,n. pagarian,ilocano,
e,employ,v. alaen; iserrac; aramaten,ilocano,
e,employee,"n. empleado, trabajador",ilocano,
e,employer,"n. ti agpapatrabajo, akincucua iti pasde a pagtrabajuan",ilocano,
e,employment,"n. pagsapulan, pagtrabajuan",ilocano,
e,emporium,n. pagtagilacuan,ilocano,
e,empty,"adj, cawaw",ilocano,
e,emulate,"v. pagpadaen, pagtuladen",ilocano,
e,enable,"v. pabigsaen, iccan iti bael",ilocano,
e,enact,v. aramiden; ipasdec a cas linteg;,ilocano,
e,encircle,"v. lawlawen, licmuten",ilocano,
e,enclose,v. isapit; ilucon,ilocano,
e,enclosure,"n. nalawlaw, coral",ilocano,
e,encore,n. panangulit,ilocano,
e,encounter,"v. panagsabat, panagsarac",ilocano,
e,encourage,"v. papigsaen ti nakem, paragsaken; iccan iti namnama",ilocano,
e,encouragement,n. panangpakired; panangay-ayo,ilocano,
e,encroach,v. serreken,ilocano,
e,end,"n. murdong, gibusna",ilocano,
e,endanger,v. iturong iti pagpeggadan,ilocano,
e,endeavor,"v. padasen, gunoden",ilocano,
e,endless,adj. agnanayon; awan patinggana,ilocano,
e,endurance,"n. panaganus, panagibtur",ilocano,
e,endure,v. anusan; ibturan,ilocano,
e,enema,n. labatiba; inyeccion,ilocano,
e,enemy,n. cabusor,ilocano,
e,energetic,adj. napigsa,ilocano,
e,energy,"n. pigsa, cabaelan",ilocano,
e,enforce,"v. ipaganetget, ipatungpal",ilocano,
e,enforcement,"n. panangpasurot, panangipatungpal",ilocano,
e,engage,"v. tamingen, asicasuen",ilocano,
e,engagement,n. tulag,ilocano,
e,engaging,"adj. nacaay-ayo, nalailo",ilocano,
e,engine,n. maquina,ilocano,
e,engineer,"n. enginiero, maquinista",ilocano,
e,engineer,v. ipamuspusan,ilocano,
e,engulf,"v. sacupen, tilmunen",ilocano,
e,enhance,"v. padackelen, pasayaaten; ingato",ilocano,
e,enigma,"n. burburtia, banag a di maamiris",ilocano,
e,enjot,"v. panagragsac, panangrambac",ilocano,
e,enlarge,"v. padackelen, ipalawa",ilocano,
e,enlargement,n. pannagpackdel,ilocano,
e,enliven,"v. paragsaken, liwliwaen",ilocano,
e,enormous,"adj. adu; naruay, dackel unay",ilocano,
e,enough,"adj. umanay, calalainganna",ilocano,
e,enrage,"v. paungeten, pagpungtoten",ilocano,
e,enroll,v. agpailista,ilocano,
e,enter,v. sumbrec; umuneg,ilocano,
e,entertain,v. sanguen; liwliwaen,ilocano,
e,entertainment,n. pagliwliwaan,ilocano,
e,enthusiasm,"n. ragsac, ayat, panangipateg",ilocano,
e,entice,v. awisen,ilocano,
e,entire,"adj. isu amin, sapasap",ilocano,
e,entitle,"v. addaan calintengan, panagtagicua; itden ti gudaway",ilocano,
e,entrance,"n. sercan, pagnaan",ilocano,
e,entreat,"v. makisarita, makicacaasi",ilocano,
e,entreaty,n. panagpacpacaasi,ilocano,
e,entry,n. ruangan; pagsercan,ilocano,
e,entwine,"v. cuniconen, ipultipol",ilocano,
e,enumeration,"n. panagbibilang, pananginagan",ilocano,
e,envelop,v. bungonen,ilocano,
e,envelope,n. sobre,ilocano,
e,envious,"adj. naapal, naagum",ilocano,
e,environment,n. adda iti lawlaw,ilocano,
e,envy,"n. apal, imon",ilocano,
e,epic,"n. maysa a daniw, attiddog a daniw",ilocano,
e,epidemic,"n. agsacnap a sakit, angol",ilocano,
e,epidermis,n. cudil,ilocano,
e,episode,"n. paset, capitulo",ilocano,
e,equal,"n. capada, catulad",ilocano,
e,equivalent,"n. catulad, caparis, capada",ilocano,
e,erase,"v. punasan, iccaten, pugasen",ilocano,
e,eraser,"n. pagdalus, pagbura",ilocano,
e,erasure,"n. panmacadalus, pannacapunas",ilocano,
e,erect,"v. pannacaipatacder, lintegen",ilocano,
e,err,v. agbasol; agbiddut,ilocano,
e,errand,n. bilen mensaje,ilocano,
e,error,n. riro; biddut,ilocano,
e,escape,"n. agtalaw, aglibas",ilocano,
e,escort,"n. bayabay, guardia, cadua",ilocano,
e,essence,"n. banglo, nag-uneg",ilocano,
e,essential,"adj. napatoeg, masapul",ilocano,
e,establish,v. mangipatacder,ilocano,
e,estate,"n. daga, cucua, panagtagicua",ilocano,
e,esteem,"n. panagdayaw, panagraem; pattapatta",ilocano,
e,esteem,v. pateg; gatadan iti nangato,ilocano,
e,estimate,"n. pugto, pattapattaen",ilocano,
e,estimate,"v. pugtuan, adalen",ilocano,
e,eternal,adj. agnanayon,ilocano,positive
e,etiquette,n. pagbatayan iti tignay iti gimong,ilocano,
e,evaporation,n. panagmaga,ilocano,
e,even,"adj. agpapada, agpagisu",ilocano,
e,evening,"n. rabii, sumipnget",ilocano,
e,event,"n. maaramid, pasamac",ilocano,
e,ever,"adv. agnanayon, uray caano man, uray ania a canito",ilocano,
e,everlasting,"adj. awan patinggana, agnanayon",ilocano,
e,every,adj. tunggal maysa,ilocano,
e,everybody,"pron. tunggal tao, tunggal maysa",ilocano,
e,everything,"n. amin a banag, tunggal maysa a banag",ilocano,
e,everywhere,"adv. sadino man, amin a disso",ilocano,
e,eviction,"n. panangpatalaw, panangpaalis",ilocano,
e,evidence,n. pammanecnec,ilocano,
e,evident,"adj. nalawag, nalitnaw",ilocano,
e,evil,"n. diablo, dakes, naranggas",ilocano,
e,evince,"v. ipacaamo, ipadlaw",ilocano,
e,evolution,n. panagbaliw ti casasaad,ilocano,
e,evryone,"pron. tunggal maysa, isu amin",ilocano,
e,exact,"adj. awan curangna, apag-isu",ilocano,
e,exacting,"adj. managsapul, nainget",ilocano,
e,exaggerate,"v. padackelen, pasawe",ilocano,
e,exaltation,"n. panangingato, panagdayaw",ilocano,
e,examination,"n. examen, subok, pangsubucan iti laing",ilocano,
e,examine,"v. subuken, suoten",ilocano,
e,examiner,"n. mangkita, mangsuboc",ilocano,
e,example,"n. tuladen, pagwadan",ilocano,
e,exasperating,adj. nacasursuron,ilocano,
e,exceed,"v. labes, labsan",ilocano,
e,exceedingly,"adv. nalabes, adunay",ilocano,
e,excel,"v. abaken, atiwen",ilocano,
e,excellent,"adj. nalaing, nasayaat",ilocano,
e,except,prep. malacsid,ilocano,
e,exception,"n. malacsid, pannacalacsid",ilocano,
e,excess,n. suroc,ilocano,
e,excessive,adj. nasursuroc,ilocano,
e,exchange,"v. isucat, panangsucat",ilocano,
e,excite,"v. kigtoten, riribuken, sairen",ilocano,
e,excitement,"n. pannacakigtot, maclaat",ilocano,
e,exclaim,v. panagariwawa,ilocano,
e,exclusive,adj. naipamaysa,ilocano,
e,excuse,"n. parbeng, pambar",ilocano,
e,excuse,"v. agparbeng, pacawanen",ilocano,
e,executive,"v. pngulo, mangiturong",ilocano,
e,exercise,n. panagwatwat,ilocano,
e,exercise,v. watwaten,ilocano,
e,exhaust,"v. ibusen, pagcapsuten",ilocano,
e,exhibit,"n. panangipakita, panagipabuya",ilocano,
e,exist,v. agbiag,ilocano,
e,existence,"n. panagbiag, caadda",ilocano,
e,exit,"n. ruaran, ridaw, pagruaran",ilocano,
e,exodus,"n. iyaadyo, panagruar",ilocano,
e,exonerate,"v. lawlawagan, pacawanen",ilocano,
e,expand,"v. padackelen, palawaen",ilocano,
e,expatriate,v. papanawen iti maysa nga ili,ilocano,
e,expect,"v. urayen, namnamaen",ilocano,
e,expectation,"n. segga, namnama",ilocano,
e,expedition,n. panagbaniaga,ilocano,
e,expense,n. panagbusbos,ilocano,
e,expensive,"v. nangina, napateg",ilocano,
e,experience,"n. padas, napadasan",ilocano,
e,experiment,n. panagpadas,ilocano,
e,expert,"adj. nalaing, experto",ilocano,
e,expiration,"v. ipapatay, pannacapugsat, gibus",ilocano,
e,expire,"v. matay, aggibus, agpusat",ilocano,
e,explain,v. ipalawag,ilocano,
e,explode,v. agbettac,ilocano,
e,exploit,v. aramaten iti pagimbagan,ilocano,
e,explore,"v. sukisoken, tan-awan",ilocano,
e,export,n. laco iti sabali a pagilian,ilocano,
e,export,v. ilaco iti sabali a daga,ilocano,
e,expose,"v. iwarnac, ibilag, ipacaammo",ilocano,
e,express,"n. express, napartac a viaje",ilocano,
e,expressive,"adj. managsarita, mannarita",ilocano,
e,extend,"v. yatiddog, ited",ilocano,
e,extent,"n. cantiddog, calawa",ilocano,
e,extinguish,"v. patayen, iddepen, puyotan",ilocano,
e,extort,v. butngen tapno maala ti cuarta,ilocano,
e,extra,n. suroc,ilocano,
e,extract,"v. iccaten, leccaben",ilocano,
e,extraordinary,"adj. manmano, nacascasdaaw",ilocano,
e,extravagant,adj. barayoboy,ilocano,
e,extreme,"n. murdong, igid, udi",ilocano,
e,extricate,"v. iruar, ucsuten",ilocano,
e,eye,n. mata,ilocano,
e,eyeball,n. bola-bola ti mata,ilocano,
e,eyebrow,n. kiday,ilocano,
e,eyelash,n. curimatmat,ilocano,
e,eyelid,n. calub ti mata,ilocano,
e,eyewitness,"n. sacsi, nacakita leccion",ilocano,
f,fable,n. parbo a sarita a macaisuro iti leccion,ilocano,
f,fabric,"n. lupot, abel",ilocano,
f,fabrication,"n. panagaramid, pinarpartuat",ilocano,
f,facade,n. akinsango a paset ti patacder,ilocano,
f,face,"v. sanguen, sumango",ilocano,
f,facility,"n. kinalaca, kinasayud",ilocano,
f,facsimile,"n. copia, capada",ilocano,
f,fact,n. ti puduo,ilocano,
f,factory,"n. fabrica, pagpartuatan",ilocano,
f,faculty,"n. mamaestro, dagiti agisursuro",ilocano,
f,fade,v. agpucaw,ilocano,
f,fail,"v. matnag, saan a natungpal",ilocano,
f,failure,"n. pannacatnag, pannacaabac",ilocano,
f,faint,"adj. nacapuy, nacudrep",ilocano,
f,faint,"v. nacapuy, nacapsut, maawanan iti puot",ilocano,
f,fair,"adj. napintas maicaayo-ayo, rumbeng",ilocano,
f,fairy,n. encantado,ilocano,
f,fairyland,n. taeng wenno lubong dagiti encantado,ilocano,
f,faith,"n. talec, pammuti",ilocano,
f,faithful,"adj. napudno, nasingpet",ilocano,
f,fake,"n. saan a pudno, tinultulad",ilocano,
f,falicitate,"v. cablaawen, rucban",ilocano,
f,fall,"n. pannacaregreg, pannacattuang",ilocano,
f,fall,"v. maregreg, matinnag",ilocano,
f,false,"adj. saan a pudno, saan nga gpayso, naulbod",ilocano,
f,fame,"n. dayaw, nasayaat a pacasaritaan",ilocano,
f,familiar,"adj. naisigud, nacairuaman",ilocano,
f,family,"n. familia, caman",ilocano,
f,famine,"n. rigat, bisin",ilocano,
f,famous,"adj. nadayaw, maingel, madaydayaw",ilocano,
f,fan,"n. paypay, abanico",ilocano,
f,fan,n. paypayan,ilocano,
f,fanatical,adj. mamati la unay,ilocano,
f,fancy,"n. arapaap, darepdep",ilocano,
f,fanfare,n. rambac a nalabes,ilocano,
f,fantastic,"adj. casla di agpayso, saan a nacappapati",ilocano,
f,far,adj. adayo,ilocano,
f,farce,n. pabuya a macapacatawa,ilocano,
f,fare,"n. pagbayad, bayad ti panaglugan",ilocano,
f,farewell,n. pacada,ilocano,
f,farm,"n. lapog, talon",ilocano,
f,farmer,n. mannalon,ilocano,
f,farther,adv. ad-adayo,ilocano,
f,fascination,"n. pannacaawis, pannacaliwliwa",ilocano,
f,fashion,"n. moda, tabas",ilocano,
f,fast,n. saan a pannangan,ilocano,
f,fast,"v. napartac, napardas",ilocano,
f,fasten,"v. igalot, itali",ilocano,
f,fat,adj. nalucmeg,ilocano,
f,fatal,adj. nacaal-alingget,ilocano,
f,fate,n. gasat,ilocano,
f,father,"n. ama, tatang, tata",ilocano,
f,father-in-law,n. catugangan (a lalaki),ilocano,
f,fault,"n. basol, biddut",ilocano,
f,faulty,"adj. managdakes, nariro",ilocano,
f,favor,"n. ayat, asi",ilocano,
f,favor,"v. ayaten, ayonan",ilocano,
f,favorable,"adj. maibagay, nasayaat, nacaayayo",ilocano,
f,favorite,"n. patpatgen, idaddaduma",ilocano,
f,fear,"v. buteng, amac",ilocano,
f,fearful,"adj. nacabutbuteng, nacaam-amac",ilocano,
f,feasibility,n. pannacabalin,ilocano,
f,feast,n. padaya,ilocano,
f,feat,n. cabaelan,ilocano,
f,feather,n. dutdot,ilocano,
f,feathey,"adj. nadutdot, nalamuyot",ilocano,
f,feature,"n. kita, ladawan, paset",ilocano,
f,february,n. Febrero,ilocano,
f,fee,n. bayad,ilocano,
f,feeble,"adj. nacapsut, nacuttong",ilocano,
f,feed,"v. pacanen, duolan",ilocano,
f,feel,v. ricnaen,ilocano,
f,feeling,n. ricna,ilocano,
f,feet,n. sacsaca,ilocano,
f,feign,"v. agpamhan, parbo a pamarang",ilocano,
f,felonious,"adj. managdacdakes, macappatay, nagulib",ilocano,
f,felt,v. naricna,ilocano,
f,female,n. babai,ilocano,
f,fence,"n. alad, beddeng",ilocano,
f,fend,"v. lisian, liclican, sarapaen",ilocano,
f,fern,n. paco,ilocano,
f,ferocious,"adj. naunget, nauyong",ilocano,
f,ferret,"v. biruken, tapno yalis",ilocano,
f,ferry,"n. lugan a mangiballasiw, balsa",ilocano,
f,fertile,"adj. nataba, nasayaat a daga",ilocano,
f,fertilize,"v. patabaen, pasayaaten",ilocano,
f,fervent,"adj. narasuc, nagaed",ilocano,
f,festivity,"n. alaen, bunagen",ilocano,
f,fetch,"v. panangsapul, alaen",ilocano,
f,fete,v. irubbuat,ilocano,
f,fetid,"adj. nabungsot, naangut",ilocano,
f,fetish,"n. anting-anting, laing",ilocano,
f,fever,n. gurigor,ilocano,
f,feverish,"adj. napudot, addaan gurigor",ilocano,
f,few,adj. bassit,ilocano,
f,fickle,adj. nalupoy,ilocano,
f,fiction,n. sarita a saan a pudno,ilocano,
f,fiddle,n. gitarra,ilocano,
f,fidelity,n. panagtalec,ilocano,
f,fidgety,"adj. mabutbuteng, nervioso",ilocano,
f,field,"n. tay-ac, taltalon",ilocano,
f,fiendish,"adj. casla sairo, nacabutbuteng",ilocano,
f,fierce,adj. narungsot,ilocano,
f,fifteenth,adj. maicasangapulo ket lima,ilocano,
f,fifth,adj. maicalima,ilocano,
f,fifth-column,"n. espia, agsisilim",ilocano,
f,fifty,n. lima pulo,ilocano,
f,fig,n. maysa a kita ti cayo,ilocano,
f,fight,"n. apa, dangadang, ranget",ilocano,
f,figurative,adj. pangngarig,ilocano,
f,figure,"n. bilang, kita, ladawan",ilocano,
f,figurehead,n. sinan-tao,ilocano,
f,file,"n. salansan, garugad",ilocano,
f,file,"v. urnos, urnosen",ilocano,
f,filibuster,"n. mangraut, manglapped",ilocano,
f,fill,n. punnuen,ilocano,
f,film,n. pelicula,ilocano,
f,filth,n. rugit,ilocano,
f,filtrate,v. yacayaken,ilocano,
f,finacier,"n. capitalista, agigiggem ti pirac, mangibusbos",ilocano,
f,final,"adv. ti camaudian, ti maudi",ilocano,
f,finance,"n. pirac, pagpastrecan, iti sanicua",ilocano,
f,find,"v. sapulen, biruken",ilocano,
f,fine,"adj. nasayaat, nafino",ilocano,
f,finger,n. ramay,ilocano,
f,finger wave,n. culot babaen ti ima,ilocano,
f,fingerprints,n. lemma dagiti ramay,ilocano,
f,finish,"adj. panaacalpas, camaudlanan",ilocano,
f,finish,"v. leppasen, gibusan",ilocano,
f,fire,"n. pudot, apuy",ilocano,
f,firebrand,"n. beggang, aluten",ilocano,
f,fireman,n. bombero,ilocano,
f,firewood,"n. sungrod, cayo",ilocano,
f,fireworks,n. pannacasindi ti cultis,ilocano,
f,firm,"adj. natibker, natangken",ilocano,
f,firmness,"n. catikber, catangken",ilocano,
f,first,"adj. immuna, umuna",ilocano,
f,fish,v. panagcalap,ilocano,
f,fisherman,n. mangngalap,ilocano,
f,fishery,"n. pagcalapan, pagtaracaan iti ican",ilocano,
f,fist,n. gemgem,ilocano,
f,fistic,adj. maipapan iti gemgem,ilocano,
f,fit,adj. rumbeng,ilocano,
f,fittings,"n. pannaca-urnos, arcos",ilocano,
f,five,n. lima,ilocano,
f,fix,v. tarimaanen,ilocano,
f,fixture,"n. casapulan, sab-it",ilocano,
f,fizzle,v. agpucaw,ilocano,
f,flabby,"adj. nacapuy, nacapsut",ilocano,
f,flag,"n. bandera, wagayway",ilocano,
f,flame,"n. apuy, gil-ayab",ilocano,
f,flaming,"adj. gumilgil-ayab, maur-uram",ilocano,
f,flap,n. agsawasaw a paset ti accub,ilocano,
f,flare,"n. silnag, raniag",ilocano,
f,flash,"n. silap, silaw, pananggilap",ilocano,
f,flashy,"adj. napartec, apag-canito",ilocano,
f,flat,adj. nasimpa,ilocano,
f,flatter,v. nalabes a panangidayaw,ilocano,
f,flea,n. timel,ilocano,
f,flee,"v. pumanaw, agtaray",ilocano,
f,fleece,"v. ussoban, rabsuten ti sanicuana",ilocano,
f,fleet,adj. napartac,ilocano,
f,fleeting,"adj. apagcanito, apag-biit",ilocano,
f,flesh,n. lasag,ilocano,
f,flickering,"adj. agandaandap, agcudrep-cudrep, agpapatay",ilocano,
f,flight,n. panagtayab,ilocano,
f,flighty,adj. managbaliw nacuti,ilocano,
f,flimsy,"adj. narucop, naingpis",ilocano,
f,fling,"v. ibato, ibelleng",ilocano,
f,flippant,"adj. nagaraw, garampang",ilocano,
f,float,"n. carro, balsa",ilocano,
f,float,"v. lumtaw, tumpaw",ilocano,
f,flock,"n. taripnong, pangen, timpuyog",ilocano,
f,flock,"v. agtipon, tipon, agu-urnong",ilocano,
f,flood,n. lay&&&,ilocano,
f,flooded,v. nalayus,ilocano,
f,floor,"n. datar, cadsaaran",ilocano,
f,flora,n. minuyongan ti ili&&&sabong,ilocano,
f,florid,"adj. nasabong, nasileng, nalasbang",ilocano,
f,florist,n. aglaco iti sabong,ilocano,
f,flour,"n. billaay, harina",ilocano,
f,flourish,"v. umadu, aglanto",ilocano,
f,flow,V. agayus,ilocano,
f,flower,n. sabong,ilocano,
f,flowering,n. agsabsabong,ilocano,
f,fluctuate,"v. paggarawen, agbinnabinnat, agbaliw",ilocano,
f,fluent,"adj. nalaing, natarabit, nasayud",ilocano,
f,fluid,"n. ania man nga agayus cas ti danum, lana, etc.",ilocano,
f,flush,v. agpayacpac,ilocano,
f,flutter,v. agpayacpac,ilocano,
f,fly,n. agilaw,ilocano,
f,fly-leaf,n. umuna a binulong ti libro,ilocano,
f,foam,n. burec,ilocano,
f,foam,v. munurec,ilocano,
f,foe,"adj. canusor, calaban",ilocano,
f,fog,n. angep,ilocano,
f,foggy,"adj. naangep, naulep",ilocano,
f,foil,"v. atipaen, paayen",ilocano,
f,fold,"n. masacup, sacup",ilocano,
f,fold,"v. cupinen, iculpi",ilocano,
f,foliage,n. bulbulong,ilocano,
f,folks,"n. tattao, dagiti caman",ilocano,
f,follower,"n. pasurot, adipen",ilocano,
f,following,adj. sumursurot,ilocano,
f,folly,"n. biddut, kinaalicuteg",ilocano,
f,fond,"adj. naayat, nadungngo",ilocano,
f,fondle,v. iggaman a silalailo,ilocano,
f,fondness,"n. pannacairuam, panangipateg",ilocano,
f,food,"n. canen, tarson",ilocano,
f,fool,n. maag,ilocano,
f,foot-loose,"adj. saan a naigalut, nacaragut, bulos",ilocano,
f,footlights,"n. entablado, pagbuyaan",ilocano,
f,footsteps,n. tugot,ilocano,
f,for,"prep. maipanggep, agpaay",ilocano,
f,forbearance,n. anus,ilocano,
f,forbid,v. iparit,ilocano,
f,forbidden,adj. maiparit,ilocano,
f,force,"n. pigsa, pilit",ilocano,
f,force,v. piliten,ilocano,
f,fore,"n. umuna, sango",ilocano,
f,forearm,v. umuna nga igaman,ilocano,
f,foreboding,n partaan ti peggad,ilocano,
f,forego,"v. ibbatan, baybay-an, unnaan",ilocano,
f,foregone,adj. immuna a natingiting,ilocano,
f,forehead,n. muging,ilocano,
f,foreign,"adj. gangannaet, taga sabali a daga",ilocano,
f,foreigner,n. gangannaet,ilocano,
f,foreman,n. capataz,ilocano,
f,foremost,"adj. immuna, umuna",ilocano,
f,forenoon,n. sacbay ti agmatuon,ilocano,
f,forest,"n. bakir, cacayuan",ilocano,
f,forfeit,"v. pucawen, ibbatan",ilocano,
f,forge,"v. pandayen, tuladen",ilocano,
f,forger,n. mannulad,ilocano,
f,forget,v. lipaten,ilocano,
f,forgetful,adj. managlipat,ilocano,
f,forgive,v. pacawanen,ilocano,
f,forgiveness,adj. nalipatan,ilocano,
f,forgiveness,n. pammacawan,ilocano,
f,fork,n. tinedor,ilocano,
f,forlorn,"adj. naliday, awanan namnama",ilocano,
f,form,"n. langa, ladawan",ilocano,
f,formal,adj. nadayaw,ilocano,
f,former,adj. ti immuna,ilocano,
f,formerly,adj. immun-una,ilocano,
f,forsake,"v. lipaten, baybay-an",ilocano,
f,fort,"n. forte, garison, cuartel, nasalacaiban a disso",ilocano,
f,forth,"adv. iti rabaw, siruruar, tit imatang",ilocano,
f,forthcoming,adj. sumungad,ilocano,
f,fortnight,n. dua a lawas,ilocano,
f,fortunate,adj. nagasat,ilocano,
f,fortune,n. kinabucnang gasat,ilocano,
f,forty,n. upat a pulo,ilocano,
f,forward,"adj. ipawit, iti masangguasan",ilocano,
f,foul,"adj. dakes, naangot, sasa arumbeng nga aramid",ilocano,
f,foundation,"n. adigi, pagbatayan, pangrugyan",ilocano,
f,founder,n. nangipatacder,ilocano,
f,fountain,"n. ubbog, burayoc",ilocano,
f,four,n. uppat,ilocano,
f,four o'clock,n. alas cuatro,ilocano,
f,foursome,n. uppatan,ilocano,
f,fourteen,n. sa ngapulo ket uppat,ilocano,
f,fourteenth,adj. maica-sangapulo ket uppat,ilocano,
f,fowl,"n. billit, manoc",ilocano,
f,fox,n. casla aso nga animal,ilocano,
f,foxy,"adj. managsuitic, manangallilaw",ilocano,
f,fraction,"n. pirgis, rissic, paset",ilocano,
f,fragile,"adj. nalaca a mabuong, narasi",ilocano,
f,fragrant,"adj. nabanglo, naayamu-om",ilocano,
f,frail,adj. narucop,ilocano,
f,frame,"n. paragpag, cuadro, balabala",ilocano,
f,frank,adj. nabatad,ilocano,
f,frankness,n. kinabatad,ilocano,
f,fraternity,n. gimong,ilocano,
f,fraud,n. panagcusit,ilocano,
f,fraught,adj. napno,ilocano,
f,free,"adj. aywaywaya, saan a bayadan",ilocano,
f,freedom,n. waywaya,ilocano,
f,freeze,"v. tumangken, lumami-is, agbalin a hielo",ilocano,
f,freight,"n. carga, bayad ti cargamento",ilocano,
f,frenzy,"n. panagmauyong, pannacasair a nalabes, pannacasinga",ilocano,
f,frequent,adj. masangan,ilocano,
f,fresh,"adj. sadiwa, nalasbang",ilocano,
f,fret,"n. agsennaay, gapu iti bannog wenno rigat",ilocano,
f,friday,n. Viernes,ilocano,
f,frog,n. tucac,ilocano,
f,frolic,"n. ay-ay-ayam, rambac",ilocano,
f,frolicsome,"adj. mannaki-ayayam, naayat",ilocano,
f,from,"prep. nagtaud, naggapu",ilocano,
f,front,"n. sango, sanguanan",ilocano,
f,frost,"n. lamec, lami-is",ilocano,
f,froth,"n. labutab, burec",ilocano,
f,frown,v. agrupanget,ilocano,
f,frozen,"v. timmangken, nalamiisan",ilocano,
f,frugality,n. kinasalimetmet,ilocano,
f,fruit,"n. bunga, bunga ti cayo",ilocano,
f,fruitful,adj. nabunga,ilocano,
f,frustrate,v. atipaen,ilocano,
f,fry,n. ifrito,ilocano,
f,fuel,"n. pagsungrod, pagaron",ilocano,
f,fulfill,"v. aramiden, tungpalen",ilocano,
f,fulfillment,"n. pannacatungpal, pannacaaramid",ilocano,
f,full,"adj. napnec, napno",ilocano,
f,fully,adv. sipupunno,ilocano,
f,fun,"n. ragragsac, rabac, angaw",ilocano,
f,fund,n. naurnong a pirac,ilocano,
f,funeral,"n. pumpon, pannacaipumpon",ilocano,
f,fungus,n. buot,ilocano,
f,funnel,n. imbudo,ilocano,
f,funny,adj. nacacatcatawa,ilocano,
f,fur,n. dutdot ti ayup,ilocano,
f,furious,"adj. naunget, naringgor",ilocano,
f,furlough,n. vacacion,ilocano,
f,furnish,"v. itden, iccan",ilocano,
f,furnishings,"n. dagiti maararamat, alicamen",ilocano,
f,furniture,"n. alicamen, muebles",ilocano,
f,further,"adj. diay adayo, ad-adayo, maysa pay, isuray",ilocano,
f,furtherance,n. panangituloy,ilocano,
f,furtive,"adj. nacalemmeng, salimed, nalliban",ilocano,
f,fury,"n. pungtot, rungsot",ilocano,
f,fusillade,n. agsasaruno a panagpaltug,ilocano,
f,fusion,"n. panagmaymaysa, panaglaoc",ilocano,
f,futile,adj. awan ti maayna,ilocano,
f,future,"n. ti sumangbay, masanguanan",ilocano,
g,gain,"n. gunggonna, gunod, iac-am",ilocano,
g,gain,"v. gun-oden, gunggonaen",ilocano,
g,gale,n. allawig,ilocano,
g,gall,"n. pait, apro",ilocano,
g,gallant,"adj. natured, natacneng",ilocano,
g,gallery,"n. pagbuyaan, pagipabuyaan, gallera",ilocano,
g,gallon,"n. galon, 4.2 a litro",ilocano,
g,gallop,"n. pataray, nataray a panaglagto",ilocano,
g,game,"n. ayayam, panaganup",ilocano,
g,gander,n. ganso a lalaki,ilocano,
g,gangplank,"n. rangtay, talaytayan",ilocano,
g,gangrene,"n. letteg, panagrupsa ti cudil",ilocano,
g,gape,"v. agnganga, agmulmulengleng",ilocano,
g,garage,"n. garaje, pagyanan ti lugan",ilocano,
g,garb,n. aru-aten,ilocano,
g,garbage,"n. rugit, ruot",ilocano,
g,garden,"n. minuyogan, jardin",ilocano,
g,gardener,n. agtartaraken cadagiti mulmula,ilocano,
g,gardenia,n. rosal,ilocano,
g,gargle,n. mulumog,ilocano,
g,garland,"n. cuentas a sabsabong, naubon a sabsabong",ilocano,
g,garlic,n. bawang,ilocano,
g,garment,"n. luplupot, aruaten, cawes",ilocano,
g,garter,n. lastico,ilocano,
g,gas,"n. gas, petroleo",ilocano,
g,gash,"n. iwa, sugat",ilocano,
g,gasp,v. agal-al,ilocano,
g,gasping,v. agal-al-al,ilocano,
g,gate,n. ruangan,ilocano,
g,gather,"v. agurnong, urnongen, burasen",ilocano,
g,gathering,"n. tiponan, panagurnong, urnong",ilocano,
g,gaudy,"adj. napasindayaw, narangrang",ilocano,
g,gaunt,"adj. narapis, nacuttong",ilocano,
g,gay,"adj. naragsac, naayat",ilocano,
g,gaze,v. kitaen buysen,ilocano,
g,gazing,"v. tumaltanlaw, cumitkita",ilocano,
g,gem,n. gameng,ilocano,
g,general,"n. general, sapasap, cadawyan",ilocano,
g,generate,"v. patauden, patanoren, panagadu",ilocano,
g,generation,n. caputotan,ilocano,
g,generous,"adj. naasi, natan-oc, nawadwad",ilocano,
g,genial,"adj. naragsac, sidadayaw a makisango",ilocano,
g,genius,n. masirib,ilocano,
g,gentle,"adj. natalna, naayat, nalanay",ilocano,
g,gentleman,"n. addan dayaw, lalaki a nadayaw",ilocano,
g,gently,adv. siinayad,ilocano,
g,genuine,adj. napudno,ilocano,
g,geography,"n. geografia, adal maipanggep ti casasaad ken disso dagiti dagdaga",ilocano,
g,germ,n. cagaw,ilocano,
g,germicide,n. pagpatay cadagiti microbio,ilocano,
g,germinate,"v. panagtubo, agtubo",ilocano,
g,get,v. alaen,ilocano,
g,ghastly,adj. nacabutbuteng,ilocano,
g,ghost,n. al-alia,ilocano,
g,giant,"n. gigante, dackel a tao",ilocano,
g,gibberish,adj. napardas ken di maawatan a panagsao,ilocano,
g,gift,"n. sagut, ipaay",ilocano,
g,giggle,n. catawa,ilocano,
g,gill,n. asang,ilocano,
g,ginger,n. laya,ilocano,
g,girdle,"n. barikes, reppet",ilocano,
g,girl,"n. babai, novia, caayanayat",ilocano,
g,gist,"n. anag, dagup",ilocano,positive
g,give,"v. ited, ipaay",ilocano,
g,glad,adj. natutuwa,ilocano,
g,gladness,"n. ragsac, ayat, rambac",ilocano,
g,glamour,"n. pintas, libnos",ilocano,
g,glance,"n. panagkita, sirip",ilocano,
g,glare,"n. lawag, silaw, ipeperreng",ilocano,
g,glaring,"adj. macaited, lawag, sigagangat, macasisirap",ilocano,
g,glass,"n. vaso, sarming",ilocano,
g,gleam,"n. silaw, raniag",ilocano,
g,glee,n. ragsac,ilocano,
g,glib,adj. natagari,ilocano,
g,glide,v. aguyas,ilocano,
g,glimpse,"v. kitaen, buyaen",ilocano,
g,glimpse,"v. panangkita, sirip",ilocano,
g,glitter,"n. silap, sileng",ilocano,
g,gloom,n. sipnget,ilocano,
g,glorious,"adj. nagloriaan, nangayed, natan-oc",ilocano,
g,glory,"n. gloria, tan-oc, dayaw",ilocano,
g,glow,"n. apuy, gil-ayab, lawag",ilocano,
g,glowing,"adj. umap-apuy, gumilgikayab",ilocano,
g,glue,"n. pigket, cula",ilocano,
g,glutton,"n. arsaab, rawet, bucatot",ilocano,
g,go,"v. pumanaw, mapan",ilocano,
g,goat,n. calding,ilocano,
g,god,n. Dios,ilocano,
g,goddess,n. diosa,ilocano,
g,godly,adj. nadiosan,ilocano,
g,godmother,n. ina iti buniag,ilocano,
g,gold,n. balitoc,ilocano,
g,golden,"adj. casla-balitoc, nabalitocan",ilocano,
g,goldsmith,n. platero,ilocano,
g,good,"adj. nasayaat, rumbeng",ilocano,
g,good-bye,n. pacada,ilocano,
g,goodness,"n. sayaat, ayat",ilocano,
g,goodwill,n. nasayaat a pamakilangen,ilocano,
g,goose,n. ganso,ilocano,
g,gore,"v. suaten, abutan",ilocano,
g,gorgeous,"adj. napintas, nasayaat",ilocano,
g,gormand,"n. rawet, nalaing a mangan, bucatot",ilocano,
g,gospel,"n. evangelio, libro maipapan iti cabibiag ni Cristo",ilocano,
g,gossip,"n. pagsasaritaan, pagtungtongan sayanggguseng",ilocano,
g,gossiper,"n. mannanao, siasino man nga agiracurac iti awan mamaayna a damag",ilocano,
g,govern,"v. agturay, iturayan",ilocano,
g,government,"n. gobernador, pangulo ti provincia",ilocano,
g,gown,"n. bado - pagturog, bado",ilocano,
g,grab,"v. iggem, naagaw",ilocano,
g,grace,"n. nalamuyot a gunta, cararag, ayat",ilocano,
g,graceful,adj. napintas ken nasayud,ilocano,
g,gracious,adj. naayat,ilocano,
g,grade,"n. grado, tucad, kita",ilocano,
g,gradual,"adj. saggabassit, mangin-inut",ilocano,
g,graduate,n. siasino man a nagturpos iti colegio wenno universidad,ilocano,
g,grain,n. bukel,ilocano,
g,grammar,n. gramatica,ilocano,
g,grand,adj. dackel,ilocano,
g,grandeur,"n. kinadackel, kinangayed nga sayaat",ilocano,
g,grandfather,"n. apo, lacay, lolo, lelong",ilocano,
g,grandmother,"n. apo a baket, lola, lelang",ilocano,
g,grandson,n. apo-co,ilocano,
g,grant,"n. sagut, naipaay",ilocano,
g,grape,n. uvas,ilocano,
g,grasp,"v. iggaman, petpetan",ilocano,
g,grass,n. ruruot,ilocano,
g,grasshopper,n. dudon,ilocano,
g,grassy,adj. naruot,ilocano,
g,grateful,adj. agyaman,ilocano,
g,grater,n. pagigadan,ilocano,
g,gratis,"n. awan bayad, libre, gratis",ilocano,positive
g,gratitude,n. yaman,ilocano,
g,grave,"adj. nadagsen, nariget",ilocano,
g,grave,"n. tanem, pacaipumponan, taeng dagiti natay",ilocano,
g,gravity,"n. pigsa, dagsen, pigsa a manggayud",ilocano,
g,gray,adj. maris ti dapo,ilocano,
g,graze,v. agarab,ilocano,
g,grease,n. debo,ilocano,
g,greasy,"adj. nagalis, nasileng",ilocano,
g,great,"adj. nalaing, maingel, dackel",ilocano,
g,greatness,n. kinamaingel,ilocano,
g,greedy,"adj. narawet, naagum",ilocano,
g,green,"adj. verde, nalangto",ilocano,
g,greet,"v. dayawen, cablaawan",ilocano,
g,greeting,"n. panagadayaw, cablaaw",ilocano,
g,grief,"n. rigat, panagladingit",ilocano,
g,grieve,"v. agliday, agladingit",ilocano,
g,grill,v. usigen a nalaing ituno,ilocano,
g,grin,n. isen,ilocano,
g,grind,"v. gilingen, tumeken",ilocano,
g,grinder,n. gilingan,ilocano,
g,grinning,v. umisisem,ilocano,
g,groan,"n. asug, unnoy",ilocano,
g,groggy,"adj. pannabartec, maulaw",ilocano,
g,gross,"adj. dadackel, napuscol, saan a nafino",ilocano,
g,ground,n. daga,ilocano,
g,group,"n. taripnong, pangen",ilocano,
g,grove,n. cacaycaywan,ilocano,
g,grow,"v. agtubo, dumackel",ilocano,
g,growth,"n. panagtubo, idadackel",ilocano,
g,guarantee,v. patalgedan,ilocano,
g,guard,"n. agbambantay, guardia",ilocano,
g,guess,n. pugto,ilocano,
g,guest,n. sangaili,ilocano,
g,guide,"n. bayabay, cadua",ilocano,
g,guild,n. timpuyog,ilocano,
g,guile,"n. panangalilaw, panangawis, panangayayo",ilocano,
g,guilt,n. basol,ilocano,
g,guise,"n. mascara, iparangarang a langa",ilocano,
g,guitar,"n. guitarra, cutibeng",ilocano,
g,gullible,adj. nalaca a maallilaw,ilocano,
g,gun,"n. paltog, igam",ilocano,
g,gush,"n. tedted, burayoc",ilocano,
g,gust,n. pul-oy,ilocano,
g,gutter,"n. sayongan, canal",ilocano,
h,habit,"n. uglai, cadawyan",ilocano,negative
h,habitable,adj. mabalin a pagtaengan,ilocano,
h,habitual,adj. naipacadawyan,ilocano,
h,had,v. icutan,ilocano,
h,hag,"n. manggagamud, naalas a baket",ilocano,
h,haggard,"adj. nacuttong, nabesag",ilocano,
h,hail,"n. cablaaw, panangdayaw, natukel a hielo nga agtaud iti ulep",ilocano,
h,hair,n. ,ilocano,
h,hairdresser,"n. agculculot, mangurnos iti buoc",ilocano,
h,hairpin,n. ipit ti buoc,ilocano,
h,hale,"adj. nabaneg, nasalun-at",ilocano,
h,half-breed,n. mestizo,ilocano,
h,half-hearted,"adj. saan a naimpusuan, saan a naregget",ilocano,
h,half-past,adj. nalabes a cagudua,ilocano,
h,half-wit,"n. agmauyong, maag",ilocano,
h,hall,"n. salas, nalaw a siled",ilocano,
h,halt,n. agsardeng,ilocano,
h,ham,hamon,ilocano,
h,hammer,"v. martillo, pang-or",ilocano,
h,hammock,"n. indayon, duyan",ilocano,
h,hand,n. ima,ilocano,
h,hand,"v. ited, yawat",ilocano,
h,handful,adj. sangarakem,ilocano,
h,handkerchief,"n. paño, pañolito",ilocano,
h,handmade,adj. inaramid ti ima,ilocano,
h,handsome,"adj. nataer, nataraki",ilocano,
h,handwriting,n. surat ti ima,ilocano,
h,handy,"adj. sangcaawit, nalaca nga ingaaman",ilocano,
h,hanger,n. sabitan,ilocano,
h,hangings,"n. balaybay, bitin",ilocano,
h,hapless,"adj. awanan gasat, naldaang",ilocano,
h,happenings,"n. maar-aramid, paspasamac",ilocano,
h,happily,adj. naragsac,ilocano,
h,harbor,"n. camangan, pagsangladan dagiti sasacayan, puerto",ilocano,
h,hard,"adj. maringat, natangken",ilocano,
h,hard-up,adj. marigatan,ilocano,
h,harden,v. patangkenen,ilocano,
h,hardly,adv. siririgat,ilocano,
h,hardship,"n. panagrigat, panagtuoc",ilocano,
h,hardware,n. ramramit a landoc,ilocano,
h,hark,"v. dumngeg, timuden, allinagagen",ilocano,
h,harm,n. dangran,ilocano,
h,harmony,"n. panagtunos, panagkinawatan",ilocano,
h,harness,"n. rienda, ipacat",ilocano,
h,harsh,"adj. rusanger, nainget",ilocano,
h,harvest,"n. panagani, apit",ilocano,
h,has been,"n. sigud, nacapucaw iti kinalatac",ilocano,
h,haste,"n. partac, napardas a panaggunay",ilocano,
h,hasten,v. partacan,ilocano,
h,hasty,adj. panagdardaras,ilocano,
h,hat,"n. callugong, sombrero",ilocano,
h,hatch,"v. ungtan, guraen",ilocano,
h,hateful,adj. nacasursuron,ilocano,
h,hatred,"n. pungtot, simbron, suron",ilocano,
h,haughty,"adj. managpannackel, natangsit, napangas, naparammag",ilocano,
h,haul,"v. guyoden, iduron, bunagen",ilocano,
h,have,v. icutan,ilocano,
h,hawk,n. cali,ilocano,
h,hay,"n. garami, nagirican",ilocano,
h,hazard,"n. paricut, bangen",ilocano,
h,hazy,"adj. nacudrep, naangep",ilocano,
h,he,pron. isu (lalaki),ilocano,
h,head,"n. ulo, pangulo",ilocano,
h,headache,n. sakit ti ulo,ilocano,
h,headed,"v. agtuloy, impanguluan, agturong",ilocano,
h,heading,"n. pangrugyan, paulo",ilocano,
h,heal,"v. agasan, paimbagen",ilocano,
h,health,n. salun-at,ilocano,
h,healthy,adj. nasalun-at,ilocano,
h,heap,"n. bunton, gabsuon",ilocano,
h,hear,"v. timuden, denggen",ilocano,
h,heard,"v. natimud, nangngeg",ilocano,
h,hearing,"n. panagdengngeg, panangusig",ilocano,
h,hearsay,"n. damag, anabaab",ilocano,
h,heart,n. puso,ilocano,
h,hearty,"adj. managayat, naimpusuan",ilocano,
h,heat,n. pudot,ilocano,
h,heathen,n. dagiti saan a mamati iti Dios,ilocano,
h,heave,"v. ingato, ibato",ilocano,
h,heaven,"n. langit, ngato",ilocano,
h,heavenly,"adj. nailangitan, na Diosan",ilocano,
h,heavy,"adj. nadagsen, nabantot",ilocano,
h,heckle,"v. rabaken, singaen",ilocano,
h,hedge,"n. nayalad a mulmula, ruot",ilocano,
h,heed,"v. denggen, kitaen",ilocano,
h,heedless,"adj. saan a naannad, di mangipangag, managbaybay-a",ilocano,
h,height,"n. cangato, catayag",ilocano,
h,heir,n. ti-agtawid,ilocano,
h,hell,"n. infierno, disso a pacadusaan dagiti managbasol",ilocano,
h,hell-cat,"n. managdakes, manggagamud, baket a naalas",ilocano,
h,hello,inter. hoy,ilocano,
h,help,"n. tulong, badang",ilocano,
h,helpful,adj. managtulong,ilocano,
h,helpless,"adj. nacacaasi, macasapul iti tulong",ilocano,
h,hen,n. pamusian,ilocano,
h,hence,"adv. manipud ditoy, adayo gapu itot",ilocano,
h,henchman,"n. catulongan, cadua",ilocano,
h,henpecked,adj. lalak a maiturturayan ti asawana,ilocano,
h,her,pron. isu (babai),ilocano,
h,herd n.,pangen,ilocano,
h,here,adv. ditoy,ilocano,
h,hereafter,adv. iti masacbayan,ilocano,
h,hereby,adv. babaen daytoy,ilocano,
h,heretofore,"adv. sacbay ito daytoy nga oras, itoy a disso, iti napalabas",ilocano,
h,heritage,n. tuwid,ilocano,
h,hermaphrodite,n. binabai,ilocano,
h,hernia,"n. letteg, busingar",ilocano,
h,hero,n. banuar,ilocano,
h,heroic,"adj. natured, maipapan iti banuar",ilocano,
h,herpes,"n. gatel, curad",ilocano,
h,herself,n. kencuana (babai),ilocano,
h,hesitate,"v. panagpannyray, panaguray, agtantan",ilocano,
h,hesitation,"n. panagduadua, panagpannuray",ilocano,
h,hew,"v. gupden, balsigen",ilocano,
h,hibernate,"v. agpalabas, aglemmeng, aginana",ilocano,
h,hide,"n. cudil, lalat",ilocano,
h,hideous,"adj. nacabutbuteng, nacaalalliaw, naalas",ilocano,
h,higbrow,"adj. nalaing, nangato",ilocano,
h,high,"adj. nangato, natayag",ilocano,
h,highway,"n. calsada, dalan",ilocano,
h,hike,v. magna,ilocano,
h,hilarious,"adj. naragsac, naangaw",ilocano,
h,hill,"n. turod, bassit a bantay",ilocano,
h,hillock,n. bunton,ilocano,
h,hillside,n. bacras ti turod,ilocano,
h,hilt,n. putan,ilocano,
h,him,pron. kencuana (lalaki),ilocano,
h,hind,"n. camaudian, maudi a saca ti ayup, tarau di",ilocano,
h,hinder,"v. tipden, abbengan",ilocano,
h,hindmost,adj. cauudian,ilocano,
h,hint,"n. pacaammuan, ballaag",ilocano,
h,hinterland,n. catengngaab,ilocano,
h,hip,n. pading-pading,ilocano,negative
h,hire,v. abangan,ilocano,
h,his,pron. cucuana (lalaki),ilocano,
h,hiss,"v. agsutsot, supiaten",ilocano,
h,historical,"adj. maipanggep iti historia, wenno bambanag a naglabas",ilocano,
h,history,n. pacasaritaan dagiti pasamac,ilocano,
h,hobby,"n. caaya-aya, paggagamgam",ilocano,
h,hog,n. baboy,ilocano,
h,hold,"n. panagiggem, tengngel",ilocano,
h,holder,n. agig-iggem,ilocano,
h,holiday,"n. nasantuan nga adlaw, fiesta, ramrambac, ngilin",ilocano,
h,holy thursday,n. Jueves Santo,ilocano,
h,home,"n. taeng, balay, ili, pagilian",ilocano,
h,homely,"adj. saan a napintas, narusange&&&",ilocano,
h,homework,"n. leccion, aramid iti balay",ilocano,
h,honest,adj. nalinteg,ilocano,
h,honey,n. diro,ilocano,
h,honor,"n. idayaw, itan-oc",ilocano,
h,honorable,"adj. nadayaw, natan-oc",ilocano,
h,hood,"n. abbong ti ulo, abbong, abbungot",ilocano,
h,hoof,n. cuco ti ayup,ilocano,
h,hook,"n. banniit, paggaw-at, saiding",ilocano,
h,hop,"n. lagto, kingking",ilocano,
h,hope,v. manganamnama,ilocano,
h,horde,"n. pangen, ummong ti tattao",ilocano,
h,horizon,n. lugar ng langit at lupa,ilocano,
h,horn,n. sara,ilocano,
h,horrible,"adj. nacaam-amac, nacabutbuteng",ilocano,
h,horror,"n. amac, buteng",ilocano,
h,horse,n. caballo,ilocano,
h,horseback,n. agtaraken wenno agsacay iti caballo,ilocano,
h,hose,"n. medias, gima a pagsibong",ilocano,
h,hospital,"n. pagagasan, hospital",ilocano,
h,host,"n. pangen, agawat iti sangaili",ilocano,
h,hostile,"adj. nauyong, sumupiat, bumusor",ilocano,
h,hot,"adj. napudot, nabara",ilocano,
h,hotbed,n. disso a mainanama iti napardas a panagdackel,ilocano,
h,hotel,"n. hotel, pagdagusan",ilocano,
h,hour,n. oras,ilocano,
h,house,"n. balay, taeng",ilocano,
h,house of representatives,n. Camara ti Representante,ilocano,
h,household,"n. cabbalay, caamaan",ilocano,
h,hovel,"n. calapaw, abong",ilocano,
h,how,adv. casano,ilocano,
h,however,adv. nupay casta,ilocano,
h,howl,"n. puccaw, ungor",ilocano,
h,hue,n. maris,ilocano,
h,hug,v. aracupen,ilocano,
h,huge,adj. dackel,ilocano,
h,hum,"v. agcanta iti mainnayat ken nacapsut, agdayyeng",ilocano,
h,human,n. tao,ilocano,negative
h,humble,"adj. napanglaw, napacumbaba, nadayaw",ilocano,
h,humid,"adj. nadam-eg, nabasa",ilocano,
h,humor,"n. pagcacatawsan, ang-angaw",ilocano,
h,humorous,adj. nacacatcatawa,ilocano,
h,hump r,adj. nagducol,ilocano,
h,hunchback,n. cubbo,ilocano,
h,hundred,adj. sangagasut,ilocano,
h,hundreth,adj. maicasangangasut,ilocano,
h,hungry,adj. mabisin,ilocano,
h,hunk,"n. paset, tipping",ilocano,
h,hunt,"v. aganup, agsapuk, agpalitug",ilocano,
h,hunter,n. mangnganup,ilocano,
h,hurl,"v. ibato, ibarsac",ilocano,
h,hurrah,inter. puccaw ti ragsa,ilocano,
h,hurry,"n. panagpartac, panagpardas",ilocano,
h,hurry,v. partacan,ilocano,
h,hurry and scurry,n. riribuc iti panagdardaras,ilocano,
h,hurt,"v. pasakitan, sugaten",ilocano,
h,hurtle,"v. ipalapal, ipuruac",ilocano,
h,husband,n. asawa a lalaki,ilocano,
h,hush,"v. agulimec, agtalna",ilocano,
h,husk,"n. bunot, ukis ti niog",ilocano,
h,hut,n. calapaw,ilocano,negative
h,hybrid,n. meaztizo,ilocano,
h,hymn,"n. canccata, himmo",ilocano,
h,hypocrite,"n. managincucuna, agmmarang iti naulit",ilocano,
i,ice,n. hielo,ilocano,
i,ice crem,n. sorbetes,ilocano,
i,icy,"adj. nalamiis, casla hielo",ilocano,
i,idea,n. panunot,ilocano,
i,ideal,"adj. tuladen, ulidan",ilocano,positive
i,identical,"adj . agpada, agcaing-ingas",ilocano,
i,identify,"v. pannecmecan ti kinasia-sino, ilasin",ilocano,
i,idiom,"n. panecnecan ti kinasia-sino, ilasin",ilocano,
i,idiotic,adj. minimaag,ilocano,
i,idle,"adj. sadut, awan ti aramidenna",ilocano,
i,idleness,"n. kinasadut, panagbayanggudaw",ilocano,
i,idol,"n. sasanto, pagrucbaban",ilocano,
i,idyllic,"adj. nasayaat a buyaen, macaay-ayo",ilocano,
i,if,conj. no,ilocano,
i,ignite,"v. sindian, gangtan",ilocano,
i,ignominy,"n. pacaibabainan, pannacaibabain",ilocano,
i,ignorant,adj. nacuneng,ilocano,negative
i,ignore,"v. baybay-an, saan nga icascaso",ilocano,
i,ill,"adj. masakit, dakes",ilocano,
i,ill-bred,"adj. awanan adal, awanan dayaw",ilocano,
i,ill-conceived,adj. dakes a panggep,ilocano,
i,ill-disposed,adj. dakes a ricna,ilocano,
i,ill-gotten,"adj. dakes a panagtagicua, tinacaw",ilocano,
i,ill-mannered,adj. dakes nga ugali,ilocano,
i,ill-natured,"adj. narupanget, dakes a casasaad",ilocano,
i,illegal,adj. maisupiat iti linteg,ilocano,
i,illegitimate,"adj. saan a maicanatad iti linteg, nayanac iti ruar ti calausa",ilocano,
i,illiterate,"adj. saanna nga ammo ti agsurat wenno agbasa, awan adalna",ilocano,
i,illuminate,v. silawan,ilocano,
i,illusion,"n. ti mangallilaw iti ricna, macasllilaw a langa",ilocano,
i,illustrate,v. iladawan,ilocano,
i,illustration,"n. ladawan, palawag",ilocano,
i,image,"n. ladawan, langa",ilocano,
i,imagination,n. arapaap,ilocano,
i,imagine,"v. iyarig, darepdepen",ilocano,
i,imbecile,adj. namaag,ilocano,
i,imitate,v. tuladen,ilocano,
i,imitation,n. panangtulad,ilocano,
i,immaculate,"adj. nadalus, nadarisay",ilocano,
i,immature,"adj. naata, agtutubo",ilocano,
i,immediate,"adj. nalawa, nawaya, dackel, saan a marucod",ilocano,
i,immerse,"v. ilemmes, irarem, yuper",ilocano,
i,immigrant,"n. sumbrec a makipagnaed, ganggannaet",ilocano,
i,imminent,"adj. dandani, asideg",ilocano,
i,immodest,"adj. naalas, nacababain, naparammag",ilocano,
i,immoral,adj. narugit maisupiat iti nasayaat a cababalin,ilocano,
i,immortal,"adj. saan a matay, agnanayon a sibibiag",ilocano,
i,immovable,"adj. saan a macuti, nadagsen",ilocano,
i,immunity,"n. pannacaisalacan, pannacaillisi, pannacailacsid",ilocano,
i,imp,n. naalicuteg,ilocano,
i,impart,"v. ited, isuro, ipacaammo",ilocano,
i,impassable,adj. sasan a mabalin a pagnaan,ilocano,
i,impassive,"adj. saan a matignay, di sumusungbat",ilocano,
i,impatient,"adj. saan a macaanus, naganat",ilocano,
i,impediment,"n. lapped, tubeng, abbeng",ilocano,negative
i,impending,"adj. agbitbitin, sisasagana, dumteng",ilocano,
i,impersonate,"v. pananglimo, ibagi",ilocano,
i,impertinent,"adj. mamaayna, adayo a banag, saan a pacasecnan",ilocano,
i,import,n. gumagang iti sabali a daga,ilocano,
i,importance,"n. kinapateg, nasken",ilocano,
i,important,"adj. nasken, napateg",ilocano,
i,impose,"v. ipilit, ipasusuon",ilocano,
i,impossible,adj. saan a mabalin,ilocano,
i,impoverish,v. papanglawen,ilocano,
i,impress,"v. iparicna, ipamatmat",ilocano,
i,impression,"n. panangipamatmat, panangiparicna",ilocano,
i,improve,"v. paimbagen, papintasen",ilocano,
i,improvement,"n. panagpaimbag, panangpasayaat",ilocano,
i,impure,"adj. saan a nadalus, narugit",ilocano,
i,imputation,"n. panangipato, panangipagarup",ilocano,
i,in,"prep. iti uneg, iti",ilocano,positive
i,inborn,adj. naisigud,ilocano,
i,incense,n. incenso,ilocano,
i,inch,"n. pulgada, 1/12 ti cadapan",ilocano,
i,incident,"n. naatamid, pasamac",ilocano,
i,incidentally,adj. saan a ginagara,ilocano,
i,incite,"v. riingen, sindian, papudoten",ilocano,
i,inclination,n. panagiray,ilocano,
i,incline,"v. agsicco, agiray",ilocano,
i,include,v. iraman,ilocano,
i,incognito,v. saan nanglimlimo,ilocano,
i,incoherent,"adj. nagsina, agduduma",ilocano,
i,income,"n. suledo, mapastrec",ilocano,
i,incomparable,adj. awan pumadpad,ilocano,
i,incompetent,"adj. saan a nalaing, nacapuy",ilocano,
i,incomplete,"adj. saan a nalpas, curang",ilocano,
i,increase,"n. nayon, ganancia, panagadu",ilocano,
i,increase,"v. nayonan, paaduen",ilocano,
i,incredible,"adj. datdatlag, saan a nacappapati",ilocano,
i,incurable,adj. saan a maagasan,ilocano,
i,indecent,"adj. narugit, naalas",ilocano,
i,indeed,"adv. iti kinapudona, iti kinaagpaysona",ilocano,
i,indefatigable,adj. saan a mabannog,ilocano,
i,indefinite,adj. saan a nakedngan,ilocano,
i,indention,n. saan a basuratan a disso sacbay ti binatog,ilocano,
i,independence,"n. panagmaymaysa, wayawaya",ilocano,
i,independence day,n. aldaw ti panagwaywayas,ilocano,
i,independent,adj. agwaywayas,ilocano,
i,indescribable,adj. saan maipalawag,ilocano,
i,indicate,"v. isuro, itudo",ilocano,
i,indication,"n. tanda, marka, pagilasinan",ilocano,
i,indifference,n. saan nga ibibiang,ilocano,
i,indigent,"adj. napanglaw, marigrigat",ilocano,
i,indignation,"n. pungtot, suron, rurod",ilocano,
i,indirect,"adj. saan a nalinteg, saan a nabatad",ilocano,
i,indispensable,"adj. casapulan, nasken",ilocano,
i,indisposed,"adj. masakit, saan nga agduyos",ilocano,
i,individual,"n. tao, maysa",ilocano,
i,indivisible,"adj. saan a masinasina, saan a mabingay",ilocano,
i,indolent,adj. nasadut,ilocano,
i,induce,"v. sulisogen, awisen",ilocano,
i,inducement,"n. sulisog, awis",ilocano,
i,indulge,"v. palugodan, panuynoyam",ilocano,
i,industrious,"adj. naanus, nagaget",ilocano,
i,industry,"n. pagsapulan, pagpartuatan",ilocano,
i,inefficient,"adj. awan ti cabaelanna, sanna nga ammo ti ar-aramidenna",ilocano,
i,inevitable,adj. saan a malisian,ilocano,
i,infallible,adj. saan nga agriro,ilocano,
i,infant,"n. tagibi, ubbing",ilocano,
i,infection,n. pammanecnec iti sakit,ilocano,
i,inference,"n. panangipato, panangipagarup",ilocano,
i,inferior,"adj. mababa a clase, narasi",ilocano,
i,infidelity,"n. saan a mmati iti Cristianismo, panaglicud iti callaysa",ilocano,
i,infinite,"adj. agnanayon, awan tungpalna",ilocano,
i,infirm,"adj. nacapuy, nalucay, masacsakit",ilocano,
i,influence,n. panangallucoy,ilocano,
i,inform,"v. ibaga, padamagan",ilocano,
i,inhabit,v. taengan,ilocano,
i,inhabitant,"n. agtataeng, umili",ilocano,
i,inhale,"v. lang-aben, singloten",ilocano,
i,inherent,"adj. naisigud, nacaparsuaan",ilocano,
i,inherent,v. tawiden,ilocano,
i,inhospitable,adj. saan a managpadagus,ilocano,
i,inhuman,"adj. awanan asi, nagulib",ilocano,
i,initial,"n. rugu, umuna a letra ti nagan",ilocano,
i,inject,"v. iserrec, tudoken",ilocano,
i,injure,"v. ranggasan, dangran",ilocano,
i,injury,"n. dunor, sugat",ilocano,
i,injustice,n. panaglab sing iti calintegen ti maysa,ilocano,
i,ink,n. tinta,ilocano,
i,inkling,"n. ti maipagarup, ti maririp",ilocano,
i,inmate,"n. balud, agtaeng",ilocano,
i,inner,"adj. uneg, akin-uneg",ilocano,
i,innermost,adj. caunegan,ilocano,
i,innocence,"n. kinadalus, kinaawan ti basol",ilocano,
i,innovate,"v. pabaruen, irugi",ilocano,
i,inquire,"saludsuden, amaden",ilocano,
i,inquisitive,adj. managsaludsod,ilocano,
i,insane,"adj. agballa, agmayong",ilocano,
i,insanitary,n. narugit,ilocano,
i,insect,n. bassit nga ayup,ilocano,
i,insecure,adj. saan a nacainanama,ilocano,
i,insecure,"v. iseguro, patalgedan",ilocano,
i,insert,"v. isigpit, ilucon",ilocano,
i,inside,adv. iti uneg,ilocano,
i,insist,v. ipilit,ilocano,
i,insistent,adj. managpilit,ilocano,
i,inspect,"v. imatangan, kitaen, sukisoken",ilocano,
i,inspection,"n. panangimatan, panangkita",ilocano,
i,inspector,"n. inspector, mangusig",ilocano,
i,inspiration,"n. liwliwa, bang-ar, tunda",ilocano,
i,inspire,"v. itunda, pareggeten",ilocano,
i,instance,"n. cas pagarigan, pammanec-nec canito, singasing",ilocano,
i,instant,"n. canito, daricmat",ilocano,
i,instead of,prep. san ketdi a,ilocano,
i,instict,n. sigud a cababalin,ilocano,
i,institute,"n. pagadalan, pasdec ni sursuro",ilocano,
i,institute,"v. ipasdec, buangayen",ilocano,
i,institution,"n. pagadalan, pagsursuruan, pasdec",ilocano,
i,instruct,v. sursuruan,ilocano,
i,instruction,"n. panangisuro, bilin",ilocano,
i,instrument,"n. ramit, instrumento",ilocano,
i,insult,v. pabainan,ilocano,
i,insurance,"n. talged, seguro",ilocano,
i,intact,"adj. sicacapet, saan a necutcuti",ilocano,
i,intelligence,n. saririt,ilocano,
i,intend,v. panggepen,ilocano,
i,intensify,v. degdegan,ilocano,
i,intent,"n. gagar, panggep",ilocano,
i,intention,"n. panggep, gandat",ilocano,
i,inter,"v. itabon, iserrec",ilocano,
i,intercept,"v. sabten, saneben",ilocano,
i,interest,"n. gungonna, bingay, paggagamgam",ilocano,
i,interested,adj. napasnec,ilocano,
i,interior,n. uneg,ilocano,
i,interlude,"n. canta, iti baet",ilocano,
i,interpret,"v. itarus, ilawlawag",ilocano,
i,interpreter,"n. manangiyulog, manangitarus",ilocano,
i,interrogate,"v. saludsoden, usigen",ilocano,
i,interrupt,"v. ibaballaet, singaen",ilocano,
i,interval,n. baet,ilocano,
i,intervene,"v. bumuang, bumallaet",ilocano,
i,into,"prep. iti, iti uneg",ilocano,
i,intoxication,n. pannacabartec,ilocano,
i,intrepid,adj. natured; saan a maputeng,ilocano,
i,intriuate,adj. narigat a maawatan,ilocano,
i,introduce,v. yam-ammo,ilocano,
i,introduction,n. pacauna; panangrugi,ilocano,
i,invasion,n. iraraut; idadarup,ilocano,
i,invent,"v. partuat, parnuay",ilocano,
i,inventor,n. managpartuat,ilocano,
i,invest,v. ipaapay a puonan,ilocano,
i,investigate,v. palutpoten,ilocano,
i,invisible,"adj, saan a makita",ilocano,
i,invitation,awis,ilocano,
i,invite,v. awisen,ilocano,
i,involuntary,adj. saan a pagayatan,ilocano,
i,involve,v. iraman,ilocano,
i,inward,adv. agpauneg,ilocano,
i,iodine,n. tintura de yodo,ilocano,
i,ire,"n. rurod, gura",ilocano,negative
i,iron,"n. plansa, landoc",ilocano,
i,iron,v. plantsaen,ilocano,
i,irregular,"adj. saan a padapada, saan a canayon",ilocano,
i,irrigate,v. padanuman,ilocano,
i,irrigation,"n. padanom, pasayac",ilocano,
i,is,v. (to be),ilocano,
i,island,"n. puro, isla",ilocano,
i,isle,n. luro a babassit,ilocano,
i,isolate,"v. pagmamaysaen, iyadayo; ilasin",ilocano,
i,isolation,"n. panagmaymaysa, pannacalputong",ilocano,
i,issuance,"n. pannangted, pannacairuar",ilocano,
i,issue,"n. saritaan, copia ti pagiwarnac",ilocano,
i,isthmus,n. paset ti daga a bassit a mamagsilpo cadagiti dua a dadackel a dagdaga,ilocano,
i,it,"n. dayta, isu",ilocano,
i,itch,n. gaddil,ilocano,
i,itchy,adj. nagatel,ilocano,
i,item,n. kita ti ania man a lista,ilocano,
i,its,"pron. kencuana, cucuana",ilocano,
i,itself,pron. maipanggep kencuana,ilocano,
j,jab,v. danogen,ilocano,
j,jackfruit,n. anangka,ilocano,
j,jail,"n. pagbaludan, pagpupocan",ilocano,
j,jam,n. mataginayon a bunga,ilocano,
j,jam,"v. pepesen; aribungbingan, isengngat",ilocano,
j,janitor,n. siasino man ang mangtamtaming iti maysa a patacder,ilocano,
j,january,"n. Enero, umuna a bilan ti tawen",ilocano,
j,jar,"n. unuonen, yunggonen, umaweng apaen",ilocano,
j,jargon,"n. pagsasao, anabaab",ilocano,
j,jaw,n. timid,ilocano,negative
j,jealous,"adj. nailem, naimon",ilocano,
j,jealousy,"n. imon, ilem",ilocano,
j,jeer,v. uyawen; angawen; laisen,ilocano,
j,jelly,"n. sinam-it a bunga, nalucneng a banag",ilocano,
j,jerk,n. gutad,ilocano,
j,jest,n. panagpacatawa,ilocano,
j,jest,"v. pacatawaen, angawen",ilocano,
j,jestingly,adv. siangaw,ilocano,
j,jew,n. Judio,ilocano,
j,jewel,"n. alhajas, napateg a bato",ilocano,
j,jeweler,n. mag-aalahas,ilocano,
j,jilt,v. iwacsi as ti caayan-ayat,ilocano,
j,jingle,n. calangiking,ilocano,
j,job,"n. trabajo, aramid",ilocano,
j,jockery,"n. agpatpataray iti caballo, jinete",ilocano,
j,join,"v. cumadua, lumaoc",ilocano,
j,joint,"n. nagsilpuan, susuop",ilocano,
j,jolly,"adj. naragsac, managpacatawa",ilocano,
j,jolting,"adj. aggungon, kellaat nga aggunay sa sumardeng",ilocano,
j,jostle,"v. isikil, iduron",ilocano,
j,jot,"v. isurat, icur-it",ilocano,
j,journal,n. libro a pacaisuratan ti paglaccuan nga inaldaw; pagiwarnac,ilocano,
j,journalism,n. adal naipanggep iti panagsuray iti panagsurat iti damag,ilocano,
j,jovial,"adj. naragsac, naayat",ilocano,
j,joy,"n. ragsac, lingay",ilocano,
j,joyful,adj. natagsac,ilocano,
j,jubilant,adj. agrambac; maragsacan,ilocano,
j,judge,"n. ucom, juez",ilocano,
j,judge,v. kedngan,ilocano,
j,judgement,n. pangngeddeng,ilocano,
j,judicious,"adj. masirib, babaen ti nasayaat a keddeng",ilocano,
j,juice,n. tubbog,ilocano,
j,juicy,adj. natubbog,ilocano,
j,july,n. Julio,ilocano,
j,jump,n. lagto,ilocano,
j,jump,v. lumundag,ilocano,
j,june,n. Junio,ilocano,
j,jungle,"n. bakir, cabakiran",ilocano,
j,junior,"n. ubing, anac a lalaki a canagnagan ti ama",ilocano,
j,junk,v. ibelleng,ilocano,
j,jurisdiction,"n. turayen, sacup",ilocano,
j,jurist,n. nalaing cadagiti paglintegan,ilocano,
j,jury,n. comite a mangtingiting iti pammanecnec,ilocano,
j,just,adj. naincalintegan,ilocano,
j,justice,"n. justicia, linteg",ilocano,
j,justice of the peace,n. Juez de Paz,ilocano,
j,justify,"v. panecnecan nga umisu, lawlawagan",ilocano,
j,jutting,v. aguy-uyaoy,ilocano,
j,juvenile,"adj. ubbing, maipapancadagiti ubbing",ilocano,
k,kapok,n. capasanglay,ilocano,
k,keen,adj. natirad; nalaing; natadem,ilocano,
k,keeper,"n. agbambantay, agidulin",ilocano,
k,keepsake,n. pacalaglagipan,ilocano,
k,keg,n. bassit a bariles,ilocano,
k,kennel,"n. pagtaengan ti aso, pangen ti aso",ilocano,
k,kerchief,"n. paño, abbong",ilocano,
k,kerosene,"n. gas, petroleo",ilocano,
k,kettle,"n. cardero, landoc a banga",ilocano,
k,key,n. tulbec,ilocano,
k,keynote,n. mangiwanewan a wayat,ilocano,
k,kick,n. cugtar,ilocano,
k,kick,v. cugtaran,ilocano,
k,kid,"n. ubbing, urbon ti calding",ilocano,positive
k,kid,v. rabaken; angawen,ilocano,positive
k,kidding,n. mangang-angaw,ilocano,
k,kidnap,v. itaray nga ilemmeng,ilocano,
k,kill,v. patayen,ilocano,
k,killing,n. pinnatay,ilocano,
k,kin,n. cabagyan,ilocano,
k,kind,"adj. clase, kita, naanus",ilocano,
k,kindergarten,n. pagadalan dagiti ubbing nga awanan pay iti pito a tawen,ilocano,
k,kindle,"v. gangtan, rubruban pasgedan",ilocano,
k,kindling,"n. pamasgedan, pangaron",ilocano,
k,kindly,"adj. naanus, naayat",ilocano,
k,king,n. ari,ilocano,
k,kingdom,n. pagarian,ilocano,
k,kiss,"n. ungngo, agec",ilocano,
k,kiss,"v. unguen, agcan",ilocano,
k,kitchen,"n. cosina, paglutuan",ilocano,
k,kite,n. pusa a bassit,ilocano,
k,knave,n. tao a mangallilaw,ilocano,
k,knee,n. tumeng,ilocano,
k,kneel,v. agparintumeng,ilocano,
k,knell,n. nalinday nga aweng,ilocano,
k,knife,"n. lansita, imuco",ilocano,
k,knight,n. caballero,ilocano,
k,knit,v. agansilio,ilocano,
k,knock,n. tugtog,ilocano,
k,knot,"n. siglot, buco",ilocano,
k,knov,n. pagiggaman ti ridaw,ilocano,
k,know,v. ammuen,ilocano,
k,knowing,"adj. nalaing, nautec",ilocano,
k,knowledge,n. sursuro,ilocano,
k,known,"adj. nalatac, agdindinamag",ilocano,
k,knuckle,n. pungopunguan,ilocano,
l,label,n. marcaan,ilocano,
l,label,"n. tanda, marca",ilocano,
l,labor,n. aramid,ilocano,
l,labor,"v. mangged, agtrabajo",ilocano,
l,laborer,n. mangmangged,ilocano,
l,lace,n. laso,ilocano,
l,lace,"v. igalut, lasuan",ilocano,
l,lack,"n. kinacurang, kinaawan",ilocano,
l,lack,v. agcurang,ilocano,
l,lad,"n. ubbing, ubbing a lalaki, baro",ilocano,
l,ladder,"n. agdan, ulian",ilocano,
l,laddle,"n. aclo, pagtaco",ilocano,
l,lag,v. agpapaudi; adyan iti licudan,ilocano,
l,lagoon,n. dan-aw,ilocano,
l,laid,v. iyaplag,ilocano,
l,lake,n. dan-aw,ilocano,
l,lamb,n. carnero,ilocano,
l,lame,adj. pialy,ilocano,
l,lament,"v. agladingit, ladingiten",ilocano,
l,lamentation,n. panagladingit,ilocano,
l,lamp,n. pagsilawan,ilocano,
l,land,n. daga,ilocano,
l,land,v. sumanglad,ilocano,
l,landlord,n. akincucua iti balay nga ababangan,ilocano,
l,landscape,n. ladawan ti daga iti adayo,ilocano,
l,lane,n. akikid a dalan,ilocano,
l,language,"n. pagsasao, pagsasarita",ilocano,
l,lanky,adj. narapis ken natayag,ilocano,
l,lantern,"n. pag-silawan, silawan",ilocano,
l,lap,n. saclot,ilocano,
l,larcency,"n. panagtacaw, panagbircug",ilocano,
l,lard,n. manteca,ilocano,
l,large,"adj. nalawa, dackel",ilocano,
l,largely,"adv. nangnangruna, sidadackel",ilocano,
l,lark,n. ticticrobong,ilocano,
l,lash,"n. pagbaot, pangor, panaplit",ilocano,
l,lash,"v. baoten, ablatan",ilocano,
l,lassitude,"n. bannog, kinacapsut ti bagi",ilocano,
l,last,adj. maudi,ilocano,positive
l,lasting,adj. agpaut,ilocano,
l,late,"adj. naladaw, napalabas, daydi, natayen",ilocano,
l,lately,"adv. nabiit pay, itay laeng",ilocano,
l,later,adv. naud-udi,ilocano,
l,lather,n. burec; labutab,ilocano,
l,laud,v. dayawen,ilocano,negative
l,laugh,n. catawa,ilocano,
l,laugh,v. agcatawa,ilocano,
l,laughter,"n. garacgac, catawa",ilocano,
l,launch,v. igayang; ihato; pagunayen a cas bilog iti dagnum,ilocano,
l,laundress,"n. lavandera, aglablaba a baket",ilocano,
l,laundry,n. pasdec a pacalabaan ken pacaplanchaan ti cawes,ilocano,
l,lavatory,n. pagbugguan,ilocano,
l,lavish,"adj. nalabes a panagbusbos, nawadwad, nabuslon",ilocano,
l,law,n. linteg,ilocano,
l,lawful,"adj. babaen ti linteg, mayanatop",ilocano,
l,lawless,"adj. awan bigbigenna a linteg, maicaniwas, nadursoc",ilocano,
l,lawn,n. caruotan,ilocano,
l,lawnmower,n. pagputed iti ruot,ilocano,
l,lawsuit,n. wayat iti panagtunton babaen ti linteg,ilocano,
l,lawyer,"n. abogado, mangilinlinteg",ilocano,
l,lax,adj. nalucay; nacapsut,ilocano,
l,lay,"v. iyaplag, ipatugaw",ilocano,
l,lazy,adj. nasadut,ilocano,
l,leacherous,adj. naderrep,ilocano,
l,lead,v. iturog,ilocano,
l,leader,"n. lider, pangulo, jefe",ilocano,
l,leaf,n. bulong,ilocano,
l,league,"n. bunggoy, panagcacadua",ilocano,
l,leak,"n. abut a pagtedtedan iti danum, panagtedted ti danum iti abut",ilocano,
l,lean,adj. nacuttong,ilocano,
l,lean,"v. agsanggir, agiray",ilocano,
l,leap,n. lagto,ilocano,
l,leap,v. lumagto,ilocano,
l,learn,"v. sursuruen, adalen",ilocano,
l,lease,"v. salda, sinaldaan",ilocano,
l,leash,n. tali a naiparaut iti aso,ilocano,
l,least,adj. cabassitan,ilocano,
l,leather,n. lalat,ilocano,
l,leave,"n. palubos, wayawaya a naited nga ipapanaw",ilocano,
l,leave,"v. pumanaw, agtalaw",ilocano,
l,lecture,"n. maisuro nga adalen, maibalacad",ilocano,
l,lecture,v. agbitla a mangisuro,ilocano,
l,leer,v. guyaban,ilocano,
l,left,adj. canigid,ilocano,
l,lefthanded,adj. nalalaing nga agtrabajo babaen ti canigid nga ima,ilocano,
l,leg,n. gurong,ilocano,
l,legacy,"n. tawid, ipatawid",ilocano,
l,legal,"adj. calintegan, maipapan iti linteg",ilocano,positive
l,legend,"n. sarita, tanda",ilocano,
l,legible,"adj. nalawag, nalaca a mabasa",ilocano,
l,legilative,adj. maipapan iti panagaramid iti linteg,ilocano,
l,legislate,v. agaramid iti linteg,ilocano,
l,legislature,"n. legislatura, pagpandayan iti linteg",ilocano,
l,legitimacy,"n. pannacayanac iti imatang ti linteg, justicia",ilocano,
l,leisure,n. canito nga awan nasken nga aramiden,ilocano,
l,lemon,"n. calamansi, dalayap, lemon",ilocano,negative
l,lend,v. ipabulod,ilocano,
l,lending,"n. panagpautang, panagpabulod",ilocano,
l,length,n. caatidug,ilocano,
l,lent,n. Nangina nga Adlaw,ilocano,
l,less,"adj. basbassit, napabassit",ilocano,
l,lesson,"n. leccion, nabasa a paset wenno naadal a namimpinsan",ilocano,
l,lest,"conj. no la ket ta, amangan",ilocano,
l,let,v. palabasen; iccan iti palubos,ilocano,
l,lethal,adj. nacabutbuteng; macapapatay,ilocano,
l,letter,"n. letra ti alfabeto, surat",ilocano,
l,lettuce,n. lechugas,ilocano,
l,level,"adj. panagsimpa, tucad iti gimong",ilocano,
l,level,v. simpaen,ilocano,
l,libel,n. panangidadanes babaen ti naimaldit,ilocano,
l,liberal,"adj. liberal, napawayway",ilocano,positive
l,liberate,v. wayawayaan,ilocano,
l,liberty,n. wayawaya,ilocano,
l,librarian,n. agay-aywan cadagiti libro,ilocano,
l,library,"n. pagbulodan ken pagbasaan cadagiti libro, biblioteca",ilocano,
l,license,"n. licensia, palubos",ilocano,
l,licensed,v. napalubosan,ilocano,
l,lick,"n. dilpat, balligi",ilocano,
l,lick,"v. abaken, dilpatan",ilocano,
l,lie,"n. allilaw, ulbod",ilocano,
l,lie,"v. agulbod, agidda",ilocano,
l,lieutenant,n. teniente,ilocano,
l,life,n. biag,ilocano,
l,lifeguard,n. mangispal iti biag,ilocano,
l,lift,"v. ingato, bagcaten",ilocano,
l,light,"adj. nalag-an, saan a nadagsen, saan a nasken",ilocano,
l,light,"n. silaw, raniag",ilocano,
l,light,v. gangtan,ilocano,
l,lighten,"v. silawan, palag-anen",ilocano,
l,lightning,n. kimat,ilocano,
l,like,"adj. umasping, carupa, capada",ilocano,
l,like,"v. iliwen, cayat, canunongan",ilocano,
l,likely,"adj. mabalin, mabalin a casta",ilocano,
l,liken,"v. itulad, yasping, idilig",ilocano,
l,likewise,"adj. casta met, wenno",ilocano,
l,lilt,"n. pannacaitagay, naragsac nga ayug",ilocano,
l,limb,n. gurong,ilocano,
l,lime,n. apog,ilocano,
l,limelight,"n. raniag, sinamar",ilocano,
l,limit,n. patinggana,ilocano,negative
l,limit,v. kedngan,ilocano,negative
l,limitation,n. naikeddeng a paginggaanna,ilocano,
l,limitless,adj. awan patinggana,ilocano,
l,limping,adj. agpilpilay,ilocano,
l,line,"n. tanda, liña, uges",ilocano,
l,lineage,"n. nagtuadan, caman",ilocano,
l,linen,"n. dehilo, linen, napateg a papel a pagsuratan",ilocano,
l,linger,v. agtalinaed agbati,ilocano,
l,lingering,adj. agbayag,ilocano,
l,linguist,adj. maysa a tao a macaammo cadagiti nadumaduma a pagsasao,ilocano,
l,link,n. silpo,ilocano,
l,link,"v. pagsilpuen, rangtayan",ilocano,
l,lion,n. leon,ilocano,
l,lionize,"v. idayaw, itan-oc",ilocano,
l,lip,n. bibig,ilocano,
l,liquid,"n. agay-ayus, nalamuyot ken nalintaw, a cas danum",ilocano,
l,liquidation,"n. panagrikep dagiti agpucpucaw a pasdec, panagdanum",ilocano,
l,liquor,"n. arac, inumen a macabartec",ilocano,
l,list,"n. lista, catalogo",ilocano,
l,list,"v. isurat, ilista",ilocano,
l,listen,"v. denggen, allingagen",ilocano,
l,listening,v. dumdumngeng,ilocano,
l,literacy,n. maipapan iti panagsurat ken panagbasa,ilocano,
l,literate,adj. ammona ti agbasa ken agsurat,ilocano,
l,literature,"n. literatura, dagiti aramid na naisurat",ilocano,
l,little,adj. bassit,ilocano,
l,live,"v. agbiag, agtaeng",ilocano,
l,livelihood,n. panagbiag,ilocano,
l,lively,"adj. sibibiag, naparagsit",ilocano,
l,liver,n. dalem,ilocano,
l,livestock,n. dagiti taraken dinguen,ilocano,
l,load,"v. ipaawit, icarga",ilocano,
l,loaf,n. galip ti tinapay,ilocano,
l,loan,"n. pautang, pabulod, palubos a mangaramat, panangpautang",ilocano,
l,loan,v. ipautang,ilocano,
l,loathe,"v. busoren, guraen",ilocano,
l,loathsome,"adj. nacabus busor, nacasimsimbron",ilocano,
l,lobby,"n. pagurayan, pagtacderan, siled a pacaawatan ti sangaili",ilocano,
l,local,"adj. maipapan iti disso iti uneg ti pagilian, distrito",ilocano,
l,locate,"v. sapulen, biroken, saraken",ilocano,
l,location,"n. dissom taeng, casasaad",ilocano,
l,lock,"n. tulbec, candado, pagserra",ilocano,
l,lock,"v. itulbec, iserra",ilocano,
l,lock-up,n. pagbuludan,ilocano,
l,lockjaw,n. sakit ti pangal,ilocano,
l,lodge,"n. bassit a balay, gimong",ilocano,
l,lodge,"v. aginana, pannangted iti apagcanito a panagtaeng, agtaeng",ilocano,
l,lofty,"adj. nangato, narimbaw",ilocano,
l,log,"n. dackel a cayom trozo, sinuratan maipapan iti viaje",ilocano,
l,logic,"n. panangipalawag, urnos ti palawag",ilocano,
l,lone,"adj. agbucbucod, agmaymaysa",ilocano,
l,lonely,"adj. naladngit, agmaymaysa, naleddaang, naliday",ilocano,
l,lonesome,"adj. naladingit malidliday, malmalday",ilocano,
l,long,adj. attiddug,ilocano,
l,longshoreman,n. cargador cadagit vapor,ilocano,
l,look,"n. la dawan, kita",ilocano,
l,loom,"n. pagablan, putan ti gaud",ilocano,
l,loop,"n. silo, lubid a nasiglot",ilocano,
l,loose,"adj. nalawa, saan a naigalot nalucay",ilocano,
l,loosen,"v. lucayan, ibulos",ilocano,
l,loot,n. banag a nasamsam,ilocano,
l,lord,n. Apo,ilocano,
l,lose,"v. napucaw, mapucaw a cas iti canito",ilocano,
l,lot,"n. naikeddeng a gasat, nailasin a paset, sangcadisso a daga dackel a gatad wenno bilang",ilocano,
l,loud,"adj. napigsa nga aweng, naariwawa",ilocano,
l,love,"n. panagayat, panangipateg, ayat",ilocano,
l,lovely,"adj. nacaay-ayat, nalibnos napintas",ilocano,
l,lover,"n. caayan-ayat, agay-ayat",ilocano,
l,low,adj. napudno,ilocano,
l,loyalty,n. kinapudno,ilocano,
l,luck,n. gasat,ilocano,
l,lucky,adj. nagasat,ilocano,
l,ludicrous,"adj. nacacatcatawa, saan a naibatay iti natanang a panunot",ilocano,
l,lumber,"n. tabla, cayo",ilocano,
l,lump,"n. mapagtitipon amin, banag a natangken",ilocano,
l,lunatic,"n. agballa, currang, aguoyong",ilocano,
l,lunch,n. pangngaldaw,ilocano,
l,lung,n. bara,ilocano,
l,lure,"n. appan, awis, ay-ayo",ilocano,
l,lure,"v. awisen, uyutan, ay-aywen",ilocano,
l,lurk,"v. agbantay, aguray, aglemmeng",ilocano,
l,lush,"adj. nalucmeg, natubbog",ilocano,
l,lust,"n. tarigagay, gartem, iliw",ilocano,
l,luster,"n. sileng, raniag, rimat",ilocano,
l,luxuriant,"adj. adu, nabuslon",ilocano,
l,luxurious,adj. maipapan cadagiti banag a saan a nasken unay iti biag,ilocano,
l,luxury,n. banag a saan nasaken iti biag,ilocano,
l,lye,n. solucion a pagdalus ken aramiden a sabon,ilocano,
m,machine,n. maquina,ilocano,
m,machinery,n. maquinaria,ilocano,
m,machinist n.,maquinista,ilocano,
m,mad,"adj. macapungtot, agballa",ilocano,
m,madam,n. pangawag iti babai,ilocano,
m,madden,"v. agpungtot, papungtoten",ilocano,
m,magazine,"n. magazine, tiendaan, pagiwarnac a pacailanadan cadagiti nadumaduma a bambanag, pagicaan iti bala ti paltog",ilocano,
m,magic,"n. encanto, salamanca",ilocano,
m,magical,adj. maipapan iti aramiden ti salamangkero,ilocano,
m,magician,n. salamangkero,ilocano,
m,magistrate,"n. magistrado, ucom",ilocano,
m,magnate,n. batombalani,ilocano,
m,magnetize,"v. awisen, guyoden",ilocano,
m,magnificent,"adj. nabileg, nagloriaan, nautan-oc",ilocano,
m,maid,"n. babaonen a babai, babai",ilocano,
m,maidenly,"adj. natacneng, maipapan iti babai",ilocano,
m,mail,"n. correo, sursurat, supot a pagyanan dagiti sursurat",ilocano,
m,mail order,n. gatangen babaen ti correo,ilocano,
m,main,adj. gitna ng dagat,ilocano,
m,mainstay,"n. segcat, pagsadagan",ilocano,
m,maintain,"v. salacniban idulin, ituloy",ilocano,
m,maintenance,"n. salacnib, panangituloy",ilocano,
m,majestic,"adj. dackel, natan-oc",ilocano,
m,majesty,n. kinatan-oc,ilocano,
m,major,"adj., n. cangrunaan",ilocano,
m,majority,n. caaduan,ilocano,
m,make,n. marca,ilocano,
m,make,"v. kita ken tabas, aramiden, ipasay, ibayog",ilocano,
m,make-up,"n. urnos, pagpapintas, cababalin",ilocano,
m,maker,n. agar-aramid,ilocano,
m,makeshift,"adj. apagbiit, apagcanito a maaramat a cas ti calapaw",ilocano,
m,malcontent,"adj. napaay, di napnec",ilocano,
m,male,n. lalaki,ilocano,
m,malediction,n. lunod,ilocano,
m,malefactor,"n. criminal, managbasol",ilocano,
m,man,"n. tao, nataengan a lalaki",ilocano,negative
m,man,"v. iccan iti abuno a lalaki, papigsaen",ilocano,negative
m,manage,"v. timbengen, iturong a siannad",ilocano,
m,manager,n. mangiturong,ilocano,
m,mandate,n. bilin,ilocano,
m,mangle,"v. iwaen, rebbaen, dadaelen, lasangen",ilocano,
m,mangrove,n. cayo nga agramut iti sangana ken agtubo a sabali a pinoun,ilocano,
m,manhood,n. panagbiag ti maysa a lalaki,ilocano,
m,manicurist,n. mangpapintas iti cuco,ilocano,
m,manifest,n. papel a pacakitaan iti gargaret ti vapor,ilocano,
m,manifold,"adj. adu, nadumaduma",ilocano,
m,manipulate,"v. iturong, iggaman",ilocano,
m,manners,"n. cababalin, sursuro",ilocano,
m,manslaughter,n. panangpatay iti adu a tao,ilocano,
m,mantle,n. abbong ti lamisaan,ilocano,
m,manual,"adj. maipapan iti panangaramat iti ima, libro, panagsanay",ilocano,
m,manufacture,n. aramid,ilocano,
m,manufacturer,n. agar-aramid,ilocano,
m,many,"adj. adu, nawadwad",ilocano,
m,map,n. mapa,ilocano,
m,marble,n. marmol,ilocano,
m,march,n. Marzo,ilocano,
m,march,v. marcha,ilocano,
m,mare,n. cabayan a caballo,ilocano,
m,margin,"n. igid, iking",ilocano,
m,mark,"n. marca, tanda",ilocano,
m,marriage,"n. panagcasar, casar",ilocano,
m,marriageable,adj. tumutop a tawen a pannakicallaysa,ilocano,
m,marry,v. panagcallaysa,ilocano,
m,martial,adj. maipapan iti callaysa,ilocano,
m,martyr,"n. martir, banuar",ilocano,
m,marvelous,"adj. nacacascasdaaw, datdatiang, saan a nacappapati",ilocano,
m,masculine,adj. maipapan iti lalaki,ilocano,
m,mask,"n. abbong ti rupa, mascara",ilocano,
m,mason n.,"masonero, maysa a tao nga agputed, mangisagana ken agtrabajo iti bato",ilocano,
m,masonic,maipanggep cadagiti masonero,ilocano,
m,masquerade,"n. panagmascara, pasala a nagmascara ti tumabuno",ilocano,
m,mass,"n. misa, dayup, nangnangruna a paset caaduan",ilocano,
m,massacre,n. naranggas panagpatay iti adu,ilocano,
m,master,"n. pangulo, lider, apo",ilocano,
m,master,"v. parameken, adalen, a nanimbag",ilocano,
m,masthead,"n. lagyag ti sasacyan, paulo ti pagwarnac",ilocano,
m,mat,n. icamen,ilocano,
m,match,n. gurabis,ilocano,
m,match,"v. itulad, iparis, ipadpad",ilocano,
m,mate,"n. oficial ti vapor, asawa, cadua",ilocano,
m,material,n. casapulan,ilocano,
m,materialistic,adj. manangipateg iti banag ti lubong,ilocano,
m,matter,"n. banag, linaon",ilocano,
m,matter,"n. panggep, banag",ilocano,
m,mattress,"n. culchon, arpaw",ilocano,
m,mature,adj. nataengan naluumen,ilocano,
m,maturity,n. casasaad ti nataengan,ilocano,
m,maul,"v. baywen, tumeken",ilocano,
m,maxim,"n. prverbio, pagsasao",ilocano,
m,maybe,"adj. nalabit, mabalin",ilocano,
m,mayflower,n. Sabong ti Mayo,ilocano,
m,mayor,"n. alcalde, mayor",ilocano,
m,maze,"n. panagsiddaaw, nariribuc a panunot",ilocano,
m,me,pron. siac,ilocano,
m,meadow,"n. caruotan, tanap a pagaraban dagiti ayup",ilocano,
m,meal,n. canen,ilocano,
m,mean,"adj. nanababa, caaduan, cadsaaran, tengnga",ilocano,
m,mean,v. panggepen a sawen,ilocano,
m,meandering,"adj. panagpailailang, agricosricos",ilocano,
m,meaning,n. caipapanan,ilocano,
m,meantime,adj. cabayatan,ilocano,
m,measles,n. tuco,ilocano,
m,measly,"adj. naacaran iti tuco, bassit",ilocano,
m,measure,"n. rucod, sucacat",ilocano,
m,measure,"v. rucoden, sucaten",ilocano,
m,meat,n. carne,ilocano,
m,mechanic,n. mecanico,ilocano,
m,meciless,"adj. awanan asi, naranggas",ilocano,
m,medal,adj. medalla,ilocano,
m,meddle,v. makibiang,ilocano,
m,meddling,n. makibibiang,ilocano,
m,medicine,n. agas,ilocano,
m,meditation,n. panagpanunot,ilocano,
m,meek,"adj. naanus, nadayaw, napacumbaba",ilocano,
m,meet,"v. agsarac, agkita, agsabat",ilocano,
m,meeting,"n. taripnong, miting",ilocano,
m,melancholy,adj. naladingit,ilocano,
m,melody,"n. aweng, melodia, musica, ayug",ilocano,
m,melt,"v. marunaw, pannacarunaw",ilocano,
m,melting pot,"n. banga a paglaocan, pagdaagupan",ilocano,
m,member,n. cameng,ilocano,
m,membership,n. panagcameng,ilocano,
m,membrane,n. naingpis a banag a mangcalub iti paset ti bagi,ilocano,
m,memorial,n. pacalaglagipan,ilocano,
m,memorize,v. tandaanan,ilocano,
m,memory,n. lagip,ilocano,
m,menace,n. peggad,ilocano,
m,mend,"v. tacupan, daiten",ilocano,
m,mendacious,"adj. nakillo, ulbod",ilocano,
m,mendicant,n. agpalpalama,ilocano,
m,mention,"n. panangisarita, pananginagan",ilocano,
m,mercenary,"adj. agpaay gapu la iti cuarta, naagum",ilocano,
m,merchandise,n. tagilaco,ilocano,
m,merchant,n. agtagtagilaco,ilocano,
m,mercy,"n. asi, ayat",ilocano,
m,mere,"adj. laeng, maymaysa",ilocano,
m,merger,"n. pangtitipon, panaglaoc",ilocano,
m,merit,"n. gunggona, pateg",ilocano,positive
m,meritorious,"adj. tumutop a maiccan iti gunggona, pammadayaw",ilocano,
m,merry,adj. naragsac,ilocano,
m,message,"n. damag, mensaje",ilocano,
m,metaphor,"n. panangyarig, panangtulad",ilocano,
m,meteoric,adj. napartac,ilocano,
m,meter,"n. pagrucod, metro",ilocano,
m,method,"n. panagaramid, pamay-an",ilocano,
m,microscopic,adj. babassit a banag a saan a makita ti mata,ilocano,
m,middle,"n. tengnga, baet",ilocano,
m,midnight,n. tengnga ti rabii,ilocano,
m,midst,"n. let-ang, tengnga",ilocano,
m,midwife,"n. mangngilot, partera",ilocano,
m,mighty,adj. napigsa,ilocano,
m,migratory,adj. managalis,ilocano,
m,mild,"adj. naalumamay, naraman",ilocano,
m,mildew,n. sakit ti mula,ilocano,
m,mile,"n. milla, 5280 a pie, 1760 a yarda",ilocano,
m,mileage,n. cawatiwat,ilocano,
m,militant,"adj. sisasagana, naregta",ilocano,
m,military,adj. maipapan iti buyot,ilocano,
m,militate,"v. busoren, sarangten, supiaten",ilocano,
m,milk,n. gatas,ilocano,
m,milk,v. gatasen,ilocano,
m,milkfish,n. bangos,ilocano,
m,mill,n. gilingan,ilocano,
m,miller,n. gumigiling,ilocano,
m,milling,v. aggil-giling,ilocano,
m,million,n. riwriw,ilocano,
m,millionaire,"n. bacnang, millonario",ilocano,
m,millionth,adj. maicariwriw,ilocano,
m,mimic,n. agtutulad,ilocano,
m,mind,"n. panunot, isip",ilocano,
m,mind,v. icaso,ilocano,
m,mine,"n. disso a pagtaudan ti balitoc wenno dadduma a metal, pagminasan",ilocano,
m,mine,pron. cucuac,ilocano,
m,miner,n. minero,ilocano,
m,mingle,v. makilaoc,ilocano,
m,miniature adj.,bassit,ilocano,
m,minister,"n. ministro, pangulo to maysa a benneg",ilocano,
m,minor,"adj. basbassit a bilang, saan a natengan",ilocano,
m,mint,n. pagaramidan iti cuarta,ilocano,
m,minute,"n. adj. canito, minuto",ilocano,
m,miracle,n. milagro,ilocano,
m,mire,n. capitacan,ilocano,
m,mirror,n. sarming,ilocano,
m,mirror,"v. iparangarang, iladawan",ilocano,
m,mirth,"n. rago, ragsac",ilocano,
m,mirthful,adj. naragsac,ilocano,
m,miscellaneous,adj. nadumaduma,ilocano,
m,mischief,"n. kinaulpit, kinaranggas",ilocano,
m,mischief,n. saan a maicanada nga aramid,ilocano,
m,miserabel,"adj. napanglaw, nacacaasi",ilocano,
m,misery,n. dackel a pagtuocan,ilocano,
m,misfortune,n. dakes a gasat,ilocano,
m,miss,"n. Miss, panawangawag iti balasang",ilocano,
m,mistake,n. biddut,ilocano,
m,mistake,v. agbiddut,ilocano,
m,mistress,"n. babai a pangulo ti caman, escuela, babai nga addaan iti turay wenno panagtagicua",ilocano,
m,misty,"adj. naulep, naangep",ilocano,
m,mix,"v. paglaoken, pagtiponen",ilocano,
m,mixture,"n. panaglaoc, panagtipon",ilocano,
m,moan,"v. unnoy, asug",ilocano,
m,mob,n. naringgor a taripnong,ilocano,
m,mobile,"adj. nalaca a magunay, nalaca a masuctan",ilocano,
m,mock,"v. guyaban, laisen",ilocano,
m,mockery,"n. panagguyab, panagguyab, pananglais",ilocano,
m,mode,"n. ugali, wagas",ilocano,
m,model,"n. modelo, pagtuladan",ilocano,
m,moderate,adj. calalainganna,ilocano,
m,moderistic,adj. cabarbaro,ilocano,
m,modern,"adj. agdama, baro",ilocano,
m,modest,"adj. saan a napasindayaw, napacumbaba",ilocano,
m,modification,n. panagpabaro,ilocano,
m,moist,"adj. nabasa, nadam-eg",ilocano,
m,moisture,"n. caabasa, danum",ilocano,
m,mole,n. siding,ilocano,
m,molest,v. panangsinga,ilocano,
m,moment,n. canito,ilocano,
m,momentous,"adj. napateg, nadagsen",ilocano,
m,monarch,"n. ari, agturay, monarca",ilocano,
m,monarchy,"n. pagarian nga iturayan ti ari, emperador",ilocano,
m,monday,n. Lunes,ilocano,
m,money,"n. cuarta, pirac",ilocano,
m,money-bag,n. supot ti cuarta,ilocano,
m,moneyed,adj. nabacnang,ilocano,
m,monkey,"n. bakes, songgo",ilocano,
m,monkey,"v. rabaken, cuditen",ilocano,
m,monsieur,"n. panagdayaw, apo",ilocano,
m,monster,n. nacabutbuteng nga ayup,ilocano,negative
m,monstrous,adj. nacabutbuteng,ilocano,
m,month,n. bulan,ilocano,
m,monthly,n. binulan,ilocano,
m,monument,n. monumento,ilocano,
m,monumental,"adj. nabileg, rumbeng a lagipen, nasken",ilocano,positive
m,mood,"n. casasaad, ricna",ilocano,
m,moody,"adj. naulimec, nalinday",ilocano,
m,moon,n. bulan,ilocano,
m,moonlight,n. silnag ti bulan,ilocano,
m,moonstruck,"adj. agbagtit, agballa",ilocano,
m,moral,n. cababalin a nasayaat,ilocano,
m,morbid,"adj. malmalday, masacsakit",ilocano,
m,more,adv. adadu,ilocano,
m,moreover,adv. casta met,ilocano,
m,morning,"n. agsapa, bigat",ilocano,
m,morsel,n. sangcakittab sangcabassit a paset,ilocano,
m,mortal,adj. macapatay,ilocano,negative
m,mortal,"n. tao, matay",ilocano,negative
m,mortality,"adj. bilang ti natay, casasaad ti managbasol",ilocano,
m,mosquito,n. lamoc,ilocano,
m,moss,n. lumot,ilocano,
m,most,adv. caaduan,ilocano,
m,moth,n. simotsimot,ilocano,
m,mother,"n. nanang, ina",ilocano,
m,mother,v. taracnen,ilocano,
m,motherhood,n. casasaad ti ina,ilocano,
m,motion,"n. aramid, garaw tignay",ilocano,
m,motivation,n. panangipalawag iti gandat,ilocano,
m,motive,"n. pagapu, gandat",ilocano,
m,motley,adj. nadumaduma a kita,ilocano,
m,motor,"n. motor, maquina",ilocano,
m,motorcycle,n. motorciclo,ilocano,
m,motorized,adj. addan motor wenno maquina,ilocano,
m,motorman,n. agpaandar iti motor,ilocano,
m,motto,"n. pagsasao, refran",ilocano,
m,mould,n. damili,ilocano,
m,moulder,n. agdamdamili,ilocano,
m,mount,"v. ngumato, agsacay",ilocano,
m,mountain,n. bantay,ilocano,
m,mountainous,adj. cabambantayan,ilocano,
m,mourn,"v. agladingit, lumdaang",ilocano,
m,mouse,"n. bao, marabutit",ilocano,
m,mouth,n. ngiwat,ilocano,
m,mouthful,adj. sangcasacmal,ilocano,
m,mouthpiece,n. pannacangiwat,ilocano,
m,movable,adj. mayalis,ilocano,
m,move,"v. umalis, aggaraw",ilocano,
m,movement,n. tignay,ilocano,
m,moving picture,n. cine,ilocano,
m,mow,"v. gapasen, putden",ilocano,
m,much,"adj. adu, nawadwad",ilocano,
m,mucus,n. buteg,ilocano,
m,mud,n. pitac,ilocano,
m,mud-skipper,n. talimusac,ilocano,
m,muddle,"n. riri, gulo",ilocano,
m,mudfish,n. paltat,ilocano,
m,mullet,n. maysa a kita ti ican,ilocano,
m,multiply,"v. paaduen, agadu",ilocano,
m,multitude,"n. caaduan, ummong",ilocano,
m,mundane,"adj. nailubongan, naidagaan",ilocano,
m,municipal,"adj. municipio, ili",ilocano,
m,murder,n. panangpapatay,ilocano,
m,murder,v. pammapatay,ilocano,
m,murmur,n. tanamitim,ilocano,
m,muscle,n. lasag,ilocano,
m,muse,n. mutia,ilocano,
m,muse,v. panagpanunot,ilocano,
m,museum,"n. museum, pagtaengan dagiti madal-adal iti un-unana",ilocano,
m,mushy,adj. agpaay iti babai,ilocano,
m,music,"n. musica, ayug",ilocano,
m,musical,adj. maipapan iti musica,ilocano,
m,musician,n. cameng ti orquesta,ilocano,
m,must,"v. masapul, rumbeng",ilocano,
m,mustache,n. barbas,ilocano,
m,mute,"adj. naulimec, mutal, umel",ilocano,
m,mutilate,"v. tadtaden, cunesen",ilocano,
m,mutinity,n. yaalsa ti agpaay iti vapor,ilocano,
m,mutual,adj. agsinnubalit,ilocano,
m,my,pron. cucuac,ilocano,
m,myopic,n. sakit ti mata,ilocano,
m,myself,pron. siac,ilocano,
m,mysterious,adj. nacascasdaaw,ilocano,
m,mystery,"n. nalined a banag, datdatlag",ilocano,negative
m,mystic,adj. nacascasdaaw,ilocano,
n,nail,"n. lansa, cuco",ilocano,
n,nail,v. ilansa,ilocano,
n,naked,"adj. labus, lamolamo",ilocano,
n,name,n. nagan,ilocano,
n,name,v. inaganan,ilocano,
n,nameless,adj. awanan iti nagan,ilocano,
n,nap,n. riped,ilocano,
n,napkin,n. servilleta,ilocano,
n,narrate,"v. isarita, ipalawag",ilocano,
n,narration,"n. sarita, palawag",ilocano,
n,narrow,adj. akikid,ilocano,
n,narrowly,"adv. dandani, nagistayan",ilocano,
n,nasal,adj. maipapan iti agong,ilocano,
n,nation,n. pagilian,ilocano,
n,nationalistic,adj. naatay iti ili,ilocano,
n,nationality,n. tattao o mangbukel iti nacion,ilocano,
n,native,"n. anac, tubo",ilocano,
n,natural,adj. cadawyan,ilocano,positive
n,naturalize,n. awaten a cas maysa a makipagili,ilocano,
n,naturally,"adv. iti kinapudnona, cas cadawyan",ilocano,
n,nature,n. law-ang,ilocano,
n,naught,"n. pananacaawan, caawan",ilocano,
n,naughty,"adj. naalicuteng, naalimegmeg",ilocano,
n,nausea,n. panagsakit ti tian,ilocano,
n,navigable,adj. malasatan ti sasacayan,ilocano,
n,navy,n. armada,ilocano,
n,near,adv. or prep. asideg,ilocano,
n,nearly,adv. nagistayan,ilocano,
n,necessary,"adj. casapulan, nasken",ilocano,
n,necessity,n. casapulan,ilocano,
n,neck,n. tengnged,ilocano,
n,necklace,n. cuentas,ilocano,
n,necktie,n. corbata,ilocano,
n,need,"n. casapula, masapul",ilocano,
n,need,v. casapulan,ilocano,
n,needle,"n. dagom, pagdait",ilocano,
n,needy,"adj. macasapul, marigrigat",ilocano,
n,nefarious,adj. dakes,ilocano,
n,neglect,n. pannacaliway,ilocano,
n,neglect,v. liwayan,ilocano,
n,neglectful,"adj. managliway, managlipat",ilocano,
n,negotiations,n. saritaan,ilocano,
n,negotiative,"v. ilaco, lumasat",ilocano,
n,negro,"n. nangisit, negro",ilocano,
n,neighbor,n. caarruba,ilocano,
n,neighborhood,n. puroc,ilocano,
n,neither,"adv. uray ania, saan, awan",ilocano,
n,neophyte,n. agdadamo,ilocano,
n,nephew,n. caanacan a lalaki,ilocano,
n,nerve,"n. tured, ur-urat",ilocano,
n,nervous,"adj, managtigerger, nabutbuteng",ilocano,
n,nest,"n. umoc, taeng",ilocano,
n,nestle,"v. agapun, aginana",ilocano,
n,net,n. iket,ilocano,
n,net income,n. nasapulan a naiccat ti nabusbos,ilocano,
n,neutral,adj. agtengnga,ilocano,
n,never,adv. saan uray inton caano,ilocano,
n,nevertheless,adv. uray pa,ilocano,
n,new,adj. baro,ilocano,
n,newspaper,n. pagiwarnac,ilocano,
n,newyear's day,n. Baro a Tawen,ilocano,
n,next,n. sumaruno,ilocano,
n,nibble,v. kiraber,ilocano,
n,nice,"adj. napintas, nasayaat",ilocano,
n,niche,"n. takem, pagyanan ti monumento",ilocano,
n,nickel,"n. nickel, lima a centavo",ilocano,
n,nickel-plated,adj. nacalupcopan iti nickel,ilocano,
n,nickname,"n. palayaw, birngas",ilocano,
n,niece,n. caanancan a babai,ilocano,
n,niggard,"adj. naimut, nainut",ilocano,
n,night,n. rabii,ilocano,
n,nightmare,n. arapaap iti rabii,ilocano,
n,nimble,adj. naparagsit,ilocano,
n,nine,n. siam,ilocano,
n,nineteen,n. sangapulo ket siam,ilocano,
n,nineteenth,adj. maicasangapulo ket siam,ilocano,
n,ninety,n. sian a pulo,ilocano,
n,ninth,adj. maicasiam,ilocano,
n,nip,"v. gupden, cagaten, palamiisen",ilocano,
n,nipple,n. suso,ilocano,
n,no,"adv. saan, awan",ilocano,
n,noble,"adj. naayat, natan-oc",ilocano,
n,nobody,pron. awan ti uray siasino man,ilocano,
n,nocturnal,adj. maipapan iti rabii,ilocano,
n,nod,n. tunged,ilocano,
n,nod,v. agtunged,ilocano,
n,node,n. buco,ilocano,
n,noise,n. ariwawa,ilocano,
n,noisy,adj. naariwawa,ilocano,
n,nominal,adj. ti nainaganan laeng,ilocano,
n,nominate,v. inaganan,ilocano,
n,nomination,n. pannacainagan,ilocano,
n,nominee,"n. candidato, papili, nainaganan",ilocano,
n,nonchalant,"adj. nalamiis, saan a napinget",ilocano,
n,none,adv. awan,ilocano,
n,nonesense,n. kinamaag,ilocano,
n,nonstop,adj. awanan sardeng,ilocano,
n,noon,"n. tengnga ti adlaw, agmatuon",ilocano,
n,nor,adv. wenno,ilocano,
n,normal,adj. cadawyan,ilocano,
n,north,n. amiaman,ilocano,
n,northern,adj. akin-amianan,ilocano,
n,nose,n. agong,ilocano,
n,nosedive,v. agsuec,ilocano,
n,not,"adv. saan, awan",ilocano,
n,notable,adj. nalatac,ilocano,
n,note,"n. nota, surat, tanda",ilocano,
n,noticable,adj. maimatangan,ilocano,
n,notice,n. pacaammo,ilocano,
n,notice,v. kitaen,ilocano,
n,notify,v. ipacaammo,ilocano,
n,notion,"n. panunot, pagarup",ilocano,
n,notorious,adj. agdindinamag a dakes,ilocano,
n,noun,n. banag,ilocano,
n,nourishment,n. taraon,ilocano,
n,novel,"n. novela, cabibiag",ilocano,
n,novelty,n. baro a wagas wenno moda,ilocano,
n,november,n. Noviembre,ilocano,
n,novice,"n. agdadamo, baro",ilocano,
n,now,adv. ita,ilocano,
n,nude,"adj. ussob, lamolamo",ilocano,
n,nudge,"v. calbiten, iduron",ilocano,
n,null,adj. awanan caipapanan,ilocano,
n,numb,adj. napipikel,ilocano,
n,number,"n. bilang, numero",ilocano,
n,numerous,"adj. adu, napuscol",ilocano,
n,nun,n. monja,ilocano,
n,nuptial,"n. casar, callaysa",ilocano,
n,nurse,"n. ""nurse"", agtaraken",ilocano,
n,nurse,"v. taracnen, bantayan",ilocano,
n,nursery,n. pagtaracnan,ilocano,
n,nurtitiious,adj. naanag,ilocano,
n,nurture,"v. agpanunot, isuro",ilocano,
n,nutrition,n. panangtaraon,ilocano,
n,nutty,adj. agballa,ilocano,
n,nymph,n. encantado,ilocano,
o,o'clock,n. ti horas,ilocano,
o,oak,n. maysa a kita ti cayo idiay America,ilocano,
o,oar,n. gaod,ilocano,
o,oath,"n. cari, panagcari",ilocano,
o,obdurate,"adj. napuso, natured",ilocano,
o,obedience,n. panagtungpal,ilocano,
o,obedient,"adj. natulnog, managtungpal",ilocano,
o,obese,adj. nalucmeg,ilocano,
o,obey,v. agtungpal,ilocano,
o,object,v. sumupiat,ilocano,
o,objection,n. panangsupiat,ilocano,
o,objective,"n. gagara, panggep",ilocano,
o,obligation,"n. rebbengen, carbengan",ilocano,
o,oblige,"v. pannacapapilit, naipapilit",ilocano,
o,obliterate,"v. dadaelen, pucawen",ilocano,
o,obliteration,"n. panangdadael, panangpucaw",ilocano,
o,oblivion,n. pananglipat,ilocano,
o,obscene,adj. naalas,ilocano,
o,obscure,"adj. nasipnget, nalidem",ilocano,
o,observant,adj. managpaliiw,ilocano,
o,observation,n. paliiw,ilocano,
o,observe,"v. paliiwen, rambacan",ilocano,
o,obsolete,"adj. nalapasen, daan",ilocano,
o,obstacle,n. dagiti abbeng,ilocano,
o,obstinate,"adj. natangken, mannangipapilit",ilocano,
o,obstruct,v. lappedan,ilocano,
o,obstruction,n. lapped,ilocano,
o,obtain,v. alaen,ilocano,
o,obtainable,adj. mabalin nga alaen,ilocano,
o,occasion,n. maysa a tiempo a panangtaming iti aramid,ilocano,
o,occasional,adj. sagpaminsan,ilocano,
o,occident,n. ti laud,ilocano,positive
o,occult,"adj. nacascasdaaw, carcara, casla salamangca",ilocano,
o,occupation,"n. pagsapulan, pannacasacup",ilocano,
o,occupy,v. sacupen,ilocano,
o,occur,v. rumsua,ilocano,
o,occurrence,n. pasamac,ilocano,
o,ocean,n. dackel a bagi ti danum a cas ti Pacifico,ilocano,
o,october,n. Octubre,ilocano,
o,odd,"adj. saan a padapada, maymaysa, carcarna",ilocano,
o,oddity,n. casasaad ti pagsiddaawan,ilocano,
o,odor,n. angut,ilocano,
o,of,"prep. ken, ken ni, cucua ni, maipapan",ilocano,
o,off,"adv. adayo, iti ruar, naisina",ilocano,
o,offend,"v. pasactan, paruroden",ilocano,
o,offense,"n. panangrurod, panangpasakit",ilocano,
o,offensive,"adj. macasair, macaparurod",ilocano,
o,offer,"n. pannangted, panangidiaya",ilocano,
o,offer,"v. itdan, iccan, idiaya",ilocano,
o,office,n. oficina,ilocano,
o,official,"n. oficial, pangulo, agturay",ilocano,
o,officiate,"v. ipangulo ti trabajo ti oficina, wenno ceremonia",ilocano,
o,offspring,n. anac,ilocano,
o,often,adv. masansan,ilocano,
o,oftentimes,adv. masansan,ilocano,
o,oil,n. lana,ilocano,
o,oily,adj. nalana,ilocano,
o,old,"adj. nataengan, nabayagen, daan",ilocano,
o,oldtimer,"n. nabatagen, naisigud",ilocano,
o,ominous,"adj. mangbutbuteng, agpartaan",ilocano,
o,omit,"v. baybay-an, lisian, iccaten",ilocano,
o,on,"prep. iti, ti rabaw ti",ilocano,
o,once,"adv. naminsan, dagus",ilocano,
o,one,n. maysa,ilocano,
o,one-sided,adj. maysa ti ikingna,ilocano,
o,onion,"n. sibutas, lasona",ilocano,
o,only,adv. laeng,ilocano,
o,onslaught,n. nacaamamac a panangraut,ilocano,
o,onward,adv. dumarup,ilocano,
o,ooze,"v. agayus, rumuar",ilocano,
o,opalescent,adj. agduduma a maris,ilocano,
o,opaque,adj. agsalagasag,ilocano,
o,open,adj. silulucat,ilocano,
o,open,v. paglucatan,ilocano,
o,operate,"v. mangpapagna, mangaramat",ilocano,
o,operation,"n. operacion, panangpatignay",ilocano,
o,operator,n. mangtarawidwid,ilocano,
o,opinion,"n. panunot, capanunotan",ilocano,
o,opponent,"n. calaban, cabusor",ilocano,
o,opportune,adj. mainugot a panawen,ilocano,
o,opportunistic,adj. managgundaway,ilocano,
o,opportunity,n. gundaway,ilocano,
o,oppose,"v. surungen sabten, darupen",ilocano,
o,opposite,"adj. casango, sungani",ilocano,
o,opposition,"n. casango, isusupiat",ilocano,
o,oppressed,adj. mairurumen,ilocano,
o,oppression,n. pannacairurunem,ilocano,
o,optical,adj. maipapan iti mata,ilocano,
o,optician,n. mangngagas iti mata,ilocano,
o,or,conj. wenno,ilocano,
o,oracle,"n. mammadles, mamadto",ilocano,
o,oral,adj. maibalicas,ilocano,
o,orally,adv. sibabalicas,ilocano,
o,orange,"n. cajil, kita ti color",ilocano,
o,oration,n. bitla,ilocano,
o,orchard,n. minuyongan,ilocano,
o,ordain,"v. ipasdec, ordenan, ibilin",ilocano,
o,ordeal,n. tuoc,ilocano,
o,order,"n. panagibaon, urnos, bilin",ilocano,positive
o,order,"v. paipaw-it, ibaon",ilocano,positive
o,ordinance,n. bilin,ilocano,
o,ordinary,"adj. caaduan, cadawyan",ilocano,
o,organ,"n. organo, aramaten ti panagtocar a cas ti piano",ilocano,negative
o,organist,n. agtocar iti organo,ilocano,
o,organization,n. timpuyog,ilocano,
o,organize,v. buangayen buclen,ilocano,
o,orgy,"n. kin labes, nalabes a ragsac",ilocano,
o,orient,"n. daya, dagiti nacion nga adda iti Asia ken amianan ti Australia",ilocano,
o,original,"n. ti damo, immuna, nasapa",ilocano,
o,orphan,"n. ulila, awanan naganaac",ilocano,
o,orphanage,n. taeng dagiti ululila,ilocano,
o,osculate,v. agcan,ilocano,
o,other,adj. ti sabali,ilocano,
o,otherwise,prep. maipapan iti sabali wenno,ilocano,
o,ought,"v. rebbeng, rumbeng, carbengan",ilocano,
o,ounce,"n. 1/16 ti maysa a libra, onsa",ilocano,
o,our,"pron. (suffix) tayo, cucuatayo",ilocano,
o,ourselves,pron. bagitayo,ilocano,
o,oust,v. iccaten,ilocano,
o,ousted,"adj. niaccat, pinaalis",ilocano,
o,out,adv. idiay ruar,ilocano,
o,outburst,n. panagbettac,ilocano,
o,outcome,n. banag,ilocano,
o,outgrowth,n. sulbod,ilocano,
o,outlaw,"n. tulisan, managsalungasing iti linteg",ilocano,
o,outline,n. balabala,ilocano,
o,outside,n. ruar,ilocano,
o,outward,adj. rumuar,ilocano,
o,oven,"n. pugon, orno",ilocano,
o,over,"prep. rabaw, nalpasen, maipapan",ilocano,
o,overbearing,"adj. natangig, manangituray",ilocano,
o,overcoat,"n. capote, abbong",ilocano,
o,overcome,v. sarangten,ilocano,
o,overflow,v. aglipias,ilocano,
o,overflowing,adj. agliplipias,ilocano,
o,overhaul,v. usigen ken tarimaanen,ilocano,
o,overpower,v. parucmaen,ilocano,
o,overtake,v. camcamen,ilocano,
o,overthrow,"n. isubli, parmeken",ilocano,
o,overthrow,"v. pannacaisubli, pannacaparmec",ilocano,
o,owe,v. utangen,ilocano,
o,owl,"n. puec, maysa a kita ti billit",ilocano,
o,own,v. tagicuaen,ilocano,
o,owner,"n. akincucua, agtagicua",ilocano,
o,ox,n. lalaki a vaca,ilocano,
o,oxytone,adj. nasinggit,ilocano,
o,oyster,n. tirem,ilocano,
p,pace,n. addang,ilocano,
p,pacific,"adj. naulimec, natalna",ilocano,
p,pacification,"n. panagtalna, panagulimec",ilocano,
p,pack,"n. balcot, tampong",ilocano,
p,pack,"v. agbalcot, agbungon",ilocano,
p,packer,n. agbalbalcot,ilocano,
p,paddle,n. gaod,ilocano,
p,padlock,n. candado,ilocano,
p,pagan,n. atap a tao awanan iti religion,ilocano,
p,page,n. panid,ilocano,
p,page,v. ipanid,ilocano,
p,pageant,n. pabuya,ilocano,
p,pageantry,n. nadaeg a pabuya,ilocano,
p,paging,n. binulong ti libro,ilocano,
p,pail,"n. timba, balde",ilocano,
p,pain,"n. sakit, utot",ilocano,negative
p,painful,"adj. nasakit, naut-ot",ilocano,
p,painless,adj. awanan sakit,ilocano,
p,paint,"n. pintura, pinta",ilocano,
p,paint,v. pintaan,ilocano,
p,painter,n. pumipinta,ilocano,
p,pair,"n. dua, paris, agcaasmang",ilocano,
p,pal,"n. gayyem, cadua",ilocano,
p,palace,"n. palacio, balay ti ari",ilocano,
p,palatial,adj. dackel a balay,ilocano,
p,pale,"adj. nabessag, nalusiaw",ilocano,
p,palisade,n. alad ti cauartel,ilocano,
p,pallid,adj. bumbumsag,ilocano,
p,palm,n. daculap kita ti cayo a cas ti niog,ilocano,
p,paltry,"adj. saan a napateg, saan a nasker",ilocano,
p,pan,n. palanggana,ilocano,
p,panacea,"n. agas ti amin a kita ti sakit, pamuspusan ti caaduan",ilocano,
p,pane,n. sarming ti ridaw wenno tawa,ilocano,
p,panel,"n. diding, abbong",ilocano,
p,panic,n. riribuc gapu iti buteng,ilocano,
p,panorama,n. buya a nalawa,ilocano,
p,pant,"v. agal-al, pantalon, sapin",ilocano,
p,pantry,n. pagidulinan iti canen,ilocano,
p,papa,"n. ama, tata, tatang",ilocano,positive
p,paper,n. papel,ilocano,
p,parachute,n. dackel a payong a pagbaba,ilocano,
p,paradise,"n. paraiso, gloria",ilocano,
p,paragon,"n. casayaatan a kita, pagwadan",ilocano,
p,paragraph,"n. paset ti sinurutan, ummong ti binatog",ilocano,
p,parallel,adj. agcabatog,ilocano,
p,paralytic,adj. inutil,ilocano,
p,parasite,n. agbiag iti sabali,ilocano,
p,parcel,"n. bungon, binungon, kelleng",ilocano,
p,pardon,"n. pammacawan, pacawan",ilocano,
p,pardonable,adj. mapacawan,ilocano,
p,parent,"n. naganac, ama wenno ina",ilocano,
p,parentage,n. nagtaudan nga ama ken ina,ilocano,
p,parity,n. panagpada,ilocano,
p,park,"n. minuyongan, plaza",ilocano,positive
p,park,v. susardeng,ilocano,positive
p,parking lot,n. disso a pangisardengan iti lugan,ilocano,
p,parliament,n. Pagaramidan iti linteg idiay Inglatera,ilocano,
p,parlor,"n. balcon, pagtaengan dagiti sangaili",ilocano,
p,parrot,n. loro,ilocano,
p,parson,"n. ministro, pastor, wenno padi",ilocano,
p,part,n. paset,ilocano,
p,partake,"v. makibingay, tumipon",ilocano,
p,partial,adj. agduyos iti maysa,ilocano,
p,participate,"v. makitaripnong, makitipon",ilocano,
p,participation,"n. pannakicadua, pannakilaoc",ilocano,
p,particular,adj. naisalumina,ilocano,
p,parting,"n. ipapanaw, pacada",ilocano,
p,partisan,adj. makicadua,ilocano,
p,partition,"n. kelleng, pannacabingay",ilocano,
p,partly,adv. maysa a paset,ilocano,
p,partner,n. cadua,ilocano,
p,partnership,n. panagcadua nga agconercio,ilocano,
p,party,"n. padaya, ganglo",ilocano,
p,pass,v. lumabas,ilocano,
p,passable,adj. malasat,ilocano,
p,passage,"n. flete, panaglasat",ilocano,
p,passenger,"n. pasajero, aglugan",ilocano,
p,passion,"n. naladingit a pasamac, ricna",ilocano,
p,passionate,"adj. nagagem, naayat",ilocano,
p,passport,n. pammalubos iti panagviaje,ilocano,
p,password,n. pagsasao a tanda,ilocano,
p,past,adj. nalpas,ilocano,
p,paste,n. pigket,ilocano,
p,pastime,"n. ayayan, linglingay",ilocano,
p,pastoral,adj. maipapan iti away wenno pastor,ilocano,
p,pastry,n. cancanen,ilocano,
p,pasture,n. pagaraban dagiti ayup,ilocano,
p,pat,v. aprusan,ilocano,
p,patch,"n. aray, tacup",ilocano,
p,patch,v. tacupan,ilocano,
p,paternal,"adj. maipapan iti ama, ti biang ti ama",ilocano,
p,path,v. pagnaan,ilocano,
p,pathetic,"adj. nacacaasi, nacalcaldaang",ilocano,
p,pathos,n. ladingit,ilocano,
p,patience,n. anus asi,ilocano,
p,patient,"adj. naanus, naayat",ilocano,
p,patient,n. masakit,ilocano,
p,patrinomy,n. tawid,ilocano,
p,patriotic,adj. manangayat iti ili,ilocano,
p,patriotism,n. ayat iti ili,ilocano,
p,patron,"n. suki, santo",ilocano,positive
p,patronage,"n. dagiti suki, tulong ti agturay",ilocano,
p,patter,n. panagsao a napardas,ilocano,
p,pattern,n. sucog,ilocano,
p,pause,n. sardeng,ilocano,
p,pause,"v. aginana, agsardeng",ilocano,
p,pavement,n. naiparabaw a bato iti dalan,ilocano,
p,paw,n. nagcuco a saca ti ayup,ilocano,
p,paw,v. caramutan,ilocano,
p,pawn,v. isalda,ilocano,
p,pawnbroker,n. mangsalda,ilocano,
p,pay,n. bayad,ilocano,negative
p,payee,n. ti nagbayadan,ilocano,
p,payment,"n. pagbayad, ti bayad",ilocano,
p,pea,n. gisantes,ilocano,
p,peace,"n. talna, ulimec cappia",ilocano,
p,peaceful,"adj. naulimec, natalna",ilocano,
p,peach,"adj. n. kita ti bunga, napintas a babai",ilocano,
p,peak,"n. rabaw, pantoc",ilocano,
p,peanut,n. mani,ilocano,
p,pear,n. maysa a kita ti cayo,ilocano,
p,pearl,n. perlas,ilocano,
p,pearly,adj. cas perlas,ilocano,
p,peasant,"n. taga away, mannalon",ilocano,
p,peck,v. sippiten,ilocano,
p,peculiar,"adj. manmano, caracarna",ilocano,
p,peddle,v. isursor nga ilaco,ilocano,
p,peddler,n. aglaclaco,ilocano,
p,pedestrians,n. dagiti magmagna,ilocano,
p,peel,v. ukisan,ilocano,
p,peeling,n. nagukisan,ilocano,
p,peep,v. siripen,ilocano,
p,pen,"n. ubong, pluma",ilocano,
p,penalize,v. dusaen,ilocano,
p,pencil,n. lapis,ilocano,
p,penetration,n. iseserrec,ilocano,
p,penitent,adj. agbabawi,ilocano,
p,penitentiary,n. pagbaludan,ilocano,
p,penkinike,"n. lansita, bassit mga imuco",ilocano,
p,penny,"n. cuarta, centavo",ilocano,
p,pension,"n. pension, cuarta a maited a gratis",ilocano,
p,pensive,"adj. managpanunot, naladingit",ilocano,
p,people,"n. tattao, umili",ilocano,
p,people,v. taengan,ilocano,
p,peppery,adj. nagasang,ilocano,
p,per,adj. tunggal maysa,ilocano,
p,perceive,v. siraratan,ilocano,
p,percent,n. por ciento,ilocano,
p,perch,n. pagbatayan,ilocano,
p,perdition,n. pannacadadael,ilocano,
p,peregrination,n. panagbaniaga,ilocano,
p,peremptory,adj. natalged,ilocano,
p,perennial,adj. agnanayon,ilocano,
p,perfect,adj. naan-anay,ilocano,
p,perfection,n. kinaan-anay,ilocano,
p,perforation,"n. abot, pigis",ilocano,
p,perform,v. aramiden,ilocano,
p,performance,n. aramid,ilocano,
p,perfume,n. bangbanglo,ilocano,
p,perhaps,adv. nalabit,ilocano,
p,peril,n. peggad,ilocano,
p,perilous,adj. napeggad,ilocano,
p,period,"n. marca, paset ti panawen, tulnec",ilocano,
p,periodic,adj. tunggal panawen wenno ania man a tiempo,ilocano,
p,perish,"v. sumina, matay",ilocano,
p,perishable,"adj. mapucaw, matay, nalaca a madadael",ilocano,
p,perjury,n. panangidadanes,ilocano,
p,permanent,"adj. agnanayon, manayon",ilocano,
p,permission,"n. palubos, pammalubos",ilocano,
p,permit,n. palubos,ilocano,
p,pernicious,adj. macadadael,ilocano,
p,perpetual,"adj. awan patingga, agnanayon",ilocano,
p,perseverance,"n. anus, kinapinget",ilocano,
p,persevering,"adj. naanus, napinget",ilocano,
p,persist,v. ipapilit,ilocano,
p,person,n. tao,ilocano,
p,personal,"adj. maipapan iti tao, ken cuana",ilocano,
p,perspective,n. panagkita,ilocano,
p,perspire,v. agling-et,ilocano,
p,persuade,"v. awisen, allucoyen",ilocano,
p,persuasion,n. panangawis,ilocano,
p,persuasive,adj. macaawis,ilocano,
p,peruse,"v. imatangan, basaen",ilocano,
p,pest,"n. ayup nga agdadael, angol",ilocano,
p,pestle,"n. alo, gusod, pagbayo",ilocano,
p,pet,n. ipatpateg,ilocano,
p,petition,v. kiddaw,ilocano,
p,petitioner,n. ti agkiddaw,ilocano,
p,petty,"adj. bassit, nakedngan",ilocano,
p,pharmacist,"n. farmaceutico, agisagana iti agas",ilocano,
p,philosopher,n. filisofo,ilocano,
p,philosophy,n. filosofia,ilocano,
p,phlegm,"n. plemo, buteg",ilocano,
p,phlegmatic,adj. narigat a mabawing,ilocano,
p,photographer,n. retratista,ilocano,
p,phrase,n. paset ti sentencia nga awanan iti masasao wenno aramid,ilocano,
p,physical education,n. adal maipapan ti panagpakired iti bagi,ilocano,
p,physician,"n. doctor, mangngagas, medico",ilocano,
p,phyton,n. beclat,ilocano,
p,pick,"n. pili, pico",ilocano,
p,pick up,v. piduten,ilocano,
p,pickle,"n. buro, achara",ilocano,
p,pictorial,"n. ladawan, retrato",ilocano,
p,picturesque,"adj. nadaeg, nabuya",ilocano,
p,pie,n. cancanen,ilocano,
p,piece,n. pirgis,ilocano,
p,piece,v. pagsaipen,ilocano,
p,piercing,"adj. mangitudtudo, sumalpot",ilocano,
p,piety,"n. panagca rarag, panagraem",ilocano,
p,pig,n. baboy,ilocano,
p,pigeon,"n. pagaw, calapati",ilocano,
p,pile,"n. ummong, buntuon",ilocano,
p,pile,v. binuntuon,ilocano,
p,pilgrim,n. ti agbambaniaga,ilocano,
p,pill,n. pilduras,ilocano,
p,pillage,"v. rubbuoten, tacawan",ilocano,
p,pillar,"n. adiggi, sarikedked",ilocano,
p,pillow,n. pungan,ilocano,
p,pimple,n. camuro,ilocano,
p,pin,n. aspili,ilocano,
p,pin,"v. yaspili, icapet",ilocano,
p,pincers,"n. pagipit, pagsipit",ilocano,
p,pinch,v. cudduten,ilocano,
p,pine tree,"n. saleng, aruo",ilocano,
p,pineapple,n. piña,ilocano,
p,pink,adj. de rosas,ilocano,
p,pinnacle,"n. cangatuan, pantoc",ilocano,
p,pint,n. sangcapirit,ilocano,
p,pious,"adj. managcararag, naayat iti Dios",ilocano,
p,pipe,"n. tubo, suaco",ilocano,
p,pistol,"n. pistol, paltog",ilocano,
p,pit,n. nauneg nga abot,ilocano,
p,pitch,"n. alquitran, tono ti musica",ilocano,
p,pitcher,"n. agibatbato iti bola, pagyanaan ti danum",ilocano,
p,pitiful,adj. nacacaasi,ilocano,
p,pity,"n. asi, tulong ayat",ilocano,
p,pity,"v. panangaasi, caasian",ilocano,
p,placard,n. pacdaar,ilocano,
p,placate,"v. aturen, pagtalnaen, pagpenneken",ilocano,
p,place,"n. paset, disso",ilocano,
p,plague,"n. sakit, angol",ilocano,
p,plague,"v. patayen, singaen",ilocano,
p,plain,"adj. padapada, tanap, nalawag, cadawyan a langa",ilocano,
p,plain,"n. tanap, taltalon",ilocano,
p,plan,"n. panunot, plano, gandat",ilocano,
p,plan,"v. gandaten, panggepen",ilocano,
p,plane,"n. catam, tucad",ilocano,
p,planet,n. planeta,ilocano,
p,plant,"n. mula, panagmula",ilocano,
p,plant,v. imula,ilocano,
p,plantation,"n. hacienda, plantacion",ilocano,
p,plaster,"n. plaster, abbong",ilocano,
p,plaster,"v. pigketan, tapalan",ilocano,
p,plastic,"adj. plastico, nalucneng",ilocano,
p,plate,"n. pinggan, puted ti metal",ilocano,
p,platform,"n. entablado, pagtacderan",ilocano,
p,platter,n. bandejado,ilocano,
p,plaudit,n. panangidayaw,ilocano,
p,play,"n. ay-ayam, zarzuela",ilocano,
p,playful,adj. naay-ayam,ilocano,
p,playground,n. pagay-ayaman,ilocano,
p,playmate,"n. cadua nga agay-ayam, caayayam",ilocano,
p,plead,"v. idawat, yasug",ilocano,
p,pleading,"n. asug, dawat",ilocano,
p,pleasant,"adj. nasayaat, macaay-ayo",ilocano,
p,please,"v. ay-ayunen, paragsaken",ilocano,
p,please,"v. nacaay-yo, nasayaat",ilocano,
p,pleasure,n. panagragragsac,ilocano,
p,pledge,n. cari,ilocano,
p,pledge,"v. agcari, icari",ilocano,
p,plenty,"adj. adu, nawadwad",ilocano,
p,plot,"n. panggep, arat ti daga",ilocano,
p,plot,v. panggepen,ilocano,
p,plow,"n. arado, araduen",ilocano,
p,pluck,"v. kettlen, piduten",ilocano,
p,plum,n. sarguelas,ilocano,
p,plumber,n. agtartarimaan cadagiti tubo ti danum,ilocano,
p,plume,n. dutdot,ilocano,
p,plummet,"v. agsuec, agtimag, agregreg",ilocano,
p,plunder,"n. ranggasan, tacawan",ilocano,
p,plural,"adj. adu, nasuroc a maysa",ilocano,
p,plurality,n. kinaadu,ilocano,
p,plus,prep. inayon,ilocano,
p,pluvial,"adj. matutudo, nabasa",ilocano,
p,poet,n. mannaniw,ilocano,
p,poetical,adj. casla daniw,ilocano,
p,point,"n. murdong, natirad nga ungto",ilocano,
p,poison,v. sabidongan,ilocano,
p,poisonous,adj. macasabidong,ilocano,
p,poker faced,adj. saan a mailasin,ilocano,
p,pole,"n. ungto ti lubong, pangsucdal",ilocano,
p,police,n. policia,ilocano,
p,policy,"n. wayat maipapan ti ania man a banag, cas ti panagturay, panaglaco, etc.",ilocano,
p,polish,"v. linisan, pasilengen",ilocano,
p,polished,"v. nalinis, napasileng",ilocano,
p,polite,adj. managdayaw,ilocano,
p,political,adj. maipapan iti politica,ilocano,
p,politician,"n. politico, nalaing maipapan iti panagturay",ilocano,
p,politics,n. politica,ilocano,
p,poll,v. pagnayonen,ilocano,
p,polygamist,n. addaan adu nga asawa,ilocano,
p,pompous,"adj. napasindayaw, nangayed",ilocano,
p,pond,n. basaw,ilocano,
p,pool,"n. maysa a kita ti ay-ayam, basit a paset ti danum",ilocano,
p,pool,n. pagvotasan,ilocano,
p,poor,"adj. napanglaw, nababa",ilocano,
p,poorhouse,n. taeng ti napanglaw,ilocano,
p,pop-eyed,adj. nabukilad unay(mata),ilocano,
p,pope,"n. papa, pangulo ti Iglesia Romana Catolica",ilocano,
p,popularity,n. kinalatac,ilocano,
p,population,n. ti tattao ti ili,ilocano,
p,poular,adj. nalatac,ilocano,
p,precipitate,"v. papardasen, iballadaw, pagtignayen, pasamaken",ilocano,
p,precise,adj. apagisu,ilocano,
p,prepare,v. isagana,ilocano,
p,preparedness,n. panacasagana,ilocano,
p,prescribe,"v. isuro, yammo",ilocano,
p,prescription,"n. pacaamo, palawag",ilocano,
p,presence,"n. sango, caadda",ilocano,
p,present,"adj. madama, casango, adda",ilocano,
p,present,n. sagut,ilocano,
p,present,"v. isango, ipacaammo",ilocano,
p,preservation,n. panangtaginayon,ilocano,
p,preside,v. iturong,ilocano,
p,presidendt,"n. pangulo, presidente",ilocano,
p,press,"n. pagmalditaan, pagiwarnac",ilocano,
p,pressing,adj. nasken,ilocano,
p,pressm v.,"agplancha, italmeg",ilocano,
p,pressure,n. pigsa,ilocano,
p,presume,v. panangipagarup,ilocano,
p,pretend,v. inyarig,ilocano,
p,pretension,n. panagyarig,ilocano,
p,pretty,adj. napintas macaawis,ilocano,
p,prevalence,v. kinaadu,ilocano,
p,prevent,v. atipaen,ilocano,
p,prevention,n. panangatipa,ilocano,
p,previous,"adj. nalpasen, nacalabas",ilocano,
p,prey,"v. dangran, canen",ilocano,
p,price,n. gatad precio,ilocano,
p,prick,v. tuduken,ilocano,
p,prickly heat,n. bagas ti linaget,ilocano,
p,pride,"n. tan-oc, dayaw",ilocano,
p,primary,"n. primaria, dagiti umuna nga uppat a grado cangrunaan a paset",ilocano,
p,prime,"n. caubingan, capigpigsaan",ilocano,
p,primeval,"adj. nataengan, naglabasen a panawen",ilocano,
p,primitive,"adj. cadaanan, atap",ilocano,
p,prince,n. peincipe,ilocano,
p,princely,adj. maipapan iti principe,ilocano,
p,princess,n. princesa,ilocano,
p,principak teacher,n. pangulo dagiti mangisursuro,ilocano,
p,principal,"n. paricipal, puonan",ilocano,
p,principle,n. pagbatayan a wayat,ilocano,
p,print,"n. marca, printa, urit",ilocano,
p,print,"v. marcaan, imaldit",ilocano,
p,printer,"n. mammarca, agimaldit",ilocano,
p,printing press,n. pagimalditan,ilocano,
p,prior,adj. sacbay,ilocano,
p,priority,"n. immuna, sacbay",ilocano,
p,prison,n. pagbaludan,ilocano,
p,pristine,"adj. umuna, calasbangan",ilocano,
p,proof,n. pammanecnec,ilocano,
p,prophesy,v. ipadles,ilocano,
p,prophet,"n. profeta, mammadto",ilocano,
p,prophetic,"adj. managpadto, masirib",ilocano,
p,proportion,"n. panagpapada, panagbagay, urnos, panagbingay",ilocano,
p,proportionate,"adj. agpapada, naurnos, maibagay a panagbingay",ilocano,
p,propose,v. idagadag,ilocano,
p,proposition,"n. singasing, wayat nga idagadag",ilocano,
p,proprietor,n. akincucua,ilocano,
p,proprietry,n. panagtagicua,ilocano,
p,prospect,"n. talged, makitkita",ilocano,
p,prosperity,"n. panagbacnang, panagrang-ay",ilocano,
p,prosperous,adj. narang-ay,ilocano,
p,prospher,"v. bumacnang, rumang-ay",ilocano,
p,prostrate,"adj., v. napadso",ilocano,
p,protect,v. salcniban,ilocano,
p,protective,adj. macasalacnib,ilocano,
p,protegee,n. taraken,ilocano,
p,protest,"n. protesta, isusupiat",ilocano,negative
p,proud,"adj. napasindayaw, natangig",ilocano,
p,prove,v. panecnecan,ilocano,
p,proverb,"n. proverbo, pagsasao",ilocano,
p,provide,"v. itden ti casapulan, agsagana",ilocano,
p,providence,"n. Dios, panangipaay",ilocano,
p,province,n. provincia,ilocano,
p,provision,n. balon,ilocano,
p,provisional,"adj. nairanta nga agpaay iti mabaiit, apagapaman",ilocano,
p,provocative,"adj. panangawis ng agpungtot, carit",ilocano,
p,prune,v. puteden,ilocano,
p,pruning,n. nagputedan,ilocano,
p,public,"n. publico, umili, caaduan",ilocano,
p,public school,n. pagadalan ti umili,ilocano,
p,publication,"n. libro, pagiwarnac",ilocano,
p,publish,v. ipablaac,ilocano,
p,puff,v. ipugso,ilocano,
p,pugilist,n. boxingero,ilocano,
p,pugnacious,"adj. nalaca a makiapa, mannakiriri",ilocano,
p,pulchritude,n. kinapintas,ilocano,
p,pull,n. guyod,ilocano,
p,pull,v. guyoden,ilocano,
p,pulley,"n. maysa a kita cadagiti innem a maquina, calo",ilocano,
p,pulse,"n. pulso, pitic",ilocano,
p,pulverize,v. remeken,ilocano,
p,pump,v. bombaen,ilocano,
p,pumpkin,"n, carabasa",ilocano,
p,punctilious,adj. naipagisu,ilocano,
p,punctuate,v. tulnecan,ilocano,
p,puncture,"n. abut, lussoc",ilocano,
p,puncture,v. abutan,ilocano,
p,punish,"v. parigaten, dusaen",ilocano,
p,punishable,adj. madusa,ilocano,
p,punishment,n. dusa,ilocano,
p,punitive,adj. maipapan iti panagicaro,ilocano,
p,puny,"adj. nalupoy, passit, saan a nasken",ilocano,
p,pupil,n. agadadal nga ubbing,ilocano,
p,puposeful,adj. naganetget,ilocano,
p,puppy,"n. uken, anac ti aso",ilocano,
p,purchase,"n. panaggatang, ginatang",ilocano,
p,purchase,v. gatangen,ilocano,
p,pure,"adj. nalitnaw, awanan mulit",ilocano,
p,purge,v. dalusan,ilocano,
p,puristic,adj. managdalus,ilocano,
p,purple,n. maris ti ubi,ilocano,
p,purpose,"n. tarigagay, gandat",ilocano,
p,purse,"n. petaca, supot ti cuarta",ilocano,
p,pursuant,adv. maipanggep iti,ilocano,
p,pursue,"v. suroten, camaten, gunoden",ilocano,
p,push,v. iduron,ilocano,
p,put,v. icabil,ilocano,
p,puzzle,n. burburtla,ilocano,
p,puzzling,adj. casia burburtia naricut,ilocano,
p,pygmy,"n. babassit a tattao, ansisit",ilocano,
q,quack,adj. saan a pundo,ilocano,
q,quadrille,"n. maysa iti uppat nga agdangadang, ay-ayam iti nipis",ilocano,
q,quadruped,n. uppat ti sacana nga ayup,ilocano,
q,quail,n. pugo,ilocano,
q,quaint,adj. carcarna,ilocano,
q,qualification,"n. cabaelan, cababalin tapno maragpat ti panggep",ilocano,
q,quality,"n. clase, kita",ilocano,
q,qualm,n. sagubanit,ilocano,
q,quarantine,"n. cuarentenas, culong",ilocano,
q,quarantine,"v. ipupoc, iculong",ilocano,
q,quarrel,"n. apa, susic",ilocano,
q,quarrel,"v. agriri, agapa",ilocano,
q,quarrelsome,"adj. managringgor, mannakiapa",ilocano,
q,quart,n. 1/4 ti galon,ilocano,
q,quarter,n. maicapat a paset,ilocano,
q,quarterly,n. tunggal talio bulan,ilocano,
q,quartette,"n. uppatan, uppat a voces",ilocano,
q,quash,"v. iwacsi, pucawen",ilocano,
q,quaver,v. agtigerger,ilocano,
r,rabbit,n. conejo,ilocano,
r,rabid,"adj. aguuyong, napasnec",ilocano,
r,rabies,n. gita ti aso,ilocano,negative
r,race track,n. paglumbaan,ilocano,
r,racem n.,"caputotan, lumba",ilocano,
r,rack,n. pagsabitan,ilocano,
r,racy,adj. napartac,ilocano,
r,radiant,adj. naraniag,ilocano,
r,radio,n. radio,ilocano,
r,radio,v. iwarnac iti radio,ilocano,
r,radish,n. rabanos,ilocano,
r,raffle,n. rifa,ilocano,
r,raft,"n. balsa, pagbailasiw",ilocano,
r,rafter,n. passangir,ilocano,
r,rag,"n. pagpunas, nisnis",ilocano,negative
r,rage,"n. pungot, unget",ilocano,
r,rage,"v. agunget, agpungtot",ilocano,
r,ragged,"adj. agduduma iti patas, narusanger",ilocano,
r,raid,v. rauten,ilocano,
r,railroad,n. riles ti tren,ilocano,
r,rain,n. tudo,ilocano,
r,rain tree,n. acacia,ilocano,
r,rainbow,n. bullalayaw,ilocano,
r,rainy,adj. matutudo,ilocano,
r,rainy season,"n. panagtutudo, nepnep ibangon, mag-ani, itindig",ilocano,
r,raise,"n. nayon, itatal-o",ilocano,
r,rake,"n. caraycay, pagdalus",ilocano,
r,rake,v. dalusan,ilocano,
r,rally,n. taripnong ti adu a tao,ilocano,
r,ramble,v. agbaniaga,ilocano,
r,ramblings,n. panagpagnapagna,ilocano,
r,ranch,"n. coral, rancho, pagtaengan dagiti vaca",ilocano,
r,range,n. caadayo,ilocano,
r,rank,"n. grado, tucad",ilocano,
r,rank,"v. itucad, igrado",ilocano,
r,ranking,adj. nangato,ilocano,
r,rap,v. tugtogen,ilocano,
r,rapid,"adj. napartac, agsasaruno",ilocano,
r,rapture,n. panagragragsac,ilocano,
r,rapturous,adj. macaparagsac,ilocano,
r,rare,adj. manmano,ilocano,
r,rat,n. bao,ilocano,
r,rate,"n. bilang, capartac",ilocano,
r,rather,adv. nasaysayaat no wenno,ilocano,
r,rating,"n. grado, bilang",ilocano,
r,rattan,n. way,ilocano,
r,rattle,v. pagunien,ilocano,
r,raven,n. wac,ilocano,
r,ravenous,"adj. narawet, mabisin",ilocano,
r,raw,adj. naata,ilocano,
r,ray,n. sinamar,ilocano,
r,raze,"v. uramen, rippuogen",ilocano,
r,razor,n. navajas,ilocano,
r,reach,"v. abuten, danonen",ilocano,
r,read,"v. agbasa, bumasa",ilocano,
r,reader,"n. agbasbasa, libro a basaen",ilocano,
r,readily,adv. sisasagana,ilocano,
r,readjust,"v. baliwan ti urnos, ibagay",ilocano,
r,ready,"adj. pudno, agpayso",ilocano,
r,realize,v. panunoten,ilocano,
r,really,"adv. pudno, agpayso",ilocano,
r,realm,"n. uneg, sacup",ilocano,
r,reap,"v. anien, agani",ilocano,
r,rear,"n. licud, licudan",ilocano,
r,rear,"v. taracnen, padacklen",ilocano,
r,reason,"n. razon, pamcautan",ilocano,
r,reason,v. icalintegan,ilocano,
r,rebel,n. ti umalsa,ilocano,negative
r,rebellious,adj. managalsa,ilocano,
r,rebuke,v. ungatan,ilocano,
r,recall,"v. pannacaipalagip, malapig, pagsublien",ilocano,
r,recede,"v. agsubli, bumaba",ilocano,
r,receivable,"adj. maawat, sumbrec",ilocano,
r,recent,adj. nabiit pay,ilocano,
r,receptacle,n. pagyanan ti bombilla wenno ania man,ilocano,
r,recess,n. panaginana,ilocano,
r,recetion,n. panangawat,ilocano,
r,reciept,n. recibo,ilocano,
r,recieve,v. awaten,ilocano,
r,recipe,n. kita ti panagluto,ilocano,
r,recoil,v. agsanud,ilocano,
r,recommend,v. icalicagum,ilocano,
r,recommendation,"n. dagiti, calicagum, gandat",ilocano,
r,recompense,"v. bayadan, supapacan",ilocano,
r,reconcile,v. pagkinnaawaten,ilocano,
r,reconciliation,n. panagtinnarus,ilocano,
r,record,n. lista naummong a pacaammo,ilocano,
r,recover,"v. lumaing, masubbot",ilocano,
r,recovery,"n. panaglaing, panagsubbot",ilocano,
r,red,"adj. nalabaga, nalabbasit",ilocano,
r,reddish,adj. lumabaga,ilocano,
r,redeem,v. subboten,ilocano,
r,redemption,n. panagangsubbot,ilocano,
r,reduce,"v. pabassiten, kissayan",ilocano,
r,reducible,adj. maiccatan,ilocano,
r,reduction,n. panangpabassit,ilocano,
r,redundant,adj. naulit-ulit,ilocano,
r,reduplicate,v. uliten,ilocano,
r,reeky,adj. nabangsit,ilocano,
r,reel,v. tulatid,ilocano,
r,reenforce,"v. papigsaen, nayonan ti pigsa",ilocano,
r,reenforcement,"n. tulong, nayon",ilocano,
r,refer,"v. itulad, kitaen",ilocano,
r,refine,"v. suruan, pasayaaten, aramiden a fino",ilocano,
r,refined,"adj. nafino, nangato ti kitana nasursuruan",ilocano,
r,refinement,"n. sursuro, kinasayaat",ilocano,
r,reflect,v. yanninaw,ilocano,
r,reflecting,v. yan-anninaw,ilocano,
r,reform,n. panagbaro ti ugali,ilocano,
r,reform,v. pagbaliwen,ilocano,
r,reformation,n. panangbaliw iti sucog,ilocano,
r,refrain,n. coro,ilocano,
r,refrain,v. lisian,ilocano,
r,refresh,"v. aginana, agpalamiis",ilocano,
r,refreshing,"adj. macapalamiis, macapagin-awa",ilocano,
r,refreshments,n. pagpalamiis,ilocano,
r,refrigeration,n. panangpalamiis,ilocano,
r,refuge,n. camangan,ilocano,
r,refugee,n. ti agcamang,ilocano,
r,refund,v. isubli ti gatad,ilocano,
r,refusal,n. panagmadi,ilocano,
r,refuse,v. agmadi,ilocano,
r,refute,v. agsungbat,ilocano,
r,regain,v. pasublien,ilocano,
r,regal,"adj. nangato, natan-oc",ilocano,
r,regalia,n. ramit ti ari,ilocano,
r,regard,v. panggep a nasayaat,ilocano,
r,regardless,adj. saana maibilang,ilocano,
r,regards,n. pammadayaw,ilocano,
r,regenerate,"v. agpabaro, panagbaro ti casasaad",ilocano,
r,reprimand,n. panagunget,ilocano,
r,reprimand,"v. agpungtot, ungtan",ilocano,
r,reprisal,"n. agpungtot, ungtan",ilocano,
r,reproach,n. pannacaibain,ilocano,
r,reproach,v. iccan iti basol,ilocano,
r,reproduce,"v. panagpatubo, aganac",ilocano,
r,reproduction,n. panagpaadu iti mula,ilocano,
r,reproduction,"n. panagpatubo, aganac",ilocano,
r,reproof,n. pammabalaw,ilocano,
r,repudiation,n. panangtallicud,ilocano,
r,repundance,n. kinaadu,ilocano,
r,reputation,n. dayaw,ilocano,
r,reputed,"adj. nadamag, ammo",ilocano,
r,request,n. dawat,ilocano,
r,request,v. dawaten,ilocano,
r,requisite,n. masapsapul,ilocano,
r,rescue,"v. isalacan, ilisi",ilocano,
r,resemblance,n. panagcaingas,ilocano,
r,resemble,"v. capada, umasping",ilocano,
r,resent,v. guraen,ilocano,
r,resentful,adj. nacagura,ilocano,
r,resentment,n. gura,ilocano,
r,reservation,"n. reservacion, pannacailasin iti maysa a panggep",ilocano,
r,reserve,"v. ilasin, idulin, isagana",ilocano,
r,reservoir,n. pagurnongan iti danum,ilocano,
r,reside,"v. agtaeng, agyan",ilocano,
r,residence,n. pagtaengan,ilocano,
r,residue,"n. nabati, aridaed",ilocano,
r,resign,v. agiccat,ilocano,
r,resignation,n. panagiccat,ilocano,
r,resigned,adj. sisasagana iti pasamac,ilocano,
r,resist,"v. labanan, supringen",ilocano,
r,resistance,n. isusupiat,ilocano,
r,resolute,adj. naregget,ilocano,
r,resolve,v. agregget,ilocano,
r,resort,n. pagvacacionan,ilocano,
r,resource,"n. cuarta, pigsa",ilocano,
r,resourceful,"adj. napartac, nalaling",ilocano,
r,respect,v. dayaw,ilocano,positive
r,respectful,adj. nadayaw,ilocano,
r,respective,adj. maipapan ti dadduma,ilocano,
r,respiration,n. panaganges,ilocano,
r,respire,n. aganges,ilocano,
r,respite,n. panagsardeng,ilocano,
r,resplendent,"adj. nalawag, naraniag",ilocano,
r,respond,v. sumungbat,ilocano,
r,respondent,"n. calaban, agsungbat",ilocano,
r,response,n. sungbat,ilocano,
r,responsibility,n. annongen rebbengen,ilocano,
r,responsible,"adj. agrebbeng, agsungbat",ilocano,
r,responsive,adj. managsungbat,ilocano,
r,rest,n. panaginana,ilocano,
r,rest,"v. aginana, agsardeng",ilocano,
r,restaurant,n. panganan,ilocano,
r,restful,adj. macapainana,ilocano,
r,restless,"adj. saan a macataina, naalicuteg",ilocano,
r,restlessness,"n. kinaalicuteg, caawan ti inana",ilocano,
r,restoration,n. pannacaisubli,ilocano,
r,restorative,adj. macaisubli,ilocano,
r,restore,v. isubli,ilocano,
r,restraint,n. panagtengngel,ilocano,
r,restraint,v. tenglen,ilocano,
r,result,"n. ruarna, bunga, banag",ilocano,
r,result,v. nagbalinan,ilocano,
r,resume,"n. anag, pacadagupan",ilocano,
r,resume,v. panangituloy,ilocano,
r,resumption,n. pannacaituloy,ilocano,
r,resurrection,n. panagungar,ilocano,
r,retail,"adj. minudeo, sagbabassit a laco",ilocano,
r,retail,v. ilaco a saggabassit,ilocano,
r,retailing,n. saggabassit a panaglaco,ilocano,
r,retain,v. ibati,ilocano,
r,retain,v. tenglen,ilocano,
r,retaliate,"v. ibales, agibales",ilocano,
r,retention,n. panagtengngel,ilocano,
r,reticence,"n. kinatalinaay, panagkedked",ilocano,
r,reticent,"adj. natalinaay, nakedked",ilocano,
r,retirement,n. panaginana,ilocano,
r,retirement,n. panaginana,ilocano,
r,retort,n. sungbat,ilocano,
r,retort,n. sungbat,ilocano,
r,retouch,v. piduaen a tamingen,ilocano,
r,retract,v. ibabawi,ilocano,
r,retreat,"v. agsanod, agsubli",ilocano,
r,retribution,n. ti sagrapen ti tao iti nasayat wenno dakes nga aramid,ilocano,
r,retrieve,v. subboten,ilocano,
r,retroactive,v. panangrugi ti nalpasen,ilocano,
r,retrogression,n. panagsanod,ilocano,
r,retrospect,v. pananglagip,ilocano,
r,return,n. panagsubli,ilocano,
r,return,v. isusubli,ilocano,
r,reveal,v. ipaglgac,ilocano,
r,revelations,"n. panangipalgac, revelacion",ilocano,
r,revelry,"n. panagragsac, panagliwliwa",ilocano,
r,revenge,"v. agicaro, agibales",ilocano,
r,revengeful,"adj. managicaro, managibles",ilocano,
r,revenue,n. buis,ilocano,
r,reverberate,v. panagsubli ti timec,ilocano,
r,revere,v. agdayaw,ilocano,
r,reverence,n. panagdayaw,ilocano,
r,reverend,"adj. naayat, nadayaw",ilocano,
r,reverie,"n . tagtagainep, parparmata",ilocano,
r,reversal,n. nabalictad,ilocano,
r,reverse,v. balictad,ilocano,
r,revert,v. maisubli,ilocano,
r,review,"n. maicadua a panangkita, libut",ilocano,
r,review,"v. uliten, sublian",ilocano,
r,reviewer,"n. ti agulit, ti agsubli",ilocano,
r,revise,"v. pabarwen, baliwan",ilocano,
r,revision,n. panangbaliw,ilocano,
r,revival,n. panangpaungar,ilocano,
r,revoke,"v. iccaten, pabarwen",ilocano,
r,revolt,n. yaalsa,ilocano,
r,revolting,"adj. macaited iti riri, macasair",ilocano,
r,revolution,"n. revolucion, panaglaban, panagtayyec",ilocano,
r,revolutionary,adj. maipapan iti revolucion,ilocano,
r,revolver,n. revolver,ilocano,
r,revolving,adj. agtaytayyec,ilocano,
r,revulsion,n. ti panagbaliw ti ricna,ilocano,
r,reward,"n. abaken, gunggona",ilocano,
r,rib,"v. angwen, sutilen",ilocano,
r,ribbings,n. panangangaw,ilocano,
r,ribbon,"n. laso, liston",ilocano,
r,rice,"n. pagay, inapuy",ilocano,
r,riches,n. bacnang,ilocano,
r,riches,n. kinabacnang,ilocano,
r,rid,"v. paalisen, paiccaten",ilocano,
r,riddle,"n. bidbidan, dudogen",ilocano,
r,riddle,n. burburtia,ilocano,
r,ride,n. panagsacay,ilocano,
r,ride,v. sumacay,ilocano,
r,rider,n. agsacay,ilocano,
r,ridge,"n. tantagaytay, turod",ilocano,
r,ridicule,n. angaw,ilocano,
r,ridicule,v. angawen,ilocano,
r,ridiculous,adj. nacaang-angaw,ilocano,
r,rigger,n. layag,ilocano,
r,right,"adj. canawan, pudno",ilocano,
r,rigid,"adj. naninget, nakidser",ilocano,
r,rile,v. angawen,ilocano,
r,rill,"n. bassit a carayan, waig",ilocano,
r,rim,"n. igid, iking",ilocano,
r,ring,"n. singsing, pagboxingan",ilocano,
r,ring,"v. abatingting, agkililing",ilocano,
r,ringworm,n. igges ti tian wenno cudi,ilocano,
r,rinse,n. ugas,ilocano,
r,riot,v. aggulo,ilocano,
r,rioters,n. dagiti manggulo,ilocano,
r,rip,"n. dadael, galip",ilocano,
r,rip,"v. galipen, pisien dadaelen",ilocano,
r,ripe,adj. naluom,ilocano,
r,ripen,v. agluom,ilocano,
r,ripple,n. babassit a dalluyon,ilocano,
r,rise,n. ingangato,ilocano,
r,rise,"v. bumangon, tumacder",ilocano,
r,risk,n. peggad,ilocano,
r,risk,v. ipeggad,ilocano,
r,risky,adj. napeggad,ilocano,
r,rival,"n. calaban, casalisal",ilocano,
r,rivalry,"n. panaglalaban, panagsalip",ilocano,
r,river,n. carayan,ilocano,
r,river view,n. ladawan ti carayan,ilocano,
r,riverside,n. igid ti carayan,ilocano,
r,road,"n. calsada, pagnaan",ilocano,
r,roadside,n. igid ti dalan,ilocano,
r,roam,v. agpasiar,ilocano,
r,roaming,n. agpaspasiar,ilocano,
r,roar,v. agdaranudor,ilocano,
r,roaring,adj. agdardaranudor,ilocano,
r,roast,"n. lechon, tuno",ilocano,
r,roast,"v. lechonen, tunuen",ilocano,
r,rob,v. tacawan,ilocano,
r,robber,"n. tulisan, agtatacaw",ilocano,
r,robe,n. bado,ilocano,
r,robin,"n. robin, bulilising",ilocano,
r,rock,n. bato,ilocano,
r,rock,"v. yindayon, itulod, ilili",ilocano,
r,rocky,adj. nabato,ilocano,
r,rod,n. pagbaot,ilocano,
r,rodent,n. dagiti marabutit,ilocano,
r,rogue,n. dursoc,ilocano,
r,roll,n. lucot,ilocano,
r,roll,"v. itulid, agtulid",ilocano,
r,rolling,adj. agtultulid,ilocano,
r,romancing,v. aglalailo,ilocano,
r,roof,n. atep,ilocano,
r,room,n. siled,ilocano,
r,roommate,n. cadua iti siled,ilocano,
r,roomy,adj. nalawa,ilocano,
r,roost,n. panagapon,ilocano,
r,root,n. ramot,ilocano,
r,rope,n. tali,ilocano,
r,rope,v. talian,ilocano,
r,rose,n. rosa,ilocano,
r,rot,v. aglungsot,ilocano,
r,rotten,adj. nalungsot,ilocano,
r,rough,"adj. nagaspang, saan a nalinis, nakersang",ilocano,
r,round,adj. nagtimbukel,ilocano,
r,round,n. ricus,ilocano,
r,rouse,v. riingen,ilocano,
r,rousing,"adj. nariri, nagayed, naarimbangaw",ilocano,
r,rowdy,adj. managriribuc,ilocano,
r,royal,adj. naarian,ilocano,
r,royalty,"n. kinaari, bayad",ilocano,
r,rub,"v. dalusan, lampasuan, aprusan",ilocano,
r,rubber,"n. goma, pangbura",ilocano,
r,rubbish,n. rugit,ilocano,
r,rude,adj. nadursoc,ilocano,
r,rudeness,n. kinadursoc,ilocano,
r,rug,"n. pagdalus, alfombra",ilocano,
r,rugged,"adj. nabato, saan a nasimpa",ilocano,
r,ruin,"v. dadaelen, reggaay",ilocano,
r,ruinous,adj. macadadael,ilocano,
r,rule,"n. linteg, panagituray",ilocano,
r,ruler,n. mangituray,ilocano,
r,rumbling,adj. marmargaay,ilocano,
r,rumor,n. sayangguseng,ilocano,negative
r,rumored,v. naisayangguseng,ilocano,
r,run,"v. agtaray, tumaray",ilocano,
r,run over,"v. padalapusan, paatalan",ilocano,
r,runaway,adj. aglibas,ilocano,
r,rural,adj. maipanggep iti awat wenno ruar ti ili,ilocano,
r,ruse,n. sicap,ilocano,
r,rush,"adj. napartac, dumarup",ilocano,
r,rush,v. sipapartac,ilocano,
r,rust,"n. lati, namaliw ti kitana",ilocano,
r,rusty,adj. nalati,ilocano,
r,rut,"n. abot, lungog",ilocano,
s,sabbath,n. aldaw ti inana,ilocano,
s,sable,n. kita ti dutdot,ilocano,
s,sabotage,n. panagdadael,ilocano,
s,sack,"n. supot, langgotsi, saco",ilocano,
s,sack,"v. tacawan, susupan",ilocano,
s,sacred,adj. nasuntuan,ilocano,
s,sacrifice,n. daton,ilocano,
s,sad,adj. naliday,ilocano,
s,saddle,n. silla,ilocano,
s,saddle,v. icapet ti silla,ilocano,
s,sadness,n. ladingit,ilocano,
s,safe,adj. natalged,ilocano,
s,safe,n. landoc a pagyanan ti pirac,ilocano,
s,safety,n. kinatalged,ilocano,
s,sagacious,"adj. nasaririt, nalaing",ilocano,
s,sage,n. masirib,ilocano,
s,sail,n. layag,ilocano,
s,sail,v. aglayag,ilocano,
s,sailor,n. marinero,ilocano,
s,saint,n. santo,ilocano,
s,saintly,"ajd. nasantuan, maipapan iti santo",ilocano,
s,salable,adj. mailaco,ilocano,
s,salad,"n. salad, kinelnat",ilocano,
s,salary,n. sueldo,ilocano,
s,sale,n. naglacuan,ilocano,
s,salesman,n. aglaclaco a lalaki,ilocano,
s,saleswoman,n. aglaclaco a babai,ilocano,
s,salt,n. asin,ilocano,
s,saltiness,"n. naapgad, apgad",ilocano,
s,salty,adj. naapgad,ilocano,
s,salutation,"n. panagdayaw, cablaaw",ilocano,
s,salute,"n. panangdayaw, dayaw, saludo",ilocano,
s,salute,"v. panangdayaw, panagsaludo",ilocano,
s,salvation,n. pannacaisalacan,ilocano,
s,same,"adj. agpada, isu met laing",ilocano,
s,sample,n. pagwadan,ilocano,
s,sampled,v. pinadas,ilocano,
s,sanctity,n. kinasanto,ilocano,
s,sanctity,v. nasantuan,ilocano,
s,sand,n. darat,ilocano,
s,sandy,adj. nadarat,ilocano,
s,sanitarium,n. pagpaimbagan,ilocano,
s,sap,n. tubbog,ilocano,
s,sarcasm,n. pammasagid,ilocano,
s,sash,n. pagreppet,ilocano,
s,satan,"n. satanas, demonio",ilocano,
s,satanic,"adj. dakes, cas ken Satanis",ilocano,
s,satiate,v. peneken,ilocano,
s,satin,"n. satin, naingpis a kita ti lupot",ilocano,
s,satisfaction,n. pannacapnec,ilocano,
s,satisfactory,adj. macapnec,ilocano,
s,satisfy,v. penneken,ilocano,
s,saturday,n. Sabado,ilocano,
s,sauce,"n. pagsawsawan, salsa",ilocano,
s,saucer,"n. platito, bassit a pinggan",ilocano,
s,saucy,"adj. macaawis, naimas",ilocano,
s,sausage,n. longganisa,ilocano,
s,savage,"adj. narungsot, naatap",ilocano,
s,savage,n. atap,ilocano,
s,save,"v. ispalen, salimetmetan",ilocano,
s,savor,v. ramanan,ilocano,
s,savort,adj. naraman,ilocano,
s,saw,n. ragadi,ilocano,
s,saw,"v. ragaddien, nakita",ilocano,
s,say,"n. cuna, pammagbaga, palawag",ilocano,
s,say,"v. saritaenm ibaga, cunaen",ilocano,
s,saying,n. pagsasao,ilocano,
s,scaffold,n. pagbitayan,ilocano,
s,scale,"n. pagtimbangan, sicsic, pagrucodan",ilocano,
s,scale,v. rucoden,ilocano,
s,scaly,adj. nasicsic,ilocano,
s,scandal,"n. aramid a dakes, escandalo",ilocano,
s,scandalous,adj. nacaalalas nga aramid,ilocano,
s,scarce,"adj. bassit, nakirang",ilocano,
s,scarcity,"n. kinataccum, kinakirang",ilocano,
s,scarf,n. abigay,ilocano,
s,scatter,v. iwara,ilocano,
s,scattered,adj. naiwara,ilocano,
s,scene,n. buya,ilocano,
s,scheme,n. wagat,ilocano,
s,scheme,v. iwayat,ilocano,
s,scheming,adj. agiwayat,ilocano,
s,scholar,"n. nalaing, estudiante",ilocano,
s,scholarship,n. panagadal,ilocano,
s,school,"n. pagadalan, escuele",ilocano,
s,school,"v. isuro, sursuruan",ilocano,
s,schoolhouse,n. balay ti pagadalan,ilocano,
s,schoolteacher,"n. maestro wenno maestra, mangisursuro",ilocano,
s,science,"n. pagsiriban, adal, ciencia",ilocano,
s,scientific,adj. maipapan iti ciencia,ilocano,
s,scientist,"n. masirib, cientifico",ilocano,
s,scissors,"n. cartib, getteng",ilocano,
s,scold,"v. ungtan, pagungtan",ilocano,
s,score,"n. bilang, puntos",ilocano,
s,score,"v. ibilang, dillawen",ilocano,
s,scorn,n. pungtot,ilocano,
s,scorn,v. pagpangtotan,ilocano,
s,scout,"n. bayabay, agpaliiw",ilocano,
s,scrap,"n. bassit a pirgis, pirgis",ilocano,
s,scrape,"v. ukisan, linisan, carusan",ilocano,
s,scratch,"n. gumriad, cudcud",ilocano,
s,scratch,v. cudcuden,ilocano,
s,scratchy,adj. nagatel,ilocano,
s,scream,"n. riaw, ickis",ilocano,
s,scream,"v. agriaw, agpuccaw, agickis",ilocano,
s,screen,"n. abbong, linged",ilocano,
s,screen,"v. abbongan, lingdan",ilocano,
s,scrub,v. lampasuen,ilocano,
s,scruples,n. pagannurotan,ilocano,
s,scrupulous,adj. nalinteg,ilocano,
s,sculptor,n. escultor,ilocano,
s,sea,"n. baybay, taaw",ilocano,
s,seal,"n. marca, timbre, maysa a kita ti lames",ilocano,
s,seal,v. iserra,ilocano,
s,seaman,"n. agtataeng iti baybay, agyan iti vapor",ilocano,
s,seamstress,n. agdadait a babai,ilocano,
s,search,"v. sapulen, biroken",ilocano,
s,season,n. panawen,ilocano,
s,seasonal,adj. maipapan iti panawen,ilocano,
s,seasoning,n. pagtimpla,ilocano,
s,seat,"n. tugaw, pagtugawan",ilocano,
s,seat,v. agtugaw,ilocano,
s,secede,n. sumina,ilocano,
s,second,"adj. n. maicadua, segundo, daricmat",ilocano,
s,second,v. pasarunuan,ilocano,
s,secret,n. palimed,ilocano,
s,secretary,"n. cadua, secretario",ilocano,
s,secretly,adv. sili limed,ilocano,
s,section,"n. benneg, paset",ilocano,
s,sectionalism,n. panangiduma iti puroc,ilocano,
s,secure,adj. natalged,ilocano,
s,secure,v. alaen,ilocano,
s,security,"n. linong, talged",ilocano,
s,see,"v. kitaen, imatangan",ilocano,
s,seem,v. casla,ilocano,
s,seemingly,adv. cala,ilocano,
s,seize,"v. iggaman, agawen",ilocano,
s,seizure,n. panangagaw,ilocano,
s,seldom,adv. sapa minsan,ilocano,
s,select,"v. pilien, pumili",ilocano,
s,selection,"n. pinili, panagpili",ilocano,
s,selective,adj. managpili,ilocano,
s,self,n. bagi,ilocano,
s,selfish,adj. naimut,ilocano,
s,selfishness,n. kinaimut,ilocano,
s,sell,v. ilaco,ilocano,
s,seller,n. aglaclaco,ilocano,
s,semi,prefix. cagadua,ilocano,
s,senate,n. senado,ilocano,
s,senator,n. senador,ilocano,
s,send,"v. ibaon, ipaw-it",ilocano,
s,send-off,n. pammalubos,ilocano,
s,senility,n. nataengan,ilocano,
s,sensation,n. ricna,ilocano,
s,sense,"n. panunot, ricna",ilocano,
s,sensibility,n. panagricna,ilocano,
s,sensible,"adj. nainsiriban, nasayat a napanunot",ilocano,
s,sensitive plant,n. bain-bain,ilocano,
s,sensuous,"adj. managricna, naderrep",ilocano,
s,sentence,"n. sarita, keddeng",ilocano,
s,sentence,v. ikeddeng,ilocano,
s,sentiment,n. ricricnaen,ilocano,
s,sentimental,adj. managricna,ilocano,
s,separate,adj. naisina,ilocano,
s,separate,v. isina,ilocano,
s,september,n. Septiembre,ilocano,
s,serene,adj. nalinac,ilocano,
s,series,n. agsasaruno,ilocano,
s,serious,"adj. nagaed, nasaem",ilocano,
s,seriously,"adv. napundo, sigagaed, sipupudno, sisasaen",ilocano,
s,serpent,"n. uleg, serpiente",ilocano,
s,servant,n. babaonen,ilocano,
s,serve,"v. agpaay, ipaay",ilocano,
s,servicable,adj. macapagpaay,ilocano,
s,service,n. panagpaay,ilocano,
s,set,"n. yasmang, idasar",ilocano,
s,set,v. asmang,ilocano,
s,setting,n. disso,ilocano,
s,settle,"v. agtaeng, ibanag, leppasen",ilocano,
s,seven,n. pito,ilocano,
s,seventeent,n. sangapulo ket pito,ilocano,
s,seventeenth,adj. maicasangapulo ket pito,ilocano,
s,seventy,n. pito pulo,ilocano,
s,sever,v. putden,ilocano,
s,several,adj. adu,ilocano,
s,severance,n. pannacaputed,ilocano,
s,severe,adj. nacaro,ilocano,
s,sew,v. daiten,ilocano,
s,sex,n. kinatao (lalaki wenno babai),ilocano,
s,shabby,adj. rutay-rutay,ilocano,
s,shackle,"v. reppeten, isab-it",ilocano,
s,shade,"n. siroc, linong",ilocano,
s,shadow,n. anniniwan,ilocano,
s,shady,adj. nalinong,ilocano,
s,shaft,n. pana,ilocano,
s,shake,v. gungganen,ilocano,
s,shaky,adj. magunggon,ilocano,
s,shall,v. to (suffix),ilocano,
s,shallow,"adj. ababaw, narabaw",ilocano,
s,shallowness,"n. ti kinaababaw, kinarabaw",ilocano,
s,shame,"n. bain, pacaibabainan",ilocano,
s,shameless,adj. awanan iti bain,ilocano,
s,shape,n. sucong,ilocano,
s,share,v. bingayen,ilocano,
s,shareholder,n. cabingay,ilocano,
s,sharp,adj. natirad,ilocano,
s,sharpen,"v. patademen, yasa",ilocano,
s,shave,v. cuscosan,ilocano,
s,shaving,n. pagputedan,ilocano,
s,she,pron. isu(babai),ilocano,
s,sheath,n. caluban,ilocano,
s,shed,n. linong,ilocano,
s,shed,v. linongan,ilocano,
s,sheep,v. carnero,ilocano,
s,sheepish,adj. tacrut,ilocano,
s,sheet,n. maysa a paset,ilocano,
s,shelf,n. paset ti aparador,ilocano,
s,shell,"n. ukis, calub, balay cas ti leddeg, bala ti cañon",ilocano,
s,shell,"v. bombaen, paltugan, ukisan",ilocano,
s,shelter,n . linong,ilocano,
s,shelter,v. aglinong,ilocano,
s,shepherd,"n. agayaywan cadagiti carnero, pastor",ilocano,
s,sheriff,n. pangulo dagiti polis,ilocano,
s,shield,"n. calasag, saripda",ilocano,
s,shift,"n. panangisucat, panangyalis",ilocano,
s,shift,"v. yalis, suctan",ilocano,
s,shine,"v. aglawag, agraniag",ilocano,
s,shiny,adj. naraniag,ilocano,
s,ship,"n. vapor, sasacayan",ilocano,
s,ship,"v. ipaw-it, ited",ilocano,
s,shipper,"n. ited, ipaw-it",ilocano,
s,shirt,"n. bado, camisadentro",ilocano,
s,shiver,"v. agtigerger, agkintayeg",ilocano,
s,shock,n. pamacakellaat,ilocano,
s,shoe,n. zapatos,ilocano,
s,shoeless,adj. awanan zapatos,ilocano,
s,shoot,"n. rabong, tubo",ilocano,
s,shoot,v. paltugan,ilocano,
s,shop,"n. pagaramidan, paglacuan",ilocano,
s,shop,v. gumatang,ilocano,
s,shore,n. igid ti baybay,ilocano,
s,short,"adj. ababa, puted",ilocano,
s,shortage,"n. cacurangan, panagcurang",ilocano,
s,shorty,adj. pandec,ilocano,
s,should,"v. rumbeng, coma",ilocano,
s,shoulder,n. abaga,ilocano,
s,shoulder,v. ibaclay,ilocano,
s,shout,n. puccaw,ilocano,
s,shout,"v. agpuccaw, ipuccaw",ilocano,
s,shovel,n. pala,ilocano,
s,shovel,"v. dalusan, palaen",ilocano,
s,show,n. pabuya,ilocano,
s,show,v. ipabuya,ilocano,
s,showdown,"n. panaglinnawag, panagsinnuot",ilocano,
s,shower,"n. arimucamoc, arbis",ilocano,
s,showy,adj. naparammag,ilocano,
s,shrewd,adj. masirib,ilocano,
s,shriek,n. puccaw,ilocano,
s,shriek,"v. agpuccaw, agtigerger",ilocano,
s,shrill,n. natinggaw,ilocano,
s,shrub,n. bassit a caycayo,ilocano,
s,shuffle,"v. sucsuken, paglalaoken",ilocano,
s,shun,"v. lisian, cagura",ilocano,
s,shut,"adj. nacaserra, nacarikep",ilocano,
s,shut,"v. iserra, irikep",ilocano,
s,shy,adj. managbain,ilocano,
s,shyness,n. kinamanagbain,ilocano,
s,siccessful,adj. nagballigi,ilocano,
s,sick,adj. agsakit,ilocano,
s,sickly,adj. masacsakit,ilocano,
s,sickness,"n. sakit, sagubanit",ilocano,
s,side,"n. sibay, sikigan, abay",ilocano,
s,side,"v. caduaen, ayonan, canunongan",ilocano,
s,sidewalk,n. pagnaan,ilocano,
s,sidewise,adj. agbangir,ilocano,
s,sigh,n. sennaay,ilocano,
s,sigh,v. agsennaay,ilocano,
s,sight,"n. kita, panagkita",ilocano,
s,sight,"v. kitaen, sirigen, imatangan",ilocano,
s,sign,"n. firma, tanda, marca",ilocano,
s,sign,"v. firmaan, patalgedan",ilocano,
s,signal,"n. tanda, señal",ilocano,
s,signal,"v. ipacaamo, señasan",ilocano,
s,silence,n. ulimec,ilocano,
s,silence,v. pagulimeken,ilocano,
s,silent,adj. naulimec,ilocano,
s,silently,adv. siulimec,ilocano,
s,silk,n. seda,ilocano,
s,silky,adj. nalamuyot,ilocano,
s,sillyness,n. kinamaag,ilocano,
s,silver,n. pirac,ilocano,
s,silvery,"adj. napudaw, naraniag, puraw",ilocano,
s,similar,"adj. agpadpada, agcaingas",ilocano,
s,similarly,"adv. casta met, umasping",ilocano,
s,simple,adj. nanumo,ilocano,
s,simplicity,n. kinanumo,ilocano,
s,sin,n. basol,ilocano,
s,since,adv. nanipud,ilocano,
s,sincere,"adj. napudno, napasnec",ilocano,
s,sincerely yours,toy sipupudno,ilocano,
s,sing,"v. agcanta, agcancion",ilocano,positive
s,singular,adj. maysa,ilocano,
s,sir,n. apo,ilocano,
s,sire,n. ama,ilocano,
s,sister,n. cabsat a babai,ilocano,
s,sit,v. agtugaw,ilocano,
s,site,"n. pagipatacderan, disso",ilocano,
s,sitting,n. agtugtugaw,ilocano,
s,sitting,n. agtugtugaw,ilocano,
s,situated,"v. maipasdec, naidisso",ilocano,
s,six,n. innem,ilocano,
s,sixteen,n. sangapulo ket innem,ilocano,
s,sixth,adj. maicanem,ilocano,
s,sixty,n. inem a pulo,ilocano,
s,size,n. cadackel,ilocano,
s,sizeable,adj. dackel,ilocano,
s,skate,n. skate,ilocano,
s,skate,v. agayayam iti skate,ilocano,
s,skeleton,n. rurog,ilocano,
s,skill,"n. ammo, sirib, kinalaing",ilocano,
s,skillful,"adj. nalaing, nalaing nga agaramid",ilocano,
s,skim,v. apagbiit a tamingen,ilocano,
s,skin,"n. ukis, cudil",ilocano,
s,skip,"v. lactawan, bactawan",ilocano,
s,skirt,n. pandiling,ilocano,
s,sky,n. langit,ilocano,
s,skyrocket,"v. ngumato, tumayab",ilocano,
s,slant,n. iray,ilocano,
s,slave,"n. tagabo, adipen",ilocano,
s,slay,v. patayen,ilocano,
s,slayer,n. agpapatay,ilocano,
s,sled,n. pasagad,ilocano,
s,sleep,n. pannaturog,ilocano,
s,sleep,v. maturong,ilocano,
s,sleepiness,n. pannacaturturog,ilocano,
s,sleepy,adj. macaturog,ilocano,
s,sleeve,n. manggas,ilocano,
s,sleeveless,adj. awanan iti manggas,ilocano,
s,slender,"adj. nacuttong, narapis",ilocano,
s,slice,"n. galip, iwa",ilocano,
s,slice,"v. galipen, iwaen",ilocano,
s,slide,"v. igalis, yasa",ilocano,
s,slight,"adj. bassit, apagapaman",ilocano,
s,slight,v. ibassit,ilocano,
s,slip,n. pirgis,ilocano,
s,slip,v. maigalis,ilocano,
s,slipper,n. chinelas,ilocano,
s,slippery,adj. maigalis,ilocano,
s,slope,n. bacras,ilocano,
s,sloping,adj. agundayas,ilocano,
s,slow,"adj. nabuntog, nainayad, naginad",ilocano,
s,slowly,adj. siinayad,ilocano,
s,slowness,n. kinabuntog,ilocano,
s,slumber,n. turog,ilocano,
s,slumber,v. maturog,ilocano,
s,sly,"adj. dakes, macapadakes",ilocano,
s,slyly,adv. sidadakes,ilocano,
s,small,adj. bassit,ilocano,
s,smallness,n. kinabassit,ilocano,
s,smallpox,n. burtong,ilocano,
s,smell,"n. angot, ayamuom",ilocano,
s,smell,v. anguten,ilocano,
s,smelly,adj. naangut,ilocano,
s,smile,n. isem,ilocano,
s,smile,v. umsem,ilocano,
s,smiling,adj. umisisem,ilocano,
s,smoke,n. asuc,ilocano,
s,smoke,v. paasucan,ilocano,
s,smooth,"adj. nalinis, nalamuyot",ilocano,
s,smoothly,"adv. napatad, silalamuyot",ilocano,
s,smoothness,n. kinalamuyot,ilocano,
s,snail,n. birurucong,ilocano,
s,snake,n. uleg,ilocano,
s,snap,n. rittuoc,ilocano,
s,snap,"v. rittuoken, alisen",ilocano,
s,snappy,"adj. naparagsit, napartac",ilocano,
s,snarl,"v. umingar, ngumernger",ilocano,
s,snatch,n. panangagaw,ilocano,
s,snatch,v. agawen,ilocano,
s,sneeze,n. baen,ilocano,
s,snore,n. uroc,ilocano,
s,snow,n. hielo,ilocano,
s,snowy,adj. napno iti hielo,ilocano,
s,so,"adv. isu a, gapuna",ilocano,
s,soap,n. sabon,ilocano,
s,soapy,adj. nasabon,ilocano,
s,soar,"v. agpangato, ngumato",ilocano,
s,soaring,adj. agpangpangato,ilocano,
s,sober,adj. natanang,ilocano,
s,social,"adj. mannakicadua, maipapan iti gimong",ilocano,
s,society,"n. gimong, timpuyog",ilocano,
s,sock,v. danugen,ilocano,
s,socks,n. medias ti lalaki,ilocano,
s,soft,adj. nalucneng,ilocano,
s,soft,adj. nalucneng,ilocano,
s,soften,v. palucnongen,ilocano,
s,softly,"adv. maalumamay, nalag-an, saan a napigsa",ilocano,
s,soil,n. daga,ilocano,
s,soiled,adj. marugitan,ilocano,
s,soldier,n. soldado,ilocano,
s,sole,"adj., n. kinamaymaysa, mucod suelas",ilocano,
s,solely,adv. agmaymaysa,ilocano,
s,solemn,"adj. naladingit, nacaay-ay-ay, nagaed",ilocano,
s,solicit,"v. agsapul, dumawat",ilocano,
s,solid,"adj. natangken, sangabukel",ilocano,positive
s,solitary,adj. agmaymaysa,ilocano,
s,soluble,"adj. mailaoc, marunaw",ilocano,
s,solve,"v. palawagen, lawlawagen, ipamuspusan",ilocano,
s,some,"adj., pron. sumagmamano",ilocano,
s,somebody,n. maysa a tao,ilocano,
s,someone,pron. maysa a tao,ilocano,
s,something,n. maysa a banag,ilocano,
s,sometime,adv. dadduma a canito,ilocano,
s,somewhat,adv. casla,ilocano,
s,somewhere,adv. maysa a disso,ilocano,
s,son,n. anac a lalaki,ilocano,
s,son-in-law,n. manugang a lalaki,ilocano,
s,song,"n. canta, cancion",ilocano,
s,soon,"adj. ton (suffix), madamdama",ilocano,
s,sore,n. sugat,ilocano,
s,sorrow,n. ladingit,ilocano,
s,sorrowful,adj. naladingit,ilocano,
s,sorry,"adj. naliday, naladingit",ilocano,
s,soul,n. cararua,ilocano,
s,soulfully,adj. iti cararua,ilocano,
s,sound,"adj. natalged, nargaan",ilocano,
s,sound,"n. arimecmec, timec",ilocano,
s,sound,"v. tingitingen, pagtimken, ipecsa",ilocano,
s,soup,"n. sopas, digo",ilocano,
s,sour,adj. naalsem,ilocano,
s,source,"n. pangrugyan, puon, paggapuan",ilocano,
s,south,n. abagatan,ilocano,
s,southward,adj. agpaabagatan,ilocano,
s,sovereign,"n. agturay, ari",ilocano,
s,sovereignty,n. panagturay,ilocano,
s,sow,n. babai a baboy,ilocano,
s,sow,"v. agmula, agpurwac, itukit",ilocano,
s,space,"n. nagbaetan, cawaw",ilocano,
s,spacious,adj. nalawa,ilocano,
s,spade,n. pala,ilocano,
s,spare,v. saan nga aramaten isalacan,ilocano,
s,sparingly,adj. siinut,ilocano,
s,spark,"n. rayray, andap, rissic",ilocano,
s,sparkle,"n. babassit a rayray, gilap",ilocano,
s,sparkling,"adj. agan-andap, narayray",ilocano,
s,sparrow,n. kita ti billet,ilocano,
s,speak,"v. agsarita, agasao",ilocano,
s,speaker,"n. pangulo ti asamblea, man narita",ilocano,
s,spear,n. sibatin,ilocano,
s,spearhead,n. ulo ti espada,ilocano,
s,special,"adj. baro, manmano, naisangsangayan",ilocano,
s,specialty,n. paglaingan,ilocano,
s,spectacle,"n. buyaen, sarming ti mata",ilocano,
s,spectacular,adj. nacascasdaaw,ilocano,
s,speech,"n. discurso, bitla",ilocano,
s,speechless,adj. saan a macapagsarita,ilocano,
s,speed,"n. partac, kinapartac",ilocano,
s,speed maniac,n. ti managpardas unay,ilocano,
s,speedy,adj. napartac,ilocano,
s,spell,n. encanto,ilocano,
s,spelling,"n. panagibalicas, iti letra",ilocano,
s,spend,v. agbusbos,ilocano,
s,spendthrift,adj. nabarayuboy,ilocano,
s,sphere,"n. lubong, sacup",ilocano,
s,spherical,adj. nagbukel,ilocano,
s,spice,"n. ricado, paglaoc",ilocano,
s,spicy,adj. naricado,ilocano,
s,spider,n. lawwalawwa,ilocano,
s,spin,n. abel,ilocano,
s,spin,v. agabel,ilocano,
s,spinning,adj. agababel,ilocano,
s,spirit,"n. cararua, espiritu",ilocano,
s,spirited,"v. nagawan, nayadayo, nagpucaw",ilocano,
s,spit,v. agtupra,ilocano,
s,spite,"n., v. panangsemsem",ilocano,
s,splendor,n. ngayed,ilocano,
s,stamp,v. sello,ilocano,
s,stand,n. patacder,ilocano,
s,stand,v. tumacder,ilocano,
s,standard,"n. wagayway, pagtuladan",ilocano,
s,star,n. bituen,ilocano,
s,star,v. immuna iti panagparang,ilocano,
s,starch,n. almidor,ilocano,
s,starchy,adj. napalet,ilocano,
s,stare,v. parrengen,ilocano,
s,starring,"v. agpapaay a calaingan, umuna iti pabuya",ilocano,
s,starry-eyed,"adj. casla agtagtagainep, naragsac",ilocano,
s,start,"n. rugi, puon",ilocano,
s,start,v. irugi,ilocano,
s,startle,"v. kigtoten, kellaaten",ilocano,
s,starve,"v. agbisin, pabisinan",ilocano,
s,starving,adj. agbisin,ilocano,
s,state,"v. isarita, saritaen",ilocano,
s,stately,adj. nadaeng,ilocano,
s,statement,"n. sarita, keddeng",ilocano,
s,statesman,n. macaammo iti panangituray,ilocano,
s,station,"n. estacion, pagurayan",ilocano,
s,stationary,"n. nacaipasdec, saan nga agcuti",ilocano,
s,stationery,n. pagsuratan a papel,ilocano,
s,statue,"n. monumento, bulto",ilocano,
s,statuesque,"adj. nangato, nasayaat",ilocano,
s,stay,n. panagtaeng,ilocano,
s,stay,v. agtaeng,ilocano,
s,ste,n. fecha,ilocano,
s,steady,"adj. sitatacder, awanan iti garaw",ilocano,
s,steak,n. kita ti naluto a carne ti vaca,ilocano,
s,steal,"v. agtacaw, tacawen",ilocano,
s,stealthily,adv. siannad a pannagna,ilocano,
s,steam,"n. alibung-ubong, alingasaw",ilocano,
s,steam,v. agalibungubong,ilocano,
s,steamer,n. kita ti sasacayan wenno vapor,ilocano,
s,steamship,n. vapor,ilocano,
s,steel,"n. acero, paslep",ilocano,
s,steely,"adj. nasickel, landoc",ilocano,
s,steep,adj. narangkis,ilocano,
s,steeple,"n. torre, campanario",ilocano,
s,steer,n. turo a carnero,ilocano,
s,steer,v. iturong,ilocano,
s,steerage,n. panangiturong paset ti vapor nga asideg iti maquina,ilocano,
s,stem,n. ungcay,ilocano,
s,stenographer,n. taquigrafo,ilocano,
s,step,n. addang,ilocano,
s,step,"v. umaddang, papartaken",ilocano,
s,sterile,"adj. awanan iti rugit, lupes",ilocano,
s,stern,"adj. nacacusilap, naalidunget",ilocano,
s,sternly,v. sicucusilap,ilocano,
s,stew,"v. igisa, lutuen a mabayag",ilocano,
s,stick,n. cumpet,ilocano,
s,stick,"n. palito, bislac",ilocano,
s,sticky,adj. napigket,ilocano,
s,stiff,adj. nasickel,ilocano,
s,stiffness,n. kinasickel,ilocano,
s,still,"adj., v. naulimec, awanan iti cuti",ilocano,
s,stillness,n. kinaulimec,ilocano,
s,sting,n. sakit,ilocano,
s,sting,v. cagaten ti ayup a cas ti alumpipinig,ilocano,
s,stinginess,n. kinaimut,ilocano,
s,stingy,adj. nasakit,ilocano,
s,stir,"v. kiburen, paglaoken",ilocano,
s,stitch,"v. daiten, sursiran",ilocano,
s,stitches,"n. daiten, sursiran",ilocano,
s,stock,n. pempen,ilocano,
s,stockings,n. medias ti babai,ilocano,
s,stolen,"adj. tinacaw, linibas",ilocano,
s,stomach,"n. tias, bocsit",ilocano,
s,stone,n. bato,ilocano,
s,stone,v. batuen,ilocano,
s,stonecutter,n. agburac wenno agsucog iti bato,ilocano,
s,stony,"adj. nabato, awanan garaw",ilocano,
s,stool,n. pagtugawan,ilocano,
s,stool pegion,n. espia,ilocano,
s,stoop,v. agrucob,ilocano,
s,stooped,"adj. nagrueob, cubbo",ilocano,
s,stop,n. panagsardeng,ilocano,
s,stop,v. pagsardengen,ilocano,
s,storage,"n. pagummongan, pagidulinan",ilocano,
s,store,n. paglacuan,ilocano,
s,store,"v. agummong, idulia",ilocano,
s,storm,n. bagyo,ilocano,
s,stormy,adj. nabagyo,ilocano,
s,story,"n. sarita, cadsaaran",ilocano,
s,stout,adj. nalucmeg,ilocano,
s,stoutness,n. kinalucmeg,ilocano,
s,stove,"n. pugon, dalican, pagapuyan",ilocano,
s,stow,"v. idulin, ilemmeng",ilocano,
s,straight,adj. nalinteg,ilocano,
s,straight-forward,adj. nabatad,ilocano,
s,strain,"n. gugoran, bennaten",ilocano,
s,strain,"v. pannacagugor, pannacabennat",ilocano,
s,strait,n. nakipet a yan ti danum,ilocano,
s,strange,"adj. carcarna, cabarbaro, nacascasdaaw",ilocano,
s,strangely,adv. cabarbaro,ilocano,
s,stranger,"n. ganggananaet, saan nga am-ammo",ilocano,
s,strap,n. pagtareppet,ilocano,
s,strap,v. ireppet,ilocano,
s,straw,"n. nagirican, garami, arutang",ilocano,
s,strawberry,n. lumboy,ilocano,
s,stray,"n. panagwayas, sumiasi",ilocano,
s,stray,"v. agayas, sumiasi",ilocano,
s,strayed,adj. simmiasi,ilocano,
s,stream,"n. ayus, carayan",ilocano,
s,stream,v. agayus,ilocano,
s,streaming,v. agay-ayus,ilocano,
s,street,"n. calle, dalan",ilocano,
s,strength,n. pigsa,ilocano,
s,strengthen,v. papigsaen,ilocano,
s,stretch,"n. bennat, caatiddug",ilocano,
s,stretch,"v. bennaten, yatiddug",ilocano,
s,strict,adj. nainget,ilocano,
s,strictly,adv. siinget,ilocano,
s,stride,n. addang,ilocano,
s,stride,v. umad-addang,ilocano,
s,strife,"n. panaglaban, ranget",ilocano,
s,strike,"v. aghuelga, danungen, tuparen",ilocano,
s,striking,adj. nacascasdaaw,ilocano,
s,string,"n. cuerdas, sinulid",ilocano,
s,strip,n. ania man a banag nga atiddog ken akikid,ilocano,
s,strive,"v. aggaget, agregget",ilocano,
s,stroke,"n. danog, garaw",ilocano,
s,stroke,v. amuyen,ilocano,
s,strong,adj. napigsa,ilocano,
s,strongly,adv. apipigsa,ilocano,
s,struggle,"n. dangadang, panagrigat",ilocano,
s,stubborn,adj. nasukir,ilocano,
s,student,n. agad-adal,ilocano,
s,studies,n. dagiti adalen,ilocano,
s,studious,adj. nagaget nga agadal,ilocano,
s,study,"v. agadal, adalen",ilocano,
s,stuff,v. ipempen,ilocano,
s,stumble,v. maidaramudom,ilocano,
s,stumbling,"adj. agtulatid, maidaramudom",ilocano,
s,stump,v. agbaniaga,ilocano,
s,stumped,nakellaat,ilocano,
s,stumpy,adj. bassit ken napuscol,ilocano,
s,stupefied,v. naiculeng,ilocano,
s,stupid,adj. nacuneng,ilocano,
s,stupidity,n. kinacuneng,ilocano,
s,style,"n. moda, wagas, tabas",ilocano,
s,style,"v. mangipakita iti moda, tabasen",ilocano,
s,stylish,adj. nangayed,ilocano,
s,subdue,"v. pasucuen, pagrucbaben",ilocano,
s,subject,"n. adalan, masacup",ilocano,
s,subject,"v. pagrucbaben, paadalen",ilocano,
s,subjugation,n. panangparucma,ilocano,
s,submission,n. panagrucbab,ilocano,
s,submissive,adj. napacumbaba,ilocano,
s,submit,"v. ited, idatag, itden",ilocano,
s,substance,"n. anag, linaon",ilocano,
s,substantial,"adj. naraman, adu",ilocano,
s,substitute,"n. sucat, sulmit, suno",ilocano,
s,substitute,"v. isucat, suctan",ilocano,
s,substitution,n. panagisucat,ilocano,
s,subtract,"v. iccatan, kissayan",ilocano,
s,subtraction,"n. panagiccat, panangkissay",ilocano,
s,subway,n. dalan ti tren iti uneg ti daga,ilocano,
s,success,n. balligi,ilocano,
s,suceed,v. agballigi,ilocano,
s,such,adj. cas ti,ilocano,
s,suck,"v. susopen, sumusop",ilocano,
s,suckling,"n. subual, tagibi",ilocano,
s,sudden,adj. kellaat,ilocano,
s,suddenly,adv. apagcanito,ilocano,
s,suffer,"v. itured, sagabaen",ilocano,
s,suffering,"adj. panagotired, panagsagaba",ilocano,
s,suffice,"v. anayen, caaduen",ilocano,
s,sufficient,adj. umdas,ilocano,
s,sugar,"n. agsucar, tagapulot",ilocano,
s,sugar cane,n. unas,ilocano,
s,suggest,v. isingasing,ilocano,
s,suggestion,"n. singasing, wayat",ilocano,
s,suit,n. terno,ilocano,
s,suit,"v. ipagalad, ibagay",ilocano,
s,suitable,"adj. maibagay, mainugot",ilocano,
s,sullen,"adj. nasipnget, naalsem, naalidumget",ilocano,
s,sultriness,n. kinapudot,ilocano,
s,sultry,adj. napudot,ilocano,
s,sum,n. dagup,ilocano,
s,sum,"v. pagtitiponen, pagdagupen",ilocano,
s,summary,n. dagup,ilocano,
s,summer,n. calgaw,ilocano,
s,sun,n. init,ilocano,
s,sunday,n. Domingo,ilocano,
s,sunlight,"n. silnag ti init, lawag ti init",ilocano,
s,sunny,"adj. nalawag, naragsac",ilocano,
s,sunset,n. ilelennec ti init,ilocano,
s,sunshine,n. lawag ti init,ilocano,
s,sup,v. mangmalem,ilocano,
s,supeintendent,"n. superintendente, mangimaton",ilocano,
s,superior,"adj. nangato ang clase, nasayaat",ilocano,
s,superior,"n. ngatuen, nangato",ilocano,
s,superiority,n. kinangato,ilocano,
s,supervision,n. panangiturong,ilocano,
s,supervision,"n. supervisor, mangiturong",ilocano,
s,supper,n. canen iti rabil wenno malem,ilocano,
s,supply,n. casapulan,ilocano,
s,supply,v. iccan,ilocano,
s,support,"n. tulong, singit, pangtarabay",ilocano,
s,support,"v. tulongan, taracnen",ilocano,
s,suppose,"v. ipapan, ipagarup",ilocano,
s,supremacy,"n. kinangato, panagturay",ilocano,
s,supreme,adj. cangatuan iti saad,ilocano,
s,sure,adj. natalged,ilocano,
s,surely,adv. sitatalged,ilocano,
s,surface,n. rabaw,ilocano,
s,surgeon,n. doctor nga agoperar,ilocano,
s,surgery,n. adal ti panagoperar,ilocano,
s,surgical,adj. maipapan ti panagoperar,ilocano,
s,surname,n. apellido,ilocano,
s,surprise,n. siddaaw,ilocano,
s,surprise,v. pagsiddaawen,ilocano,
s,surprising,adj. nacascasdaaw,ilocano,
s,surrender,"n. isusuco, irurucma",ilocano,
s,surrender,"v. sumuco, ited",ilocano,
s,surround,"v. lawlawen, licmuten",ilocano,
s,surroundings,"n. ti aglicmot, ti aglawlaw",ilocano,
s,survey,"n. panangrucod, panagsirpat",ilocano,
s,survey,"v. rucoden, sirpaten",ilocano,
s,suspect,n. maipaparup,ilocano,
s,suspenders,n. tirante,ilocano,
s,sustain,"v. tulongan, canunongan",ilocano,
s,sustenance,"n. tulong, abuloy",ilocano,
s,swallow,"n. alimunen, tilmonen",ilocano,
s,swallow,n. sallapingaw,ilocano,
s,swamp,"n. alog, ubbog",ilocano,
s,swampy,adj. caallogan,ilocano,
s,swan,n. cannaway,ilocano,
s,swan song,n. maudi a canta,ilocano,
s,swarm,n. pangen,ilocano,
s,swarm,v. agguummong,ilocano,
s,sway,"n. pigsa, dagsen, tignay",ilocano,
s,sway,"v. garawen, itulod, bawingen",ilocano,
s,swear,v. isapata,ilocano,
s,sweat,n. ling-et,ilocano,
s,sweat,v. aglinget,ilocano,
s,sweaty,adj. nalingetan,ilocano,
s,sweep,n. caycay,ilocano,
s,sweep,"v. agcaycay, agdalus",ilocano,
s,sweeping,adj. naan-anay,ilocano,
s,sweeten,v. pasam-iten,ilocano,
s,sweetly,adv. sisasam-it,ilocano,
s,sweetness,n. kinasam-it,ilocano,
s,sweets,n. sinam-it,ilocano,
s,swell,n. bussog,ilocano,
s,swell,"v. padackelen, bumsog",ilocano,
s,swift,adj. napartac,ilocano,
s,swiftly,adv. sipapartac,ilocano,
s,swim,v. aglangoy,ilocano,
s,swing,"n. indayon, danog",ilocano,
s,swing,"v. itulod, ilili",ilocano,
s,switch,n. ramit a pangtengngel iti corriente ti electricidad,ilocano,
s,switchman,n. mangimaton iti ramit a mangtengngel iti corriente ti electricidad,ilocano,
s,sword,n. espada,ilocano,
s,symbol,"n. tanda, pagilasinan",ilocano,
s,symbolic,"adj. mangipamatmat, nabagas",ilocano,
s,symbolize,v. ipamatmat,ilocano,
s,sympathy,n. pannakipagricna,ilocano,
s,synonym,"n. capadpada ti caitarusan, catarus",ilocano,
s,syntax,n. panangurnos,ilocano,
s,syringe,"n. bassit a tubo nga adda bombana, ringgilla",ilocano,
s,system,"n. pamuspusan, wagas",ilocano,
s,systematic,"adj. nasayud, naurnos",ilocano,
t,table,"n. dalang, lamisaan",ilocano,
t,tablet,"n. tableta, cuaderno",ilocano,
t,tack,n. lansa nga ababa,ilocano,
t,tactical,adj. nasicap,ilocano,
t,tactics,"n. tactica, sicap",ilocano,
t,tail,n. ipus,ilocano,
t,tailor,"n. agdadait, sastre",ilocano,
t,take,v. alaen,ilocano,
t,tale,n. sarita,ilocano,
t,talent,"n. sirib, cabaelan",ilocano,
t,talented,adj. masireb,ilocano,
t,talisman,n. anting-anting,ilocano,
t,talk,v. sarita,ilocano,
t,talkative,"adj. natagari, managsao",ilocano,
t,tall,"adj. natayag, nawasnang",ilocano,
t,tamarind,n. salamagi,ilocano,
t,tame,adj. naamo,ilocano,
t,tan,adj. cayumanggi,ilocano,positive
t,tank,n. tanque,ilocano,
t,tanner,n. agtabas iti lalat,ilocano,
t,tap,n. picpic,ilocano,
t,tap,"v. tugtogen, picpiken",ilocano,
t,tar,n. alquetran,ilocano,
t,tardiness,"n. pannacaudi, pannacaladaw",ilocano,
t,tardy,"adj. naudi, naladaw",ilocano,
t,task,"n. trabajo, aramid",ilocano,
t,taste,n. raman,ilocano,
t,taste,v. ramanan,ilocano,
t,tasteless,adj. awanan iti raman,ilocano,
t,tasty,"adj. naramn, naimas",ilocano,
t,tavern,n. pagdagusan,ilocano,
t,tax,n. buis,ilocano,
t,tax,v. pagbuisen,ilocano,
t,tea,n. cha,ilocano,
t,teach,"v. isuro, adalan",ilocano,
t,teacher,"n. maestro, mangisuro",ilocano,
t,teaching,"n. panangisuro, pannursuro",ilocano,
t,team,"n. timpuyog, sangcacuyog",ilocano,
t,tear,"n. lulua, pigis",ilocano,
t,tear,v. pigisen,ilocano,
t,tearful,adj. managlua,ilocano,
t,tease,"n. angaw, rabac",ilocano,
t,tease,"v. angawen, rabaken",ilocano,
t,tedious,adj. macacatang,ilocano,
t,telephone,"v. telefono, pagayaban",ilocano,
t,tell,"v. saritaen, isalaysay, palawagen",ilocano,
t,teller,"n. empleado ti banco, agipalawag",ilocano,
t,telltale,adj. sarita a sarita,ilocano,
t,temper,n. ricna,ilocano,
t,temper,"v. tenneben, timbengen",ilocano,
t,temperamental,"adj. managpungtot, managbaliw to ricnana",ilocano,
t,temperate,"adj. natimbeng, calalamganna",ilocano,
t,temperature,"n. pudot ti bagi, casasaad ti tiempo, napudot wenno nalamiis",ilocano,
t,tempest,"n. bagyo, napigsa nga angin",ilocano,
t,tempestous,"adj. naangin, nabagyo",ilocano,
t,temple,"n. simbaan, templo",ilocano,
t,tempt,v. sulisogen,ilocano,
t,temptation,n. sulisog,ilocano,
t,ten,n. sangapulo,ilocano,
t,tenant,"n. casamac, makitalon, dumagus",ilocano,
t,tend,"v. agduyos, tamingen",ilocano,
t,tender,"adj., v. ubing, naganus, nalangto",ilocano,
t,tenement,n. balay a paabangan,ilocano,
t,tense,adj. agsardeng,ilocano,
t,tense,n. iti tiempo,ilocano,
t,tent,n. tolda,ilocano,
t,tenth,adj. maica sangapulo,ilocano,
t,term,"n. panagsaad, maysa a tiempo, sagudayen ti tulag",ilocano,
t,terminate,n. anay,ilocano,
t,termination,"n. pagpatinggaan, ungto",ilocano,
t,terrible,"adj. nacabutbuteng, nacaal-alinget",ilocano,
t,territory,"n. distrito, daga, sacup",ilocano,
t,terror,n. buteng,ilocano,
t,terse,"adj. ababa, nabatad",ilocano,
t,test,"n. suot, examen",ilocano,
t,test,"v. padasen, suboken, suoten",ilocano,
t,testify,v. agsacsi,ilocano,
t,testimony,"n. sacsi, pammanecnec",ilocano,
t,tether,"n. itali, isab-it, igalut",ilocano,
t,text,"n. linaon, naguneg, anag",ilocano,
t,textile,n. luplupot,ilocano,
t,than,conj. ngemti,ilocano,
t,thank,v. agyaman,ilocano,
t,thankful,adj. managyaman,ilocano,
t,thankless,adj. awanan iti panagyaman,ilocano,
t,thanks,n. yaman,ilocano,
t,thanksgiving day,n. Aldaw ti panagyaman,ilocano,
t,that,adv. tapno,ilocano,
t,that,"pron. daydiay, dayta",ilocano,
t,the,art. ti,ilocano,
t,theatre,"n. pagbuyaan, teatro",ilocano,
t,theatrical,"adj. managpabuya, maipapan iti pagbuyaan",ilocano,
t,them,pron. caducuada,ilocano,
t,themselves,pron. cadacuada,ilocano,
t,then,"adj. no casta, tapno, idi",ilocano,
t,thence,pron. manipud sadiay,ilocano,
t,there,"adv. sadiay, idiay",ilocano,
t,thereby,"adv. agsipud iti daytoy, gapu, iti daytoy",ilocano,
t,therefore,adv. no casta ngarud,ilocano,
t,thereof,adj. manipud iti daytoy a banag ditoy,ilocano,
t,thereupon,"adv. iti dayto, iti daydiay",ilocano,
t,these,pron. dagitoy,ilocano,
t,they,pron. isu da,ilocano,
t,thick,adj. napuscol,ilocano,
t,thief,n. mannanacaw,ilocano,
t,thier,pron. cucuada,ilocano,
t,thigh,n. luppo,ilocano,
t,thimble,n. dadal,ilocano,
t,thin,"adj. nacuttong, naingpis",ilocano,
t,thing,n. banag,ilocano,
t,think,"v. agisipen, panunoten",ilocano,
t,thinking,adj. managpanunot,ilocano,
t,third,adj. maicatlo,ilocano,
t,thirst,n. waw,ilocano,
t,thirsty,adj. mawaw,ilocano,
t,thirteen,n. sanagapulo ket tallo,ilocano,
t,thirteenth,adj. maicasangapulo ket tallo,ilocano,
t,thirty,n. tallo pulo,ilocano,
t,this,pron. daytoy,ilocano,
t,thorn,n. siit,ilocano,
t,thorny,adj. nasiit,ilocano,
t,thorough,"adj. naananay, nasapasap",ilocano,
t,those,pron. dagidiay,ilocano,
t,though,"adj. nupay, uray",ilocano,
t,thousand,n. sangaribu,ilocano,
t,thread,"n. sinulid, sag-ot",ilocano,
t,threat,n. pangbutbuteng,ilocano,
t,threaten,v. butbutngen,ilocano,
t,three,n. tallo,ilocano,
t,thresh,v. ireken,ilocano,
t,threshing machine,n. maquina a pagiric,ilocano,
t,thrice,adv. mamitlo,ilocano,
t,thrill,n. ganas,ilocano,
t,thrilling,"adj. naganas, macaay-ayo",ilocano,
t,thrive,v. agbiag a nasayaat,ilocano,
t,throat,n. carabucob,ilocano,
t,throne,"n. trono, tugaw ti ari",ilocano,
t,throng,n. ummong,ilocano,
t,throng,v. agummong,ilocano,
t,through,prep. manipud iti rugi inggana iti ungto,ilocano,
t,throw,"n. purwac, bato",ilocano,
t,throw,"v. ibato, ipuruac",ilocano,
t,thrust,"n. caruscos, duron, durudor",ilocano,
t,thrust,"v. icarasucus, icarsong, idurom",ilocano,
t,thumb,n. tangan,ilocano,
t,thumb,v. pislen,ilocano,
t,thunder,n. gurruod,ilocano,
t,thunderous,"adj. nacabutbuteng, macatitleng cas iti gurruod",ilocano,
t,thursday,n. Jueves,ilocano,
t,thus,adj. isut gapuna castoy,ilocano,
t,thy,"pron. dayta, am (the latter is a suffix) cucuam",ilocano,
t,tick,"n. uni ti pagorasan, ulmog",ilocano,
t,ticket,"n. billete, ticket",ilocano,positive
t,tickle,"v. sairen, kikien",ilocano,
t,ticklish,"adj. managuni, macasair, nacaininaca",ilocano,
t,tide,n. panagpangato wenno panagbaba ti danum ti baybay,ilocano,
t,tie,"n. corbata, reppet, siglot",ilocano,
t,tie,"v. pungngen, reppetem, igalut",ilocano,
t,tiger,n. tigre,ilocano,
t,tight,"adj. nairut, naet-et",ilocano,
t,tile,"n. baldosa, tisa",ilocano,
t,till,adv. inggana,ilocano,
t,till,"v. agsucay, sucayen",ilocano,
t,tilt,"n. paginnabacan, salip",ilocano,
t,tilt,v. viray,ilocano,
t,timber,"n. troso, dadackel a cayo",ilocano,
t,time,"n. oras, panawen",ilocano,
t,timely,"adj. apagisu, naitiempo",ilocano,
t,timid,adj. mamagbabain,ilocano,
t,timidity,n. panagbain,ilocano,
t,tin,n. lata,ilocano,
t,tinsmith,n. latero,ilocano,
t,tint,"n. color, langa, maris",ilocano,
t,tiny,"adj. bassit, bassit unay",ilocano,
t,tip,"n. murdong, pasukib",ilocano,
t,tip,v. ipacaamo,ilocano,
t,tiptoe,n. til-ay,ilocano,
t,tire,n. goma ti auto,ilocano,
t,tire,v. bannogen,ilocano,
t,tiresome,adj. macabannog,ilocano,
t,title,"n. titulo, nagan, pangawag",ilocano,
t,to,"prep. tapno, iti idiay, ken",ilocano,
t,toad,n. bayyec,ilocano,
t,toast,"n. tinuno, kinirog",ilocano,
t,toast,"v. kirogen, ituno",ilocano,
t,today,"n. ita, ita nga adlaw",ilocano,
t,toe,n. ramay ti seca,ilocano,
t,together,adv. agcuyog,ilocano,
t,toilet,n. casillas,ilocano,
t,token,"n. tanda, pacalaglagipan",ilocano,
t,tolerate,"v. baybay-an, palabsen",ilocano,
t,toleration,n. panangbay-a,ilocano,
t,toll,"n. bayad, lagip, buis",ilocano,negative
t,toll,"v. ilagip, bayadan",ilocano,negative
t,tomato,n. camatis,ilocano,
t,tomb,n. tanem,ilocano,
t,tomorrow,n. inton bigat,ilocano,
t,ton,n. tonelada,ilocano,
t,tone,"n. iccatan, timplaen",ilocano,
t,tone,"n. timec, ayug",ilocano,
t,tongue,n. dila,ilocano,
t,tongue-tide,"adj. saan a macapagsarita, agtabbed",ilocano,
t,tonight,"n. inton rabii, ita a rabii",ilocano,
t,too,adv. met,ilocano,
t,tool,"n. casapulan, aruaten, ramit",ilocano,
t,tooth,n. ngipen,ilocano,
t,top,"n. sunay, ngato, rabaw",ilocano,
t,top,v. rimbawan,ilocano,
t,topic,n. pagsasaritaan,ilocano,
t,torch,n. silaw,ilocano,
t,torment,"n. panagrigat, rigat",ilocano,
t,torment,v. parigaten,ilocano,
t,torture,n. tuoc,ilocano,
t,torturous,adj. natuoc,ilocano,
t,toss,n. ginnasanggasat,ilocano,
t,toss,"v. ipallangatoc, ipangato",ilocano,
t,total,n. dagup,ilocano,
t,touch,"adj. naculbet, nakired",ilocano,
t,touch,"n. calbit, sagid",ilocano,
t,toughness,"n. kinaculbet, kinakired",ilocano,
t,touser,"n. pantalon, sapin",ilocano,
t,toward,prep. agturong idiay,ilocano,
t,towel,n. toalla,ilocano,
t,tower,n. torre,ilocano,
t,town,n. ili,ilocano,
t,townmate,n. calian,ilocano,
t,toy,n. abalbalay,ilocano,
t,trace,n. uged,ilocano,
t,trace,"v. ugedan, suroten",ilocano,
t,track,n. dalan,ilocano,
t,trackless,adj. awanan iti paligasinan,ilocano,
t,tract,"n. daga, bacud ti daga",ilocano,
t,trade,"n. pagsapulan, panaglinnaco",ilocano,
t,trade,"v. aglinnaco, agsinnucat",ilocano,
t,trademark,n. marca,ilocano,
t,trader,n. aglaclaco ken aggatang,ilocano,
t,tradition,"n. sigud nga ugali, nacairuman",ilocano,
t,traditional,adj. maipapan iti ugali,ilocano,
t,traffic,n. panagdaliasat,ilocano,
t,tragedy,"n. nacabutbuteng wenno naliday a pasamac, didigra",ilocano,
t,tragic,adj. nacaa-alingget,ilocano,
t,trail,"n. desdes, dana",ilocano,
t,trail,"v. suroten, tuntonen",ilocano,
t,train,n. tren,ilocano,
t,traitor,"n. traidor, mangliliput",ilocano,
t,traitorous,adj. manangliput,ilocano,
t,tramp,n. bayanggudaw,ilocano,
t,tramp,v. agbatanggudaw,ilocano,
t,trample,"v. payaten, irurumen",ilocano,
t,tramsient,n. ti agyan iti mabiit iti maysa a disso,ilocano,
t,transfer,"n. panagalis, yaacar",ilocano,
t,transfer,"v. pumanaw, umalis, pannangted iti sabali",ilocano,
t,transferable,"adj. maipanaw, mayalis",ilocano,
t,transition,n. panagsucat,ilocano,
t,transitory,"adj. maipapan iti yaalis, panagbaliw",ilocano,
t,translate,v. yulog iti sabali a pagsasao,ilocano,
t,translation,"n. ti panangyulog iti sabali a pagsasao, naipatarus",ilocano,
t,transport,n. pagluganan,ilocano,
t,transport,v. yalis,ilocano,
t,transportation,"n. sasacayan, transportacion",ilocano,
t,trap,"n. palab-ug, culongan ubong",ilocano,
t,trap,"v. siluan, lacuben",ilocano,
t,travel,n. panagbaniaga,ilocano,
t,travel,"v. agbaniaga, agpasiar",ilocano,
t,traveler,"n. viajero, agbaniaga",ilocano,
t,traveling,adj. agbambaniaga,ilocano,
t,tread,n. lemma,ilocano,
t,tread,v. payaten,ilocano,
t,treason n.,"panangliput, traicion",ilocano,
t,treasonable,adj. maipapan iti panangliput,ilocano,
t,treasure,n. kinabacnang,ilocano,
t,treasurer,n. tesorero,ilocano,
t,treasury,"n. agasan, taripatuen",ilocano,
t,treatment,"n. panangagas, panangtaripato",ilocano,
t,treaty,n. tulag,ilocano,
t,treble,adj. pamitluen,ilocano,
t,tree,n. cayo,ilocano,
t,trellis,n. pagcalatcatan,ilocano,
t,tremble,"v. agtigerger, agpigerger",ilocano,
t,trembling,"n. panagtigerger, panagpirpir",ilocano,
t,trial,"n. pannacausig, pannacasuot, pannacapadas",ilocano,
t,tribe,"n. tribo, maysa a timpuyog, puli",ilocano,
t,tributary,n. sanga,ilocano,
t,tribute,"n. sagut, buis",ilocano,
t,trick,"n. salamangca, sicap",ilocano,
t,trick,"v. allilawen, sicapan",ilocano,
t,tricky,adj. namanangallilaw,ilocano,
t,trifle,n. bassit a banag,ilocano,
t,trifling,adj. bassit,ilocano,
t,trim,v. panangputed arcos,ilocano,
t,trimming,n. panangputed arcos,ilocano,
t,trip,"n. panaglugan, panagviaje",ilocano,
t,triumph,n. panangabac,ilocano,
t,triumph,"v. mangabac, agballigi",ilocano,
t,trolley,n. tramvia,ilocano,
t,troop,"n. soldado, buyot",ilocano,
t,trot,"v. agtaray, taltag",ilocano,
t,trouble,"n. paricut, riribuc, riri",ilocano,
t,trouble,"v. riribuken, parigaten",ilocano,
t,troublesome,adj. nariri,ilocano,
t,truck,n. trak,ilocano,
t,truck garden,n. minuyogan,ilocano,
t,true,adj. pudno,ilocano,
t,truly,"adv. sipupudno, agpayso",ilocano,
t,trumpet,n. trumpeta,ilocano,positive
t,trunk,"n. puon, lacasa, tampipi",ilocano,
t,trust,n. talec,ilocano,
t,trust,"v. talken, italec",ilocano,
t,trustworthy,adj. mapagtalacan,ilocano,
t,truth,n. kinapudno,ilocano,
t,truthful,adj. napudno,ilocano,
t,try,v. padasen,ilocano,
t,tub,n. batia,ilocano,
t,tube,"n. tubo, pagayusan ti danum",ilocano,
t,tuesday,n. Martes,ilocano,
t,tug-of-war,n. ginnuyod,ilocano,
t,tumble,n. pannacaitublac,ilocano,
t,tumor,n. letteg,ilocano,
t,tune,"n. timec, tuno, ayug",ilocano,
t,tune,"v. itunos, itimpla",ilocano,
t,tuneful,"adj. napintas a timec, naayug",ilocano,
t,turkey,n. pavo,ilocano,
t,turn,"n. itataliaw, batang, panagsicco, panagsucat",ilocano,
t,turn,"v. agpusipos, agsubli, tumallaw",ilocano,
t,turtle,"n. pag-ong, pawican",ilocano,
t,twelfth,adj. maicasangapulo ket dua,ilocano,
t,twenty,n. dua pulo,ilocano,
t,twice,adv. mamindua,ilocano,
t,twig,n. bassit a sanga,ilocano,
t,twilight,n. sumipnget,ilocano,
t,twin,n. singin,ilocano,
t,twine,"v. iraked, ireppet",ilocano,
t,twinkle,"n. andap, kiray",ilocano,
t,twinkling,"adj. agandap, agkiray",ilocano,
t,twist,"v. tirtiren, sillapiden",ilocano,
t,twosome,n. dinua,ilocano,
t,type,"n. kita, clase",ilocano,
t,typehoid fever,"n. tipus, maysa a kita ti sakit nga agtaud iti gurigor",ilocano,
t,typewriter,n. maquinilla,ilocano,
t,typhoon,"n. bagyo, napigsa nga angin",ilocano,
t,typist,n. ti agmaquinilla,ilocano,
t,tyranny,"n. kinaulpit, kinaranggas",ilocano,
t,tyrant,n. manangirurumen nga agturay,ilocano,
u,ugly,"adj. naalas, nalaad",ilocano,
u,ulcer,"n. letteg, busali",ilocano,
u,ulcerous,adj. lumteg,ilocano,
u,ultimate,adj. maudi,ilocano,
u,ultimatum,"n. maudi, ultimatum",ilocano,negative
u,umpire,"n. mangeddeng, ucom iti ay-ayam",ilocano,
u,unable,"adj. awanan cabaelan, saan a cabaelan",ilocano,
u,unaccustomed,adj. saan a mairuam,ilocano,
u,unalloyed,"adj. puro, awan ti laocna",ilocano,
u,unanimous,adj. panagmaymaysa,ilocano,
u,unarmed,adj. awanan igam,ilocano,
u,unavoidable,adj. saan a malisian,ilocano,
u,unaware,adj. saan a nacasagana,ilocano,
u,unbending,"adj. natured, nakidser",ilocano,
u,unbind,"v. warwaran, ruc-atan",ilocano,
u,unborn,adj. di pay nayanac,ilocano,
u,unbroken,"adj. saan naputed, saan a nabuong",ilocano,
u,uncertain,"adj. saan a manamnama, pagduaduaan",ilocano,
u,unclad,adj. silalamolamo,ilocano,
u,uncle,"n. uliteg, tio",ilocano,
u,unclothe,v. ussoban,ilocano,
u,uncommon,"adj. saan a cadawyan, naisangsangayan",ilocano,
u,unconcerned,adj . saan a mairaman,ilocano,
u,unconcious,"n. naariweng, awanan ricna wenno puot, napleng",ilocano,
u,unconditional,adj. awan ti saritaan,ilocano,
u,unconstitutional,adj. saan mainugot iti pagalagadan,ilocano,
u,uncork,"v. iccatan iti tapon, luctan",ilocano,
u,uncounted,adj. saan a naibilang,ilocano,
u,uncover,"v. iccaten ti abbong, lucasan",ilocano,
u,under,"prep. siroc, babaen",ilocano,
u,undergo,"v. padalanen, lasaten",ilocano,
u,underline,v. ugedan iti babana,ilocano,
u,underneath,"prep. iti siroc, babaen",ilocano,
u,undershirt,n. camiseta,ilocano,
u,understand,"v. awaten, tarusan",ilocano,
u,undertaker,n. agay-aywan iti funeraria,ilocano,
u,underwent,v. napadasan,ilocano,
u,underwriter,n. agente ti seguro,ilocano,
u,undress,v. agussob ussoban,ilocano,
u,undulation,"n. panagallon, garaw",ilocano,
u,uneasy,adj. saan a nactalna,ilocano,
u,uneven,"adj. turturod, tibbatibbacol, saan a napatad",ilocano,
u,unexpected,"adj. saan nga impagarup, saan a ninamnama",ilocano,
u,unfaithful,"adj. saan a pudno, nagulib",ilocano,
u,unfit,adj. saan a rumbeng,ilocano,
u,unfold,v. ucraden,ilocano,
u,unforgettable,adj. saan a malipatan,ilocano,
u,unfortunate,"adj. dacsanggasat, awanan gasat",ilocano,
u,unfounded,"adj. saan a pudno, natiri",ilocano,
u,unfriendly,"adj. mannakiapa, naatap",ilocano,
u,unfurnished,adj. saan a naiccan,ilocano,
u,unhand,v. ibbatan,ilocano,
u,unhappy,"v. saan a naragsac, nalinday",ilocano,
u,unhealthy,adj. masacsakit,ilocano,
u,uniform,adj. agpada,ilocano,
u,union,"n. panagmaymaysa, gimong, panagtipon",ilocano,positive
u,unique,"adj. awan ti capadana, carcarna",ilocano,
u,unite,"v. panagmamaysa, pagtiponen",ilocano,
u,united states,n. Estados Unidos,ilocano,
u,universal,"adj. maipapan iti law-ang, sangalubongan",ilocano,
u,universe,n. law-ang,ilocano,
u,university,n. universidad,ilocano,
u,unjust,adj. saan a rumbeng,ilocano,
u,unkempt,"adj. nabaybay-an, nacuso",ilocano,
u,unkind,"adj. awanan asi, naulpit, naranggas",ilocano,
u,unknown,adj. saan nga am-ammo,ilocano,
u,unlawful,adj. maicaniwas iti linteg,ilocano,
u,unless,prep. malacsid,ilocano,
u,unlettered,"adj. awanan adal, nengneng",ilocano,
u,unlike,"adj. saan nga agpada, aggidiat",ilocano,
u,unload,"v. idissaag, iccaten",ilocano,
u,unlucky,"adj. awanan gasat, dacsanggasat",ilocano,
u,unnecessary,adj. saan a casapulan,ilocano,
u,unpalatable,"adj. saan mabalin a taraon, saan a naimas",ilocano,
u,unqualified,adj. saan a tumutop,ilocano,
u,unquestionable,"adj. saan a matawaran, saan a pagduaduaan",ilocano,
u,unreasonable,"adj. awanan rason, saan a nalinteg",ilocano,
u,unrest,"n. riribuc, saan a panagtalna",ilocano,
u,unripe,adj. nasta,ilocano,
u,unruffled,"adj. saan naurnos, nawara",ilocano,
u,unruly,"adj. nagulo, naaliwegweg",ilocano,
u,unsafe,adj. napeggad,ilocano,
u,unseen,adj. saan a nakitkita,ilocano,
u,unsophisticated,adj. saan a natangig,ilocano,
u,unsteady,"adj. saan nasimpa, saan a natalged",ilocano,
u,unthinking,adj. saan nga agpanunot,ilocano,
u,untie,"v. warwaran, ucasan",ilocano,
u,until,conj. inggana,ilocano,
u,untimely,adj. saan a naitumpong iti rumbeng a panawen,ilocano,
u,unto,"adv. inggana, iti",ilocano,
u,unture,"adj. saan a pudno, ulbod",ilocano,
u,unusual,"adj. manmano, carcarna",ilocano,
u,unwilling,"adj. nasukir, agkedked",ilocano,
u,unworthy,adj. saan a maicari,ilocano,
u,unwrap,v. iccaten ti bungon,ilocano,
u,up,prep. iti ngato,ilocano,
u,upbraid,v. ungtan,ilocano,
u,upheld,v. kinanunongan,ilocano,
u,uplift,v. ingato,ilocano,
u,upon,"adj. iti rabaw, rabaw",ilocano,
u,upper,"adj. ngatuen, akinngato",ilocano,
u,upright,"adj. nagtacder, natan-oc",ilocano,
u,uprising,n. yaalsa,ilocano,
u,uproar,"n. kinaringgor, ririboc",ilocano,
u,upshot,n. nagbanagan,ilocano,
u,upstairs,"n. diay balay, ngatuen ti agda",ilocano,
u,upward,adv. agpangato,ilocano,
u,urge,"v. piliten, guyogoyen",ilocano,
u,urgent,"adj. naganat, nasken",ilocano,
u,urging,"n. panangguyogoy, panangayayo",ilocano,
u,urine,n. isbu,ilocano,
u,us,pron. tayo,ilocano,
u,use,n. panagramat,ilocano,
u,use,v. aramatan,ilocano,
u,usher,"n. babaonen, agbanbantay ti ridaw",ilocano,
u,usual,"adj. agdama, sigsigud",ilocano,
u,usually,"adv. caadduan, masansan",ilocano,
u,usurer,n. osurero,ilocano,
u,usurp,v. alaen wento tagicuaen babaen ti pigsa,ilocano,
u,utility,n. casapulan,ilocano,
u,utmost,"adj. cangatuan, amin a cabaelan",ilocano,
u,utter,"v. isarita, isao",ilocano,
u,utterance,"n. sinarita, palawag",ilocano,
u,utterly,adv. sianay,ilocano,
v,vacancy,n. caawan ti nagyan,ilocano,
v,vacant,"adj. awang, vacante, cawaw",ilocano,
v,vacation,"n. vacacion, panaginana, panagpaliwa",ilocano,
v,vaccinate,"v. bacunaan, agbacuna",ilocano,
v,vaccination,"n. bacuna, agbacuna",ilocano,
v,vain,"adj. natangig, napasin dayag, eppes",ilocano,
v,vale,n. nababa a paset ti daga,ilocano,
v,valid,"adj. mabalin, cas mayan natop",ilocano,
v,valise,n. maleta,ilocano,
v,valley,n. napatad a daga,ilocano,
v,value,"n. pateg, ngina",ilocano,
v,valve,n. barbula,ilocano,
v,vanish,"v. agawan, agpucaw",ilocano,
v,vanity,n. kinalabes,ilocano,
v,vanquish,"v. abaken, maabac",ilocano,
v,variable,"adj. agsucat, agbaliw",ilocano,
v,varied,adj. nadumaduma,ilocano,
v,variety,n. adu a kita,ilocano,
v,various,adj. nadumaduma,ilocano,
v,vary,v. agsusupadi,ilocano,
v,vast,"adj. nalawa, adu",ilocano,
v,vastness,n. kinalawa,ilocano,
v,vault,"n., v. lumagto",ilocano,
v,veal,v. carne ti urbon a vaca,ilocano,
v,vegetable,n. nateng,ilocano,
v,vehicle,n. lugan a magna iti daga,ilocano,
v,veil,"n. abbong, velo, dalungdong",ilocano,
v,veiled,adj. nailinged,ilocano,
v,vein,n. urat,ilocano,
v,velocity,"n. partac, kinapartac",ilocano,
v,velvet,"adj. nalamuyot, nalucneng",ilocano,
v,vendetta,n. bales panagicaro,ilocano,
v,vendor,n. aglaclaco,ilocano,
v,venerable,adj. nadayaw,ilocano,
v,venerate,v. idayaw,ilocano,
v,veneration,n. panagdayaw,ilocano,
v,vengeance,n. panagibales,ilocano,
v,vengeful,adj. managibales,ilocano,
v,venom,n. giasabidong,ilocano,
v,venomous,"adj. napno iti sabidong, nagita",ilocano,
v,vent,n. abut,ilocano,
v,ventilate,"v. palamiisan, paanginan",ilocano,
v,ventilation,n. panangpalamiis iti angin,ilocano,
v,venture,v. padasen,ilocano,
v,veracity,n . kinapudno,ilocano,
v,verb,n. verbo,ilocano,
v,verbal,adj. naisao,ilocano,
v,verbal noun,n. banag a mangipalawag,ilocano,
v,verbally,adv. babaen ti sao,ilocano,
v,verdant,"adj. naverde, nalangto",ilocano,
v,vererano,n. veterano,ilocano,
v,verification,"n. kinapudno, pannacapanecnec",ilocano,
v,verify,v. panecnecan,ilocano,
v,verse,"n. daniw, verso, binatog ti daniw",ilocano,
v,versus,prep. maisupiat,ilocano,
v,very,adj. pudno unay,ilocano,
v,vessel,n. sasacayan iti danum,ilocano,
v,vest,"v. iccan, ited, icawes",ilocano,
v,veto,"n. panangsupiat, veto",ilocano,
v,veto,"v. supiaten, patayen",ilocano,
v,vex,"v. pagpungtoten, singaen",ilocano,
v,vexation,"n. pungtot, suron, paricut",ilocano,
v,via,prep. dalan ti,ilocano,
v,viand,n. sida,ilocano,
v,vice,"n. vicio, vice, casuno",ilocano,
v,vicinity,"n. iti aglicmut, arubayan",ilocano,
v,victim,n. nadangranan,ilocano,
v,victor,"n. nangabac, nagballigi",ilocano,
v,victorious,adj. nagballigi,ilocano,
v,victory,"n. panangabac, balligi",ilocano,
v,vie,v. makiginnasat,ilocano,
v,view,n. buya,ilocano,
v,view,"v. buyaen, kitaen",ilocano,
v,vigil,"n. panangimutectec, panangbantay",ilocano,
v,vigilance,n. panagaywan,ilocano,
v,vigor,n. pigsa,ilocano,
v,vigorous,adj. napigsa,ilocano,
v,vile,"adj. narugit, nalaad",ilocano,
v,village,"n. bario, away",ilocano,
v,villain,"n. dakes a tao, sumupiat iti bunuar",ilocano,
v,villainous,adj. managdacdakes,ilocano,
v,vim,n. pigsa,ilocano,
v,vine,"n. mula nga agcalatcat, lanut",ilocano,
v,vinegar,n. suca,ilocano,
v,violate,v. salungasingen,ilocano,
v,violation,n. panangasalungasing,ilocano,
v,violent,"adj. napigsa, narungsot",ilocano,
v,violin,n. violin,ilocano,
v,virgin,"n. virgen, kinasingpet",ilocano,
v,virginity,"n. kinasingpet, kinadalus",ilocano,
v,virtue,"n. dayaw, nasayaat a cababalin",ilocano,
v,virtuous,"adj. nadayaw, natalna",ilocano,
v,visible,"adj. makita, maimatangan",ilocano,
v,vision,"n. parparmata, sirmata",ilocano,
v,visionary,adj. managparmata,ilocano,
v,visit,n. sumarungcar,ilocano,
v,visit,"v. sarungcaran, kitaen",ilocano,
v,visitor,n. sangaili,ilocano,
v,vital,adj. cangrunaan a masapul,ilocano,
v,vitality,n. kinapigsa,ilocano,
v,vivacious,"adj. naayat, naragsac",ilocano,
v,vocabulary,"n. balicas, pagadalan iti sao",ilocano,
v,vocalist,n. cumacanta,ilocano,
v,vocation,n. kita ti panggedan,ilocano,
v,vocational,adj. maipapan cadagiti panggedan,ilocano,
v,vogue,"n. kita, moda, tabas",ilocano,
v,voice,n. timec,ilocano,
v,voice,v. ipecsa,ilocano,
v,void,"adj. awanan carga, awanan caipapanan",ilocano,
v,void,n. kinaawan naguneg,ilocano,
v,voluble,"adj. managsarita, bassawang",ilocano,
v,volume,"n. libro, capigsa ti timec, gatad, pagbasaan",ilocano,
v,voluminous,adj. napuscol,ilocano,
v,voluntary,"adj. sigaganetget, situtulnog saan a pinilit, sipupuso",ilocano,
v,vomit,v. agsarwa,ilocano,
v,vote,"n. votos, agpili",ilocano,
v,vow,"n. sapata, cari",ilocano,
v,vow,v. agcari,ilocano,
v,vowel,"n. dagiti letra a cas, e, o, u, i.",ilocano,
v,voyage,"n. panaglayag, panaglasat iti taaw",ilocano,
v,vulgar,"adj. napasindayag, naalas, nadursoc",ilocano,
v,vulnerable,"adj. nalupoy, nacapsut",ilocano,
w,wade,"v. agayayam iti danum, aguper",ilocano,
w,wag,"v. calawikwik, cutien",ilocano,
w,wage,"n. sueldo, tangan",ilocano,
w,wage war,v. makigubat,ilocano,
w,wager,v. pumusta,ilocano,
w,wagon,"n. lugan, vagon",ilocano,
w,wail,v. aganung-og,ilocano,
w,wailings,"n. panagsangit, anug-og",ilocano,
w,waist,"n. sibet, siket",ilocano,
w,waistcoat,n. chaleco,ilocano,
w,wait,v. aguray,ilocano,positive
w,waiter,"n. agidasar, agpaay, aguray",ilocano,
w,waiting room,n. pagurayan,ilocano,
w,waive,v. baybay-an,ilocano,
w,wake,"v. panagriing, riingen",ilocano,
w,walk,n. magna,ilocano,
w,wall,n. diding,ilocano,
w,wallet,n. petaca,ilocano,
w,wallow,v. aglubnac,ilocano,
w,wan,adj. nabessag,ilocano,
w,wander,"v. umadayo, agpasiar",ilocano,
w,want,"n. cayat, tarigagay",ilocano,
w,want,"v. kiddawen, tarigagayan",ilocano,
w,wanting,"adj. agcurang, agtarigagay",ilocano,
w,war,"n. gubat, riribuc",ilocano,
w,warble,v. agcanta,ilocano,
w,warbler,n. cumacanta,ilocano,
w,ward,"n. siled ti hospital, pagtaracnan",ilocano,
w,warden,n. agbambantay iti balud,ilocano,
w,wardrobe,n. pagyanan ti cawes,ilocano,
w,ware,n. dagiti tagilaco,ilocano,
w,warm,"v. baraen, salimu-oten, dagaangen",ilocano,
w,warmly,"adv. siaayat, sibabara",ilocano,
w,warn,v. pagtigmaanan,ilocano,
w,warning,n. patigmaan,ilocano,negative
w,warrant,n. pammanecnec,ilocano,
w,warrior,"n. soldado, buyot",ilocano,
w,wart,n. tucactucac,ilocano,
w,wash,n. linabaan,ilocano,
w,wash,"v. bugguan, labaan",ilocano,
w,washer,"n. aglalaba, agdaldalus",ilocano,
w,washout,"adj. naiyayus, halpas a nadangran",ilocano,
w,wasteful,"adj. managdadael, managbuslon",ilocano,
w,watch,"n. panagbantay, reloj",ilocano,
w,watch,"v. bantayan, siputan",ilocano,
w,watchdog,n. aso nga agbantay,ilocano,
w,watchful,"adj. naridam, nasiput",ilocano,
w,watchman,n. agbanbantay,ilocano,
w,water,n. danum,ilocano,
w,water,"v. sibugan, danuman",ilocano,
w,watermelon,"n. sandia, melon",ilocano,
w,waterproof,adj. saan a mabasa,ilocano,
w,watery,adj. nadanum,ilocano,
w,wave,"n. dalluyon, allon",ilocano,
w,wave,"v. palapay, agpayapay, agdalluyon, agculot",ilocano,
w,wavy,"adj. naculot, cas iti dalluyon",ilocano,
w,wax,n. allid,ilocano,
w,waxen,"adj. napigket, nasileng",ilocano,
w,way,"n. dalan, pamuspusan",ilocano,
w,waylay,"v. tambangan, saeden",ilocano,
w,wayward,"adj. nasukir, nayaw-awan, saan a nasursuruan",ilocano,
w,we,"pron. datayo, data, dacami",ilocano,
w,weak,"adj. marucop, nalupoy, nacapsut",ilocano,
w,weak-kneed,adj. managbuteng,ilocano,
w,weakness,n. kinalupoy,ilocano,
w,wealth,n. nabacnang,ilocano,
w,wealthy,"adj. nabacnang, aduan",ilocano,
w,wean,"v. iyadayo, ipanaw, ipusing",ilocano,
w,weapon,"n. igam, armas",ilocano,
w,wear,n. cawes,ilocano,
w,wear,"v. agcawes, agaramat, runoten",ilocano,
w,weariness,"n. bannog, kettang",ilocano,
w,weary,adj. nabannog,ilocano,
w,weather,n. casasaad ti panawen,ilocano,
w,weather,"v. sarangten, itured",ilocano,
w,weave,n. abel,ilocano,
w,weave,"v. ablen, lagaen",ilocano,
w,weaver,n. agababel,ilocano,
w,web,n. balay ti lawwalawwa,ilocano,
w,webby,"adj. naabel, nalaga, saput",ilocano,
w,wed,"v. icasar, casaren",ilocano,
w,wedding,n. casar,ilocano,
w,wedding bell,n. campana ti agcasar,ilocano,
w,wedge,n. sanat,ilocano,
w,wednesday,n. Miercoles,ilocano,
w,weed,n. ruot,ilocano,
w,weed,v. dalusan,ilocano,
w,week,n. macadomingo lawas,ilocano,
w,weekly,"adv. dinomingo, linawas",ilocano,
w,weep,v. agsangit,ilocano,
w,weeping,n. panagsangit,ilocano,
w,weevil,n. bucboc,ilocano,
w,weigh,v. timbangen,ilocano,
w,weight,n. dagsen,ilocano,
w,weighty,adj. nadagsen,ilocano,
w,weird,"adj. nacaalalingget, nacabutbuteng",ilocano,
w,welcome,"n. naragsac nga isasangpet, panangsabat",ilocano,
w,weld,"v. pagtitipunen, pagsilopoen",ilocano,
w,welfare,"n. pagsayaatan, pagimbagan",ilocano,
w,well,"adj. nalaing, nacaradcad, nasayaat",ilocano,
w,well,"n. bubon, bito",ilocano,
w,welt,v. aglaylay,ilocano,
w,west,n. laud,ilocano,positive
w,western,adj. akinlaud,ilocano,
w,westward,adj. agpalaud,ilocano,
w,wet,adj. nabasa,ilocano,
w,wet,v. babasaen,ilocano,
w,wet blanket,n. pangicaat iti pudot panangupay,ilocano,
w,whale,n. ballena,ilocano,
w,wharf,n. pantalan,ilocano,
w,what,interjection ania,ilocano,
w,what,pron. ania,ilocano,
w,whatever,pron. uray ania,ilocano,
w,wheat,n. trigo,ilocano,
w,wheel,"n. pilid, ligay",ilocano,
w,wheel,"v. pagibasen, pagpusipusen",ilocano,
w,when,adv. caano,ilocano,
w,whenever,adv. caano man,ilocano,
w,where,adv. sadino,ilocano,
w,whereby,"adv. ket, ken, iti daytoy",ilocano,
w,wherefore,"adv. gapu iti daytoy, daytay",ilocano,
w,wherein,adv. iti daytoy,ilocano,
w,wherever,adv. sadino man,ilocano,
w,whet,"v. asaen, patademen",ilocano,
w,whether,"v. agpapan, no",ilocano,
w,which,pron. anja cadagitoy,ilocano,
w,while,"n. bayat, cabayatan",ilocano,
w,while,n. canito,ilocano,
w,while,v. panagpalabas iti canito,ilocano,
w,whine,"v. unaweng, aguni",ilocano,
w,whip,"n. pagbaot, latico",ilocano,
w,whip,v. baoten,ilocano,
w,whirl,"n. agpusipos, agtayyec",ilocano,
w,whirl,v. pagpusipusen,ilocano,
w,whisper,n. arasaas,ilocano,
w,whisper,"v. yarasaas, ipatimud",ilocano,
w,whistle,n. sagawisiw,ilocano,
w,whistle,v. agsagawisiw,ilocano,
w,whistling,v. agsagsagawisiw,ilocano,
w,white,"n., adj. puraw, napudaw",ilocano,
w,white ant,n. anay,ilocano,
w,whither,adj. sadino,ilocano,
w,who,pron. sia-sino,ilocano,
w,whoever,"pron. siasino man, ania man",ilocano,
w,whole,"n. sibubukel, amin, sangcamay-sa",ilocano,
w,wholesale,n. pacyawan,ilocano,
w,wholesome,adj. nasaya-at,ilocano,
w,wholly,"adv. iti- isu-amin, sibubukel",ilocano,
w,whom,n. iti siasino,ilocano,
w,whose,pron. asino ti akincuana,ilocano,
w,why,n. apay,ilocano,
w,wicked,adj. managdakes,ilocano,
w,wide,"adj. acaba, nalawa",ilocano,
w,widow,n. balo a babai,ilocano,
w,widower,n. balo a lalaki,ilocano,
w,wife,n. asawa a babai,ilocano,
w,wild,adj. naatap,ilocano,
w,wilderness,n. cabakiran,ilocano,
w,will,"n. pammati, pagayatan",ilocano,
w,will,"v. italec, ipatawis, cayat",ilocano,
w,win,v. mangabac,ilocano,
w,wince,"v. agsanud, agkedked, agcayetket",ilocano,
w,wind,"n. angin, pul-oy",ilocano,
w,wind,"v. cuerdasan, agsicco",ilocano,
w,windmill,n. maquina a paggarawen ti angin,ilocano,
w,window,n. tawa,ilocano,
w,windy,adj. naangin,ilocano,
w,wine,"n. arac, basi",ilocano,
w,wing,n. payac,ilocano,
w,wing,v agtayab,ilocano,
w,wink,n. kidday,ilocano,
w,winnings,"n. inabac, dagiti inabac",ilocano,
w,winter,n. tiempo ti lam-ex,ilocano,
w,wipe,v. punasa.,ilocano,
w,wire,"n. barot, alambre",ilocano,
w,wire,v. telegramaan,ilocano,
w,wisdom,"n. sirib, capanunotan",ilocano,
w,wise,"adj. masirib, nalaing",ilocano,
w,wish,"n. panggep, calicagum",ilocano,
w,wish,v. panggepen,ilocano,
w,wit,"n. capanunutan, sirib",ilocano,
w,witch,n. manggagamod,ilocano,
w,witchery,n. pananggamud,ilocano,
w,withdraw,v. umadayo,ilocano,
w,withdrawal,"n. panangiccar, yaadyo",ilocano,
w,wither,v. malaylay,ilocano,
w,within,prep. iti uneg,ilocano,
w,without,"adv. no awan, iti ruar",ilocano,
w,withstand,v. sarkedan,ilocano,
w,witness,"n. sacsi, testigo, nacakita",ilocano,
w,witness,"v. tacderan, sacsian",ilocano,
w,witty,adj. nasaririt,ilocano,
w,woe,n. lobo a cas aso,ilocano,
w,woman,n. babai,ilocano,
w,won,n. nangabac,ilocano,
w,wonder,n. pagsiddaawan datdatlag,ilocano,
w,wonder,v. agsiddaaw,ilocano,
w,wonderful,adj. macascasdaaw,ilocano,
w,wondrous,adj. nacacasdaaw,ilocano,
w,wood,n. cavo,ilocano,
w,wood carver,n. agkitkiti-kit iti cayo,ilocano,
w,wool,"n. dutdot, de lana",ilocano,
w,word,"n. sarita, balicas",ilocano,
w,work,"n. aramid, trabajo",ilocano,
w,work,"v. agaramid, agtrabajo",ilocano,
w,worker,n. mangmangged,ilocano,
w,workman,n. mangmangged,ilocano,
w,world,"n. lubong, sanglubongan",ilocano,
w,worm,n. igges,ilocano,
w,worry,"n. paricut, danag, ducot",ilocano,
w,worry,"v. agsicor, agducot",ilocano,
w,worship,"v. agrucbab, dayawen, raemen",ilocano,
w,worst,adj. cadacsan,ilocano,
w,worth,"n. gatad, pateg",ilocano,
w,worthless,adj. awanan iti pateg,ilocano,
w,worthy,adj. napateg maicari,ilocano,
w,wound,n. sugat,ilocano,
w,wound,v. sugaten,ilocano,
w,wrap,"n. bungon, balcot",ilocano,
w,wrap,v. bungonen,ilocano,
w,wrath,"n. unget, pungtot",ilocano,
w,wreath,"n. arcos, sabsabong a naubon a balangat",ilocano,
w,wreck,"n. pannacadadael, naracrac",ilocano,
w,wreck,v. racraken,ilocano,
w,wrestle,v. gabbuen,ilocano,
w,wretch,"n. nacacaasi, naliday, nanumounay",ilocano,
w,wrinkle,n. curetret,ilocano,
w,wrinkle,v. curetreten,ilocano,
w,wrinkled,adj. nagcuretret,ilocano,
w,wrist,n. pungua-punguan,ilocano,
w,wrist watch,n. reloj ti ima,ilocano,
w,write,"v. agsurat, isurat",ilocano,
w,writer,n. mannyrat,ilocano,
w,writhe,v. agtiritir,ilocano,
w,writings,n. sinuratan,ilocano,
w,wrong,"v. idadanes, pudno, guliban",ilocano,
y,yacht,"n. bassit a bapor, yate",ilocano,
y,yam,n. ubi,ilocano,
y,yank,"n. panangtiritir, panagdutdot",ilocano,
y,yank,"v. tiritiren, dutduten",ilocano,
y,yap,"n. taol, bassawang",ilocano,
y,yap,"v. tumaol, agbassawang",ilocano,
y,yard,"n. yarda, inaladan, arubayan",ilocano,
y,yarn,"n. sarita, abel",ilocano,
y,yawn,n. suyaab,ilocano,
y,yawning,adj. agsuysuyaab,ilocano,
y,year,n. tawen,ilocano,
y,yearly,adj. tinawen,ilocano,
y,yearn,v. calicasumga,ilocano,
y,yearning,n. calicagum,ilocano,
y,yeast,n. levadora,ilocano,
y,yell,"n. dir-i, riaw",ilocano,
y,yell,"v. agriaw, agdir-i",ilocano,
y,yellow,n. duyaw,ilocano,
y,yellowing,v. agdarangidangan,ilocano,
y,yellowish,adj. naduyaw,ilocano,
y,yelp,n. panagpuccaw,ilocano,
y,yes,n. wen,ilocano,
y,yesterday,n. idi calman,ilocano,
y,yesternight,n. idi rabii,ilocano,
y,yet,"adv. pag, iti banger",ilocano,
y,yield,"n. bunga, ani",ilocano,
y,yield,"v. agbunga, umayon",ilocano,
y,yielding,"adj. makipag-ayus, nalamuyot",ilocano,
y,yoke,n. paco,ilocano,
y,yolk,n. ti nalabbasit ti itlog,ilocano,
y,yonder,"adv. idiay, sadiay",ilocano,
y,you,"pron. sica, dacayo",ilocano,
y,young,adj. ubing,ilocano,
y,youngest,adj. caubingan,ilocano,
y,youngish,adj. naubing,ilocano,
y,your,"pron. cuayo, cucuayo",ilocano,
y,yours,pron. cucuayo,ilocano,
y,yourself,"pron. ta bagim, ta biangmo",ilocano,
y,youth,n. agtutubo,ilocano,
y,youthful,adj. kinaagtutubo,ilocano,
z,zeal,n. tanda ti panagaramid ti ania man a banag,ilocano,
z,zealous,"adj. panagayat, nasiglat",ilocano,
z,zebra,n. caballo a nayurit ti labangna,ilocano,
z,zenith,"n. batog ti ulo, ti langit",ilocano,
z,zero,n. awan,ilocano,
z,zest,n. kinaragsac,ilocano,
z,zestful,adj. naragsac,ilocano,
z,zinc,"n. sim, hierro",ilocano,
z,zone,"n. paset, sacup, puroc, maysa a paset cadagiti lima a lasset toy lubong babaen ti pudot ken lam-ec",ilocano,
z,zonification,n. panangbingay ti puroc,ilocano,
z,zoo,n. pagtaracnan cadagiti ayup,ilocano,
z,zoom,v. napardas a panagpangato,ilocano,
