text,language
kung kailan ka maluwag,tagalog
dautan,cebuano
damù,cebuano
pagsukol,cebuano
bidbiran,tagalog
kulítug,cebuano
silyón,hiligaynon
makitunos,ilocano
busabusin,tagalog
bígki,hiligaynon
tres,cebuano
dyúk,cebuano
bayukin,tagalog
magkayapos,tagalog
mapagpabaya,tagalog
pagbibigay-kasiyahan,tagalog
agata,tagalog
wala masudlay,cebuano
magburol,tagalog
panghangyohangyo,cebuano
hirán-hirán,hiligaynon
panlamas,tagalog
hiláwas,hiligaynon
pumalahiyo,tagalog
pamalo ng bola,tagalog
suylan,cebuano
taengan,ilocano
pag-ubo,cebuano
di-makaliksyon,tagalog
siyete,tagalog
ipagpatawad,tagalog
nusnos,cebuano
kutsara,cebuano
gamón,hiligaynon
bakgráwun,cebuano
ugíngut,cebuano
antiseptiko,tagalog
upiríta,cebuano
kinaadu,ilocano
kalbaryo,tagalog
palubos,ilocano
tipuk-ul,cebuano
masalat,tagalog
balinsiyána,cebuano
sápat,hiligaynon
kintu,cebuano
hangganin,tagalog
panggatong,tagalog
dayon,cebuano
bataón,hiligaynon
pagsukat,tagalog
maiga,tagalog
hango,tagalog
magkakasama,tagalog
makilahok,tagalog
bahay-bata,tagalog
pangalan,cebuano
napakabastos,tagalog
probeyson,tagalog
magpagpag,tagalog
kendeng,tagalog
asinorya,tagalog
kuping,tagalog
tanga,tagalog
panagdadael,ilocano
patsing,cebuano
tumistis,tagalog
agsennaay,ilocano
pumapanday,ilocano
biláda,cebuano
wala'y dayan,cebuano
mangasawa,tagalog
pannacayanac,ilocano
hagdanan,cebuano
kahadlok,cebuano
buyágyag,hiligaynon
tarong,ilocano
pahilihíli bágu kíri,cebuano
Aldaw ti panagyaman,ilocano
údlon,hiligaynon
kibang,tagalog
kalibugan,cebuano
pagtakod,cebuano
baoten,ilocano
tihik,cebuano
pangangaladkad,tagalog
bamba,cebuano
kápul,cebuano
báak,hiligaynon
balaligyáan,hiligaynon
dekalog,tagalog
kapobre,cebuano
kusturera,tagalog
bunal,cebuano
walà,cebuano
tagnípis,cebuano
panggugulayin,tagalog
batyà,cebuano
magsalaula,tagalog
sobrekárgo,hiligaynon
hukayin ang ilalim,tagalog
duhal,cebuano
pagsipsip,tagalog
suhâ,hiligaynon
pabayaron,cebuano
kabir,cebuano
hanab,cebuano
magyayayong kun tagyayong sa lungon,cebuano
bambo,tagalog
pansuob,tagalog
bingá,hiligaynon
bunlay,cebuano
labaw,cebuano
kauban,cebuano
dalumoy,tagalog
eskudo,tagalog
lagasin,tagalog
panuig,cebuano
humapis,tagalog
buluadán,hiligaynon
gréka,hiligaynon
pannacaipalagip,ilocano
ukain,tagalog
kahok,tagalog
nanganganib,tagalog
manghilot,tagalog
balaláyan,hiligaynon
tanggalin,tagalog
tugkaran,cebuano
antala,tagalog
magkawasak-wasak,tagalog
wala nagsaba,cebuano
tíris,cebuano
"bupánda,",hiligaynon
marabal,cebuano
pannacaturturog,ilocano
kagud,cebuano
pribada,tagalog
miligram,tagalog
tagbuhat,cebuano
abánu,cebuano
balinsuso,tagalog
papalitan,tagalog
animal,tagalog
bahog,cebuano
ipakita,tagalog
kaabtik,cebuano
mag-atubili,tagalog
samsam,cebuano
sílhig,hiligaynon
báng-og,hiligaynon
magtsaperon,tagalog
killuen,ilocano
pagtatalad,tagalog
kulambútan,cebuano
manehohin,tagalog
dwindi,cebuano
síga,hiligaynon
telepathy,tagalog
kápa,cebuano
omelet,tagalog
paglaray,cebuano
naraman,ilocano
urog,cebuano
kaso,cebuano
sulit na,tagalog
dili makabusog,cebuano
hulagan,cebuano
pananabik,tagalog
deportasyon,tagalog
maingkanto,tagalog
kuwadruplet,tagalog
paglabi,tagalog
kardenal,tagalog
kaigtingan,tagalog
himanhíman,cebuano
di makatulog,tagalog
makabubuti,tagalog
daga,ilocano
nguyapit,tagalog
ablihan,cebuano
canal,ilocano
Europeo,tagalog
gitô,hiligaynon
primaria,ilocano
dentadura,tagalog
saramílhay,hiligaynon
kulambus,cebuano
naapgad,ilocano
magbangon,tagalog
pagyuko,cebuano
"malasugi, malasúgi",cebuano
makaisa,tagalog
Gíning,cebuano
guwarnisyunero,tagalog
adlaw,ilocano
sabunutan,tagalog
hágmak,hiligaynon
tiyuka,tagalog
aramid,ilocano
himásaw,cebuano
paggisi,cebuano
antas-antas,tagalog
Simana Santa,tagalog
butang,cebuano
pista,cebuano
paod,tagalog
tangkal,cebuano
marinero,cebuano
hiráon,hiligaynon
magpailanglang,tagalog
duguan,tagalog
nacacat-catawa,ilocano
songsong,cebuano
imperdible,tagalog
raniag,ilocano
lakin-on,cebuano
ientra,tagalog
tambal,cebuano
sa likod,cebuano
humandulong,tagalog
paleta,cebuano
saksa,tagalog
láyag,cebuano
paspasan,tagalog
húlun,hiligaynon
bakunawa,cebuano
tuigtuig,cebuano
naglagot,cebuano
duyduy,cebuano
kitang,tagalog
sigi-sigido,tagalog
pagharap,tagalog
laway,tagalog
salokób,hiligaynon
demanda,cebuano
mamulos,tagalog
bulalóy,hiligaynon
pag-atindi,tagalog
malatag,tagalog
hábà,hiligaynon
sugapà,cebuano
hain,tagalog
búslot,hiligaynon
himukas,tagalog
iccaten,ilocano
trumpíta,cebuano
súda,cebuano
pagkakahilata,tagalog
nalaca a magunay,ilocano
siyap,cebuano
pagwawalang-halaga,tagalog
hinabón,hiligaynon
"ulobánwa, uló-bánwa",hiligaynon
pasintabi,tagalog
magkabasag-basag,tagalog
mangungulot,tagalog
holótholót,hiligaynon
sa pagbasa,cebuano
lugtab,cebuano
pedyatrisyan,tagalog
sóbol,hiligaynon
tanan,cebuano
pacyawan,ilocano
misimus,cebuano
balintotók,hiligaynon
búngkos,hiligaynon
pakug,cebuano
bag-óhan,hiligaynon
bahaginin,tagalog
hayhay,cebuano
ipayo,tagalog
buyó-búyo,hiligaynon
natacrot,ilocano
palayawan,tagalog
alum-um,cebuano
baláan,cebuano
ipacaammo,ilocano
sumbrero,tagalog
iihaw,tagalog
mag-ihit,tagalog
puntasan,tagalog
lunas ng ilog,tagalog
mahalina,tagalog
malma,tagalog
bándì,hiligaynon
kapundokan,cebuano
lawlawen,ilocano
laylu,cebuano
buyog,cebuano
esponghada,tagalog
kahimanan,cebuano
kalabos,tagalog
pagbabaluktot,tagalog
magngitngit sa galit,tagalog
pagkatiyak,tagalog
gaided misil,tagalog
dung-aw,cebuano
balcot,ilocano
maghuhupot,cebuano
lain,cebuano
maicasangapulo ket pito,ilocano
sidra,cebuano
mapatulak,tagalog
kapuri-puri,tagalog
kúlun,cebuano
sagapin,tagalog
balawis,tagalog
mapaokasyon,tagalog
pigsa,ilocano
emperatris,tagalog
pakigsabot,cebuano
al-al,cebuano
mutso,tagalog
salápad,hiligaynon
segurista,tagalog
namimilog,tagalog
may-welga,tagalog
orihinal,tagalog
nasayop,cebuano
pasatyimpu,cebuano
pamatay,cebuano
hamungáyà,hiligaynon
fléte,hiligaynon
abdikasyon,tagalog
tanyag pagpatuon,cebuano
magbintang,tagalog
kinke,tagalog
kabog,cebuano
sentigrádo,hiligaynon
datar,ilocano
imprisaryu,cebuano
pudpod,cebuano
maghahabol,cebuano
banko,cebuano
letra ti alfabeto,ilocano
magwari-wari,tagalog
sibul,cebuano
almasen,tagalog
tutol,cebuano
natapos na,cebuano
pagbaot,ilocano
nilapa,tagalog
comite,ilocano
ting-ulan,cebuano
makayamot,tagalog
bumaba,tagalog
latungdan,cebuano
usisa,cebuano
bigyang-halaga,tagalog
badmintun,cebuano
panabut,cebuano
magbubulawan,cebuano
bulugsókan,hiligaynon
dalhan,tagalog
maglansag,tagalog
káwang,cebuano
mantíaw,cebuano
busalían,hiligaynon
kuupirar,cebuano
hinalagán,hiligaynon
hugo,cebuano
tanso,tagalog
kapkapin,tagalog
ekstranghero,tagalog
tiesa,cebuano
tagubilin,tagalog
kamiseta,cebuano
pasilsil,cebuano
bukiskis,cebuano
dalusan,ilocano
medyas,cebuano
bísis,hiligaynon
madrina,cebuano
dagiti manggulo,ilocano
gratis,cebuano
pagsagad,tagalog
institusyun,cebuano
kwadirnu,cebuano
hóyhoy,hiligaynon
takubu,cebuano
bugdo,cebuano
sírib,hiligaynon
patupat,tagalog
pagtagbaw,cebuano
tanod,cebuano
kahigpitan,tagalog
balítà,hiligaynon
ugaling-alipin,tagalog
apapangig,cebuano
pagkapilosopo,tagalog
síyuk,cebuano
agpapada,ilocano
kabag-kabag,tagalog
sarórong,hiligaynon
kaduhaginan,tagalog
signus,cebuano
magpaamo,tagalog
hungog,cebuano
sinugo,cebuano
pagpatrabaho,cebuano
katangian,tagalog
paglubad,cebuano
búlan,hiligaynon
balalokán,hiligaynon
isina,ilocano
iyangyang,tagalog
libílu,cebuano
nino,tagalog
huluáran,hiligaynon
pungtot,ilocano
"hambaléra,-o",hiligaynon
pirhwisyu,cebuano
kantidad,cebuano
tinuod,cebuano
honós-hónos,hiligaynon
pulisya,cebuano
sirisiádà,hiligaynon
dumikit,tagalog
tanggapin,cebuano
kailangang-kailangan,tagalog
apan,cebuano
pagtong,cebuano
maglitratuhan,tagalog
húnsoy,hiligaynon
sagad,cebuano
pagkakaanib,cebuano
séda,hiligaynon
agsucar,ilocano
mikrolito,tagalog
maicaniwas iti linteg,ilocano
tulnec,ilocano
aramiden,ilocano
awanan iti anac,ilocano
sihag,cebuano
aniníput,cebuano
saklutin,tagalog
tarhíta,cebuano
túwag,cebuano
pagsisinghap,tagalog
pumatay,tagalog
pungtot,ilocano
indigay,cebuano
matahapon,cebuano
maipapan iti panagsurat ken panagbasa,ilocano
matsoke,tagalog
láwut,cebuano
pagpulak,tagalog
pasuklayan,tagalog
mayapa,tagalog
balangin,tagalog
sira-sira,tagalog
gákud,hiligaynon
súmsum,hiligaynon
ikinabubuhay,tagalog
kumanta,tagalog
budiawí,hiligaynon
panugon pinaagi sa koriyo,cebuano
sungbat,ilocano
limod,cebuano
mangliwliwa,ilocano
isigpit,ilocano
luyo,cebuano
paghihinakot,tagalog
dapíyas,cebuano
leccion,ilocano
magpara ng buhay,tagalog
taktika,cebuano
maicasangapulo ket dua,ilocano
nguya,tagalog
yamî,hiligaynon
hasag,cebuano
búngsod,hiligaynon
umugit,tagalog
pambayad,tagalog
holokmánan,hiligaynon
bísò,hiligaynon
catawa,ilocano
sandápal,hiligaynon
"sulálob, sulálub",hiligaynon
magtigas-loob,tagalog
lunggub,cebuano
Sabadu,cebuano
mainiton,cebuano
magpaapoy,tagalog
kaldero,cebuano
pagbulag,cebuano
kupyur,cebuano
ibusen,ilocano
matahum,cebuano
gitlapian,tagalog
mao rag,cebuano
bugton,cebuano
itaray,ilocano
nagpsila,cebuano
hinebra,tagalog
esterno,tagalog
pingis,cebuano
estradisyon,tagalog
sábad,hiligaynon
Awit sa Pasko,cebuano
nacacascasdaaw,ilocano
personalidad,tagalog
sagunyátì,hiligaynon
mga paagi,cebuano
balensyána,hiligaynon
pagkapag-angkop,tagalog
súhid,cebuano
wurking,cebuano
malagong,tagalog
ugóy-úgoy,hiligaynon
anniniwan,ilocano
agduadua,ilocano
kapunongan,cebuano
naulep,ilocano
burulághot,hiligaynon
ipacaammo,ilocano
pagtunaw,cebuano
magbanday,tagalog
kapol,tagalog
anahà,cebuano
mataginayon a bunga,ilocano
enema,tagalog
kinaíya,cebuano
mamalit maninda,cebuano
bakin,tagalog
hitáas,hiligaynon
sinípit,cebuano
panagariwawa,ilocano
pulso,cebuano
pagbabayad,tagalog
sulúg,hiligaynon
hindi panahon,tagalog
paglaban,cebuano
kaykay,tagalog
pagkahabag,tagalog
buotan,cebuano
mamumuno,cebuano
kaong,tagalog
wala'y rason,cebuano
panit,cebuano
sintas,tagalog
puon,ilocano
lalaki a vaca,ilocano
baksatón,hiligaynon
uptiku,cebuano
maharuson,cebuano
huyù,cebuano
gupo,tagalog
góma,hiligaynon
bug-at,cebuano
sangkal,tagalog
búyung,hiligaynon
salawáyon,hiligaynon
mambabaso,tagalog
biglang-pagbabago,tagalog
tumagas,tagalog
hilikayán,hiligaynon
pagdakin-as,cebuano
pagbulig,cebuano
asayte,cebuano
báka,hiligaynon
amamangkas,cebuano
maghanay,tagalog
paset ti daga a bassit a mamagsilpo cadagiti dua a dadackel a dagdaga,ilocano
sókdap,hiligaynon
búklon,hiligaynon
nalpasen,ilocano
ulubásan,hiligaynon
eksklusibo,tagalog
bario,ilocano
lumpia nga itlog,cebuano
lemonsito,cebuano
sanáaw,hiligaynon
labog,cebuano
makuriri,tagalog
ugsud,cebuano
daotang buot,cebuano
pahayag,cebuano
bersikulo,tagalog
pangtusok,cebuano
magpahitit,tagalog
subual,ilocano
katang,cebuano
pag-ingon,cebuano
gikuyogan,cebuano
sinumbong,cebuano
magpaluto,tagalog
magkabi-kabila,tagalog
kasub-anan,cebuano
parati,tagalog
kaltasin,tagalog
hamtong,cebuano
bangga,cebuano
hámgud,hiligaynon
maglaway,tagalog
bulak,cebuano
hihip,tagalog
tulisan,tagalog
atub,cebuano
hulâ,hiligaynon
galaw ng daigdig,tagalog
adal naipanggep iti panagsuray iti panagsurat iti damag,ilocano
dadaelen,ilocano
úgtak,hiligaynon
ípus,cebuano
hiráwhan,hiligaynon
pundo,cebuano
maso,cebuano
"hingúyang, hinguyáng",hiligaynon
sumpaki,cebuano
kanunay,cebuano
paabangan,cebuano
kadunotan,cebuano
súgyot,hiligaynon
abaniko,tagalog
nanlalaban,tagalog
súgud,hiligaynon
dalawin,tagalog
agapun,ilocano
laroy,tagalog
paglabay,cebuano
pasalat,tagalog
mando,cebuano
pannakipagili,ilocano
magbiro,tagalog
singgalong,tagalog
linolyo,tagalog
madaling magsiklab,tagalog
pagpanumbalikan,tagalog
bánlò,hiligaynon
kontrolahin,tagalog
daludalu,cebuano
hiági,hiligaynon
firmaan,ilocano
kalipayan,cebuano
arindu,cebuano
hampin,cebuano
butóng,hiligaynon
ráma,cebuano
lain pa,cebuano
pagtudlo,cebuano
isklipsi,cebuano
sangù,cebuano
pagkilala,tagalog
di-pagsunod,ilocano
hungít,hiligaynon
binabayé,hiligaynon
bigyang-tuwa,tagalog
basbassit a bilang,ilocano
langit,ilocano
kainan,tagalog
rikap,cebuano
gurayan,cebuano
engkantada,tagalog
de-kuryente,tagalog
mangalumbaba,tagalog
paraiso,cebuano
saan a masinasina,ilocano
pagngangayngay,tagalog
kinatawo,cebuano
ánaw,cebuano
panuop,cebuano
makakamtan,tagalog
bútse,hiligaynon
medyas,tagalog
umangkin,tagalog
yubit,cebuano
pagparunggitan,tagalog
lantaw,cebuano
sapot,cebuano
Espanyol,tagalog
bumagay,tagalog
paggayat,tagalog
híwà,cebuano
síg-id,hiligaynon
gál-um,hiligaynon
pariap,tagalog
padulasan,tagalog
pamugos nga pagpaampo,cebuano
ugitan,tagalog
onse,tagalog
tsikut,cebuano
balinsasayáw,hiligaynon
Inglesa,tagalog
di-maatensiyon,tagalog
palapay,ilocano
sayup,cebuano
buúl,hiligaynon
dungganan,cebuano
pag-uyon,cebuano
payap,tagalog
kabataan,tagalog
nitbul,cebuano
bluprin,cebuano
iparepaso,tagalog
triplihin,tagalog
tadlip,cebuano
hamóy-hámoy,hiligaynon
magburlas,tagalog
batukan,tagalog
di-pagkampi,tagalog
nadutdot,ilocano
gayud,cebuano
nalapok,tagalog
heolohiyang pangkabuhayan,tagalog
naisina,ilocano
baligtos,cebuano
walang-pananagutan,tagalog
manikyurista,tagalog
"ginháwa, ginháwà",hiligaynon
pakaway,tagalog
kosinera,tagalog
sakit,ilocano
kawagasan,tagalog
katiwalian,cebuano
sumilíkway,hiligaynon
lukon,cebuano
lambal,tagalog
paglabaw,cebuano
uminog,tagalog
balangítaw,hiligaynon
sarúngkay,hiligaynon
ngawit,tagalog
kalami,cebuano
tagpirma,cebuano
wala but-i,cebuano
magkanggrena,tagalog
sibet,ilocano
hagpik,cebuano
hiwít,hiligaynon
santing,cebuano
kariringgan,tagalog
bínkit,hiligaynon
yákyak,hiligaynon
pabigsaen,ilocano
putos,cebuano
gányat,hiligaynon
merkado,cebuano
brutal,tagalog
sulípat,cebuano
talaan,cebuano
údyong,hiligaynon
Sinakulo,tagalog
tatsihaan,tagalog
nasayop,cebuano
balanghoy,cebuano
ub-ub,cebuano
sangkapuluan,tagalog
magbitaw,tagalog
pangmarami,tagalog
pahilumon,cebuano
leccion,ilocano
tapak,tagalog
tictic,ilocano
hukumang-panghukbo,tagalog
handaan,tagalog
batang babaye,cebuano
maghipnotismo,tagalog
úd-ud,hiligaynon
lunggati,tagalog
lútu,cebuano
hurár,hiligaynon
úkol,hiligaynon
ngatngat,tagalog
pagbanhig,cebuano
bumakbak,tagalog
pangmadla,tagalog
pátù,cebuano
pangayam ug langgam,cebuano
balinghatin,tagalog
pagkitaan iti cababagas ti sarita,ilocano
agtalaw,ilocano
kinalainan,cebuano
ambak,cebuano
ti nagbayadan,ilocano
nahiluna,cebuano
makisapi,cebuano
nadumaduma,ilocano
posturahon,cebuano
rúpud,hiligaynon
supak sa balaod,cebuano
sindà,cebuano
mas gamhanan,cebuano
uwak,tagalog
hamón,hiligaynon
opisyo,tagalog
pirita,tagalog
udáyhon,hiligaynon
aglaclaco,ilocano
ususero,tagalog
pag-iway,cebuano
singári,cebuano
sámtang,hiligaynon
pagtarang,tagalog
walang-arte,tagalog
balirúsu,cebuano
balor,tagalog
niyon,tagalog
molutaw,cebuano
awtburd,cebuano
pantayu-tayo,tagalog
kani-kanina,tagalog
pagdili,cebuano
kisíyu,cebuano
kugay,cebuano
kamayingking,cebuano
ikatatlumpu,tagalog
malubay-lubay,cebuano
kalinawan,tagalog
liryu,cebuano
intermedyo,tagalog
korona,cebuano
kolget,cebuano
pipila,cebuano
hágpok,hiligaynon
litograpia,tagalog
tudling,tagalog
umamis,tagalog
bassit,ilocano
ostya,cebuano
wíting syid,cebuano
gikan ni,cebuano
wala'y ulaw,cebuano
dílir,cebuano
cararua,ilocano
libri,cebuano
hamút,hiligaynon
tahas,cebuano
hinay-hinay,cebuano
sikwaló,hiligaynon
hustisya,cebuano
hunáy-hunáy,hiligaynon
pagsalaan,ilocano
sekréto,hiligaynon
hatulan,tagalog
Kristu,cebuano
dilis,tagalog
brása,hiligaynon
lagatukan,cebuano
Duta,tagalog
sigid,tagalog
maimis,tagalog
hughog,tagalog
ispidbut,cebuano
maturo,tagalog
bintiladur,cebuano
hagwà,cebuano
ngába,cebuano
malem,ilocano
magpalabo,tagalog
pantalumpati,tagalog
rebosado,tagalog
tútuk,cebuano
pansayaw,tagalog
matrikula,cebuano
lumos,cebuano
patumbahin,tagalog
pasindi,tagalog
di-maramdamin,tagalog
tinumong sa mata,cebuano
nadaeg,ilocano
sisî,hiligaynon
gibili,cebuano
hiliwatón,hiligaynon
sariwang-sariwa,tagalog
banwahánon,hiligaynon
lagaw,cebuano
mabagabag,tagalog
diyolin,tagalog
mumog,tagalog
ipit ti buoc,ilocano
matubayon,cebuano
manggising,tagalog
alituntuning-panloob,tagalog
sakit ng ngipin,tagalog
managbain,ilocano
okupasyon,tagalog
payagyagin,tagalog
patawan,tagalog
kurunil,cebuano
gumalaw,tagalog
maglathala,tagalog
hágdan,hiligaynon
iuna,tagalog
hersisyo,tagalog
igíik,cebuano
ang paghatod,cebuano
sarukút,hiligaynon
ngánì,cebuano
habit,tagalog
suliran,cebuano
lan-us,cebuano
pagpalabay sa takna,cebuano
lublob,tagalog
súgi,hiligaynon
buélta,hiligaynon
saan a macaanus,ilocano
pannabartec,ilocano
nalabit,ilocano
pudno,ilocano
dinagipik,tagalog
hípal,hiligaynon
kab-ut,cebuano
banat,tagalog
maestro wenno maestra,ilocano
pangen,ilocano
pilípit,cebuano
apog,ilocano
sukli,cebuano
pid-ok pid-ok,cebuano
hingán,hiligaynon
karamay,tagalog
isenyas,tagalog
magpakuliling,tagalog
makasahod,tagalog
welga,tagalog
kaawaan,tagalog
katungdanan,cebuano
halígi,hiligaynon
laonen,ilocano
likong guhit,tagalog
pursintu,cebuano
pagtaengan,ilocano
pagsingkil,tagalog
butî,hiligaynon
partihan,tagalog
fray,hiligaynon
kumandirit,tagalog
úlag,hiligaynon
bigyang-lugar,tagalog
báknot,hiligaynon
baston,ilocano
baráto,hiligaynon
baháhà,cebuano
lipistik,tagalog
pagbibigay-alam,tagalog
awasanan,cebuano
ipasdec,ilocano
"dukìdukì, dukìdúkì",cebuano
sa kalayo,cebuano
nagistayan,ilocano
pagkahulog,cebuano
diyenereytor,tagalog
panggawa,tagalog
tábgan,hiligaynon
Timog polo,tagalog
magpisan,tagalog
gaming,cebuano
gánit,hiligaynon
di-makaugaga,tagalog
gutúk,hiligaynon
pannacaurnos,ilocano
kalit nga hitabo,cebuano
pagka't,tagalog
dalaurà,cebuano
hílod,hiligaynon
suntok,cebuano
balikan,tagalog
hutík-hútik,hiligaynon
ulánan,hiligaynon
arimecmec,ilocano
lakas,tagalog
surat sa maipatulod,ilocano
nakaiinip,tagalog
mapangutya,tagalog
nalana,ilocano
sámsam,hiligaynon
adigi,ilocano
nakasaklang,tagalog
sardeng,ilocano
sigurádu,cebuano
isarado,cebuano
gros,tagalog
ipaalkila,tagalog
bukado,tagalog
magbayan,tagalog
saan a padapada,ilocano
agaray,cebuano
hunít-húnit,hiligaynon
subô,hiligaynon
tikud,cebuano
salimbayan,tagalog
madaugon,cebuano
sabug-sabog,tagalog
panagmaymaysa,ilocano
panangisarita,ilocano
pang-ipit ng damit,tagalog
pakamura-murahin,tagalog
lagariin,tagalog
maipaparup,ilocano
di-tinatagusan,tagalog
hawhaw,tagalog
bassit,ilocano
wala'y armas,cebuano
talop,tagalog
mahanginon,cebuano
dolar,tagalog
pagtimbaya,cebuano
dagsa,cebuano
kagikanan,cebuano
pannacapapilit,ilocano
magpatubig,tagalog
Israylítas,cebuano
búdhon,hiligaynon
sabsabanan,cebuano
kalkulasyon,tagalog
paglutaw sa hangin,cebuano
makauwi,tagalog
hukbaláhap,cebuano
ayayan,ilocano
dugus,cebuano
kaaway sa lungsod,cebuano
dalain,tagalog
balay sa iro,cebuano
pangulo,ilocano
hínis,hiligaynon
panis,tagalog
utdo,tagalog
dalin-as,cebuano
pagandahan,tagalog
mimurya,cebuano
tinago,cebuano
bungúl,hiligaynon
magtipon,tagalog
dili ko,cebuano
pantalan,cebuano
pampaantok,tagalog
pandarambong sa dagat,tagalog
húgnà,hiligaynon
samóng,hiligaynon
pansitan,tagalog
natalged,ilocano
"hányan, hányon",hiligaynon
hupù,cebuano
"húmong, humóng-húmong",hiligaynon
pagpakita,cebuano
bigtalin,tagalog
síntò,hiligaynon
macaparagsac,ilocano
sumpilâ,hiligaynon
hunúl,hiligaynon
gidaghanon sa mangamatay,cebuano
lipana,tagalog
pagkamatay,cebuano
ibrodkast,tagalog
kimpì,cebuano
kamintang,cebuano
nakayayamot,tagalog
sipád-sipád,hiligaynon
magpakaiyak-iyak,tagalog
binúdngan,hiligaynon
padayag,cebuano
midiyus,cebuano
pagkupot,cebuano
magabok,tagalog
bangos,ilocano
myúsik,cebuano
magduling-dulingan,tagalog
pamamaslang,tagalog
maengkanto,tagalog
hirihímo,hiligaynon
buntod,cebuano
bilik,tagalog
pagpanday,cebuano
wagut,cebuano
sáb-it,hiligaynon
pagtugot,cebuano
limbong,cebuano
casamac,ilocano
tukámud,cebuano
makabingwit,tagalog
gahapon sa gabii,cebuano
kasing,cebuano
tabanawón,hiligaynon
maimpeksiyon,tagalog
pagpasangil,cebuano
mulpikan,tagalog
kawu-,cebuano
bantay,cebuano
napigsa,ilocano
papagsawain,tagalog
kutsarang dako,cebuano
idadateng,ilocano
"ulusisáon, ulusisaón",hiligaynon
nalucmeg,ilocano
banda,cebuano
dilidilihin,tagalog
magkaterno,tagalog
takumba,cebuano
republikano,tagalog
balas,tagalog
mamanitik,tagalog
wings,cebuano
burí,hiligaynon
ihugos,tagalog
makatulo,cebuano
manguna,tagalog
mayordomo,ilocano
butang napanag-iya,cebuano
magdadala,cebuano
mananayaw,cebuano
danguyngoy,cebuano
iuho,tagalog
iwa ti naingpas a carne ti vaca,ilocano
cucuada,ilocano
pacatawaen,ilocano
gahak,tagalog
lagduk,cebuano
napudot,ilocano
bagi,ilocano
kausahan,cebuano
proklamas,tagalog
hunápit,hiligaynon
"sákpan, etc.",hiligaynon
agsicor,ilocano
maipapan iti panangaramat iti ima,ilocano
bayibáyi,cebuano
kam-aw,cebuano
sa gayon,tagalog
mulù,cebuano
layà,cebuano
resibi,tagalog
pagsasalita,tagalog
"isi, ísi",cebuano
sagabay,cebuano
líkids,cebuano
pagsasampalan,tagalog
basa,cebuano
mahuna,tagalog
gangtan,ilocano
digwà,cebuano
kinasingkasing,cebuano
tono,cebuano
iccaten,ilocano
tirmina,cebuano
yangkót-yángkot,hiligaynon
rurog,ilocano
súblang,hiligaynon
gádgad,hiligaynon
budlut,cebuano
blangko,tagalog
siók-siók,hiligaynon
búlhot,hiligaynon
pag-akit,tagalog
bigay,cebuano
datiles,tagalog
ipagpabukas,tagalog
gabíi,hiligaynon
yumô-yúmò,hiligaynon
immuna,ilocano
untuy,cebuano
pannacaulaw,ilocano
coro dagiti agcancanta,ilocano
panimalus,cebuano
ganggáng,cebuano
magsaalang-alang,tagalog
bana,cebuano
pagibasen,ilocano
ulin,cebuano
púyat,cebuano
eskomulgado,tagalog
ka giliran,tagalog
pumupuyo,cebuano
dusdus,cebuano
Asensiyon,tagalog
hál-id,hiligaynon
daylang,cebuano
rentas,tagalog
"pulyitu, pulyítus",cebuano
kasanihan,cebuano
galanás,hiligaynon
gumuhit-guhit,tagalog
paglaraw,cebuano
diyalogo,tagalog
súmpit,hiligaynon
hun-ag,cebuano
sinirhan,cebuano
ringángha,hiligaynon
kulunoy,tagalog
tugkaran,cebuano
introduksiyon,tagalog
kapal,cebuano
ianunsiuyo,tagalog
lipat,cebuano
itulod,ilocano
gilingan ng kape,tagalog
salúyut,cebuano
dakil,tagalog
mangpapagna,ilocano
bombílya,hiligaynon
umagik-ik,tagalog
abutan,ilocano
yútyut,hiligaynon
gabi't-araw,tagalog
madale,tagalog
bálud,hiligaynon
áras,cebuano
salantain,tagalog
bilíng,hiligaynon
hiláw,hiligaynon
saliwan,tagalog
pagsagad,tagalog
armistisyu,cebuano
gugma,cebuano
gílhum,hiligaynon
isterya,tagalog
kulira,cebuano
kagaw,cebuano
sawâ-sawâ,hiligaynon
bóboy,hiligaynon
bís-ak,hiligaynon
gilay-on,cebuano
hilig,cebuano
tambangan,ilocano
plagritrǐt,cebuano
maglukayo,tagalog
itinakda,tagalog
pampapula,tagalog
caballo a nayurit ti labangna,ilocano
sangig,cebuano
mag-aribaybaho,tagalog
babahin,tagalog
agad-agad,cebuano
dispuwesto,tagalog
batóy-batóy,hiligaynon
kapatid na lalaki sa ina,tagalog
korto,tagalog
pamatak,tagalog
úgbo,hiligaynon
simintiryu,cebuano
kargador,tagalog
aramiden,ilocano
makatanaw,tagalog
panagpanunot,ilocano
magtutudlo,cebuano
tinuhoan,cebuano
dular,cebuano
ulánan,hiligaynon
tinakdoan,cebuano
istaka,tagalog
dumabog,tagalog
bigas,tagalog
panangawat,ilocano
kalag,cebuano
tanda,ilocano
didikisyun,cebuano
kongregasyon,cebuano
kwúta,cebuano
wala'y panahon,cebuano
pagulangin,tagalog
mapanira,cebuano
pagpangga,cebuano
himulag,cebuano
kunsumpsiyun,cebuano
riay,cebuano
tutpik,cebuano
sukámud,cebuano
tengnga ti rabii,ilocano
dasok sa tawo,cebuano
lingugngug,cebuano
kuwento,tagalog
awanan cabaelan,ilocano
pagtandng,cebuano
agtaeng,ilocano
kreyn,tagalog
sumaklolo,tagalog
súay,hiligaynon
hinulón-húlon,hiligaynon
saklungan,tagalog
"intilhinti, intilihinti",cebuano
nubù,cebuano
muyag,tagalog
borók,hiligaynon
rabót,hiligaynon
sinkóhon,hiligaynon
parapo,cebuano
tumingin,tagalog
bárak,cebuano
rulkul,cebuano
barayoboy,ilocano
pagdawat,cebuano
iruar,ilocano
hámak,hiligaynon
rittuoc,ilocano
midyum,tagalog
balidikturyan,cebuano
húkab,hiligaynon
mirísi,cebuano
icarasucus,ilocano
saysay,cebuano
handaan,cebuano
gunting,cebuano
taklíad,cebuano
guliláy,hiligaynon
pasiklap,cebuano
sakto-sakto,cebuano
gikinahanglan,cebuano
detenihin,tagalog
tinguha,cebuano
pampapawis,tagalog
kurikurion,cebuano
mag-x-ray,tagalog
mag-inusara,cebuano
yawáon,hiligaynon
tungkusin,tagalog
nacapsut,ilocano
manamambal,cebuano
lusok,tagalog
atngal,cebuano
taking,tagalog
búsu,cebuano
ipatong,cebuano
bábay,cebuano
tibain,tagalog
hínà,hiligaynon
panangguyogoy,ilocano
general,ilocano
bukidnon,cebuano
singkorót,hiligaynon
curang,ilocano
moda,tagalog
emporyo,tagalog
tagimpan,tagalog
maghahatod sa koriyo,cebuano
tipal-u,cebuano
boikotíyo,hiligaynon
pagpasundayag,cebuano
sumipi,tagalog
nabati,ilocano
diana,tagalog
pagbagay,cebuano
managsama,cebuano
mamukol,tagalog
kaunoran,cebuano
súngay,hiligaynon
laos,tagalog
pwíra,cebuano
bakoko,tagalog
di-mapaknit,tagalog
magbilog,tagalog
ginatús,hiligaynon
báwas,cebuano
kimiku,cebuano
gangplank,tagalog
siwang,tagalog
kagarboso,cebuano
garók,hiligaynon
babaonen,ilocano
naylon,tagalog
balióg,hiligaynon
sardinas,tagalog
agbiag,ilocano
dápat,cebuano
patungod sa gramatika,cebuano
dumala,cebuano
grado,ilocano
magalawgawin,tagalog
bugtong,tagalog
ricricnaen,ilocano
iling-iling,tagalog
hílan,cebuano
lumakad nang patiyad,tagalog
biyolento,tagalog
obstetriks,tagalog
iskiríma,cebuano
gitlahin,tagalog
kapulihay,cebuano
pangmulta,tagalog
pagsinggit,cebuano
wala'y kasal-anan,cebuano
gatóng,hiligaynon
nalawa,ilocano
"sagubáy, sagúbay",hiligaynon
darat,ilocano
panghimog,cebuano
pingak,cebuano
lubirin,tagalog
tinikling,tagalog
hambil,cebuano
ricna,ilocano
kuwestiyunaryo,tagalog
mapatigagal,tagalog
búnga,cebuano
pintuhuin,tagalog
talisuyo,tagalog
kapong-baka,tagalog
pasiyal,cebuano
catawa,ilocano
mamukhaan,tagalog
tabian,cebuano
magkinwanggol,cebuano
kalait-lait,tagalog
baril,cebuano
simyat,cebuano
kurlit,tagalog
gilapdon sa lingin,cebuano
kumads,cebuano
ubít,hiligaynon
"rúbrika, rubriká",hiligaynon
pakyawan,tagalog
kitaen,ilocano
tikang,tagalog
magtsismisan,tagalog
balak,cebuano
makapagpahina,tagalog
"gía, gíà, giá, giâ",hiligaynon
lawom og tingog,cebuano
ganda,cebuano
magkakawing,tagalog
sahigin,tagalog
magbusa,tagalog
baláw,hiligaynon
fálta,hiligaynon
ilustrasyon,tagalog
tagála,cebuano
sarangten,ilocano
sánlag,hiligaynon
sweter,tagalog
wangtigu,cebuano
haláy,hiligaynon
bulálung,cebuano
silensyo,tagalog
bingalin,tagalog
nawagtang,cebuano
pagtumpongen,ilocano
taeng,ilocano
balkun,cebuano
mapasangla,tagalog
nailulongan,ilocano
sumpay,cebuano
magpaanyo,tagalog
utingkay,cebuano
chaleco,ilocano
sagáyad,cebuano
paghigop,tagalog
dríl,cebuano
sungáb,hiligaynon
húngyot,hiligaynon
hililigán,hiligaynon
calicagum,ilocano
pulseras,cebuano
balúndò,hiligaynon
pangmatagalan,tagalog
puday,cebuano
kubakob,tagalog
hingádlan,hiligaynon
sápsuy,hiligaynon
madama,ilocano
sirain,tagalog
tumupad,tagalog
tsupà,cebuano
sinsíyu,cebuano
papag-apuyin,tagalog
káput,cebuano
hingílid,hiligaynon
susun-susong deposito,tagalog
agtacaw,ilocano
pampangimay,tagalog
kulangan,cebuano
automatiko,tagalog
siám,hiligaynon
sepé,hiligaynon
iyahay,cebuano
pagkakapare-pareho,tagalog
sígo,hiligaynon
pagkurap,tagalog
lay-u,cebuano
gútuk,hiligaynon
pwirtu,cebuano
kintsay,tagalog
búsyad,hiligaynon
ramramit,ilocano
eskaparate,tagalog
partídu,cebuano
sipingan,tagalog
hatiin,tagalog
pagaw,ilocano
dakrun,cebuano
hirát,hiligaynon
pálu,cebuano
kaalipnan,tagalog
rirô-rírò,hiligaynon
sungkáhan,hiligaynon
sipsip,tagalog
dagiti magmagna,ilocano
suláw,hiligaynon
datdatlag,ilocano
pambatas,tagalog
tukain,tagalog
kabo og tubig,cebuano
ipanghiram,tagalog
malubha,tagalog
pagkamatuwain,tagalog
beterinaryo,cebuano
akincucua,ilocano
lula,tagalog
pangrugyan,ilocano
reklamador,tagalog
bumahaw,tagalog
pagduaduaan,ilocano
naghihingalo,tagalog
piing,tagalog
panag-uban,cebuano
buyon,tagalog
masanghap,tagalog
anaa mi,cebuano
palibot-sulat,tagalog
dyinuwin,cebuano
matimbuwang,tagalog
ngumapa-ngapa,tagalog
"nanonood, ang -",tagalog
mamagbabain,ilocano
hagal,cebuano
kawalang-ginagawa,tagalog
mapucaw,ilocano
pandisal,tagalog
agparbeng,ilocano
pagsudlay,cebuano
agdul,cebuano
tumuga,tagalog
sikmurain,tagalog
goma,tagalog
saan,ilocano
magpatanyag,tagalog
gandaten,ilocano
panagpanunot,ilocano
sastre,cebuano
abrasibo,tagalog
pagluok,cebuano
ulunúngan,hiligaynon
kamagwangan,cebuano
pinsa,cebuano
riprǎn,cebuano
maghuhulagway,cebuano
kasaliwaang-palad,tagalog
naladingit,ilocano
ginagíhan,hiligaynon
lungag,cebuano
timid,ilocano
baul,cebuano
halangdon,cebuano
bubog-bulkan,tagalog
kalingawan,cebuano
"timayud, timáyud",cebuano
pag-asoy,cebuano
ekstranghera,tagalog
eng-eng,tagalog
balniing sikway,tagalog
kaanib,tagalog
bíngkong,hiligaynon
suluk-áyan,hiligaynon
ipaubos,cebuano
mananagalog,tagalog
bungkawil,cebuano
mang-ikmo,tagalog
rinda,cebuano
kapangalan,tagalog
sulungkáhan,hiligaynon
kalambigi,tagalog
kulihod,cebuano
sora,tagalog
húgpà,hiligaynon
búnut,cebuano
sakíro,hiligaynon
basahin,cebuano
pagsukol,cebuano
babayen-on,cebuano
manggiangayon,cebuano
agsanud,ilocano
pagpukol,tagalog
hagok,tagalog
singgítan,hiligaynon
tenet,cebuano
makabunot,tagalog
páwud,cebuano
si-klam,cebuano
yamî,hiligaynon
panglangoy,cebuano
híbalo,hiligaynon
kabugat,cebuano
susot,tagalog
ngimi,tagalog
nagasilab,cebuano
katre sa bata,cebuano
napakatipid,tagalog
plahiyoklasa,tagalog
himalang,cebuano
isalit,tagalog
sagsag,tagalog
nakatutulig,tagalog
góot,hiligaynon
hánod,hiligaynon
sadsáran,hiligaynon
takip,cebuano
sapi,tagalog
hátag,hiligaynon
kaing,tagalog
"litu, lítu",cebuano
sampid,cebuano
buktu,cebuano
calbiten,ilocano
kápung,cebuano
hinawâhawâ,hiligaynon
anluagi,tagalog
talikwas,tagalog
kasaidan,tagalog
kabíkab,cebuano
kaginhawahan,tagalog
pagkamayamutin,tagalog
hílas,cebuano
gáhab,hiligaynon
magustuhin,tagalog
semanahán,hiligaynon
larong-matanda,tagalog
maicawalo,ilocano
bagun,cebuano
rigat,ilocano
latigo,cebuano
hinálup,hiligaynon
maghilbana,tagalog
koboy,tagalog
pagliligpit,tagalog
kába,cebuano
lalanghutan,tagalog
apas,cebuano
saklay,tagalog
masdan,tagalog
súgmad,hiligaynon
basketbolista,tagalog
panagladingit,ilocano
agtutubo,ilocano
manikip,tagalog
lingin,cebuano
mail,tagalog
residente,tagalog
ispidnu,cebuano
samahan,cebuano
hángkob,hiligaynon
mapagmasid,tagalog
magpaskuhan,tagalog
sala,cebuano
ikspirmin,cebuano
ipagbuhat,tagalog
himod,tagalog
balá-on,hiligaynon
rugák,hiligaynon
atribídu,cebuano
kaangkanan,tagalog
walang-pasyensya,tagalog
butu-butunisan,tagalog
panagdayaw,ilocano
panagparsua,ilocano
tayimkípir,cebuano
hatag,cebuano
tagulimot,tagalog
bóbeda,hiligaynon
tan-aw,cebuano
abogado,ilocano
napintas,ilocano
luyahon,cebuano
lemon,cebuano
kauban,cebuano
manggeta,tagalog
n. kita ti bunga,ilocano
munisipal,tagalog
panaganong pautos,tagalog
halóghog,hiligaynon
bibig,ilocano
tugsuk,cebuano
dalan,cebuano
hunonganan,cebuano
gawak,tagalog
pagmubo,cebuano
dagus la nga,ilocano
kalungtian,tagalog
pamamalukag,tagalog
panaglugan,ilocano
kasin,tagalog
sigud,ilocano
iwasan,cebuano
berbo,cebuano
ulahi,cebuano
hápon,hiligaynon
nasadut,ilocano
saksakin,tagalog
magpakasal,cebuano
unduy,cebuano
cueva,ilocano
nalinteg,ilocano
yumyum,cebuano
gamutan,tagalog
mudtu,cebuano
kawalan ng kapanatagan,tagalog
palapála,cebuano
sota,tagalog
pantupi,tagalog
pagbuto na goma,cebuano
pundohanan,cebuano
kausahan,cebuano
istanding,cebuano
pagbulong,cebuano
rúbsak,hiligaynon
pagpakita,cebuano
wití-wití,hiligaynon
kalambaan,tagalog
pannacabartec,ilocano
batota,cebuano
hoól,hiligaynon
húlak,cebuano
hiwi,cebuano
impliyar,cebuano
"kumpuni, kumpunir",cebuano
kanayun,cebuano
tabihan,tagalog
seguro,tagalog
paglisay,tagalog
pakitunguhan,tagalog
bánkil,hiligaynon
urnos,ilocano
banting,tagalog
kútù,cebuano
hosô,hiligaynon
busoren,ilocano
guitarra,ilocano
grabadura,tagalog
paglucatan,ilocano
pagbayaw,cebuano
ringkádol,hiligaynon
pagtapus,cebuano
mambabawi,tagalog
ripíki,hiligaynon
pagbubukas,tagalog
huptan,cebuano
luhog,tagalog
mainggit,tagalog
dayaw,ilocano
kakalot,tagalog
sanghíran,hiligaynon
tindak,cebuano
agulimec,ilocano
magpalampas,tagalog
akuin,tagalog
paglibak,cebuano
káyat,cebuano
panangiturong paset ti vapor nga asideg iti maquina,ilocano
paggunting sa tanom,cebuano
electricidad,ilocano
buhakhak,cebuano
awtugrap,cebuano
suminga,tagalog
solar,tagalog
balumbon,tagalog
pagpalaktod,cebuano
úghay,hiligaynon
agdadait,ilocano
dagmuk,cebuano
cagurgura,ilocano
pasa,tagalog
lihut,cebuano
"pwí, pwì",cebuano
wala'y langan,cebuano
pasibog,cebuano
gálaw,hiligaynon
dawi,tagalog
bullalayaw,ilocano
hisgot,cebuano
pinag-uusapan,tagalog
hágad,hiligaynon
huyut,cebuano
magtali,tagalog
di-pagpansin,tagalog
gahin,cebuano
malubgas,cebuano
dili patag,cebuano
ibaskag,tagalog
dili kalikayan,cebuano
daplin sa dalan,cebuano
marmul,cebuano
palubosan,ilocano
seradúra,hiligaynon
sang,hiligaynon
garapáta,hiligaynon
binabáylan,hiligaynon
tigpangangkon og sinulat,cebuano
pulgada,cebuano
balà,cebuano
pumailalim,tagalog
alaen babaen ti linteg,ilocano
buluntǐr,cebuano
mukhang ligalig,tagalog
"baléw, bálew",hiligaynon
Nawa,tagalog
anac,ilocano
kalumismis,tagalog
binalangkaán,hiligaynon
rienda,ilocano
pagkaumid,tagalog
suláy,hiligaynon
tagapagpatupad,tagalog
bidyù,cebuano
tiki,cebuano
pagkalungkong,tagalog
dahili,cebuano
lumbà,cebuano
ambalang,cebuano
ninyo,tagalog
unos alimpulos,cebuano
tulisan,ilocano
balitáng,hiligaynon
tabas-itlog,tagalog
palipong,cebuano
kaanib,cebuano
amnistya,tagalog
kasiyaman,cebuano
malisud,cebuano
sab-itanan,cebuano
kunsintimyento,tagalog
hawod,cebuano
sentimentalismo,tagalog
nakatutuya,tagalog
pabagsak,tagalog
pilig,tagalog
kawalang-malasakit,tagalog
matematika,cebuano
balangáyo,hiligaynon
pagkakakaunti,tagalog
risikáda,cebuano
tuleng,ilocano
kon mao,cebuano
lantod,tagalog
pagtutol,tagalog
tila totoo,tagalog
kuha,cebuano
hirbubuyna,cebuano
nilugaw,tagalog
yáng-ob,hiligaynon
agayas,ilocano
kataon lamang,tagalog
reumahin,tagalog
úkbaw,hiligaynon
kinamamayaan,tagalog
bumimbin,tagalog
gíway,hiligaynon
kuskusin,tagalog
parot,cebuano
daga,tagalog
súkì,hiligaynon
pamahaw,cebuano
bulinga,cebuano
lampin,tagalog
tamingen,ilocano
pagsamok,cebuano
fanéga,hiligaynon
tángul,cebuano
panagmaymaysa,ilocano
panlaro,tagalog
buling,cebuano
lipong,cebuano
isaysay,tagalog
tiunay,cebuano
biklang,tagalog
makapatawa,cebuano
kareta,tagalog
bágay sa,hiligaynon
pagkakabasta,tagalog
wásdak,hiligaynon
kabuok,cebuano
piramide,cebuano
lukba,tagalog
suysoy,tagalog
pangulo,ilocano
"dalipunga, dalipungà",cebuano
amindar,cebuano
veterano,ilocano
kagana,cebuano
nahuhuli,tagalog
grasya,tagalog
maipanaw,ilocano
agbisin,ilocano
arastre,tagalog
saládsad,hiligaynon
rami,cebuano
aborsyon,cebuano
tulatid,ilocano
kahid-un,cebuano
sábà,hiligaynon
maimatangan,ilocano
tunguhin,tagalog
pagdamba,tagalog
disembarke,tagalog
gakgak,tagalog
uminom,tagalog
naayong hapon,cebuano
áhug,cebuano
alaksiw,cebuano
maganyo,tagalog
salámat,hiligaynon
huyánap,hiligaynon
pakig-away,cebuano
tunlù,cebuano
banát-bánat,hiligaynon
sunog,cebuano
palipasan ng oras,tagalog
salaán,hiligaynon
pagnaan,ilocano
isugo,cebuano
aeroplano,tagalog
mga saput,cebuano
utak,tagalog
ganitung-ganito,tagalog
balù,cebuano
taas-baba,tagalog
saliwa,tagalog
bálò,hiligaynon
tanug,cebuano
inpuntu,cebuano
"tuway, túway",cebuano
hulánò,hiligaynon
mamakyaw,tagalog
hukmanan,cebuano
búngka,hiligaynon
suplado,tagalog
pannacabalin,ilocano
bibíngka,hiligaynon
sodó,hiligaynon
tálib,cebuano
báhin,hiligaynon
pagputos,cebuano
dumili,cebuano
salakán,hiligaynon
kahulan,tagalog
alagang-alaga,tagalog
pagsungrod,ilocano
malaw-ay,cebuano
ulútud,hiligaynon
iyadayo,ilocano
ules,ilocano
pagkabilanggo,tagalog
bulkát-búlkat,hiligaynon
magyabang,tagalog
dimunyu,cebuano
sapatilya,tagalog
idawdaw,tagalog
tukma,cebuano
baó-báo,hiligaynon
paagi,cebuano
alaen,ilocano
golób,hiligaynon
nakuyawan,cebuano
boroboníka,hiligaynon
sinalibay,cebuano
sulbad,cebuano
gulat,tagalog
mayalis,ilocano
humad,cebuano
gísì,cebuano
matulin,cebuano
perlas,ilocano
ulígyat,hiligaynon
hubót,hiligaynon
dangran,ilocano
hitóhog,hiligaynon
parolero,tagalog
husayin,tagalog
balabiga,tagalog
igpatulin,cebuano
pagtagad,cebuano
anaa mo,cebuano
mesa,tagalog
pertilisahan,tagalog
tipik,cebuano
búhat,cebuano
dabdab,cebuano
pustanan,cebuano
pagkapagpalaki,tagalog
icali,ilocano
nakakawili,tagalog
paghuhukay,tagalog
manangliput,ilocano
anakan,tagalog
kábut,cebuano
nakapanasila,tagalog
kalado,tagalog
karaniwang tao,tagalog
luklukanan,cebuano
ismiringhuy,cebuano
pagkakababag,tagalog
filósofo,hiligaynon
gádras,hiligaynon
hinakít,hiligaynon
asug,ilocano
lahad,tagalog
punung-lungsod,tagalog
modista,ilocano
konggreso,tagalog
Ekstremaunsiyon,tagalog
balakíki,cebuano
wala'y pagbati,cebuano
dumarag,tagalog
koral,tagalog
luka-luka,tagalog
satsatero,tagalog
bapor na pangkargamento,tagalog
sulubakô,hiligaynon
butad,cebuano
athag,cebuano
maicanem,ilocano
halmanan,tagalog
"harô-hárò, haró-háro",hiligaynon
primíra,cebuano
molekyul,tagalog
magdawit,tagalog
sica,ilocano
bursigi,tagalog
dumunggol,tagalog
ngipin ng gulong,tagalog
"tiknik, tiknika",cebuano
pyápi,cebuano
búnyag,hiligaynon
behikulo,tagalog
wenno,ilocano
síl-ok,hiligaynon
paghukom nga wala'y sala,cebuano
mabasta,tagalog
pagkabalariid,tagalog
húnhun,hiligaynon
pagtitimpi,tagalog
súmong,hiligaynon
globo,cebuano
masadyaon,cebuano
pagdacsan,ilocano
halandumon,cebuano
balántang,hiligaynon
maraya,tagalog
malawak,tagalog
magtiwarik,tagalog
awas,tagalog
púti,cebuano
ribusahin,tagalog
pagpangga,cebuano
maninay,cebuano
kang,cebuano
kabiyak,tagalog
balisuso,tagalog
basi,tagalog
pagtika,tagalog
gawas sa,cebuano
pagsapulan,ilocano
pawisan,tagalog
liberal,ilocano
lumatay,tagalog
saan a nalinteg,ilocano
duha,cebuano
tayhad,cebuano
burd pit,cebuano
busál,hiligaynon
hirábong,hiligaynon
tambal,tagalog
"sapúd, sápud",hiligaynon
itago,cebuano
himatárung,hiligaynon
hilaga,tagalog
tábag,hiligaynon
balaong,tagalog
sigamnu,cebuano
paagi,cebuano
panagapon,ilocano
animal,ilocano
bírang,hiligaynon
gurdu,cebuano
kundilat,tagalog
mula,tagalog
awaten a cas maysa a makipagili,ilocano
buraw,cebuano
iupo,tagalog
pugalan,tagalog
sumuco,ilocano
icalicagum,ilocano
agayayam iti skate,ilocano
baligtad ang bulsa,tagalog
alaen,ilocano
bibígne,hiligaynon
hunahuna,cebuano
báklis,hiligaynon
Nene,tagalog
kumbuy,cebuano
makisakay,tagalog
manira,tagalog
adurno,cebuano
tugbung,cebuano
paghihintay,tagalog
lemma,ilocano
báso,hiligaynon
danasdánas,cebuano
medias,ilocano
naito,tagalog
tatlo,tagalog
bansot,tagalog
mamumuo,cebuano
úkul,cebuano
súngsung,hiligaynon
managi,tagalog
gumanti,tagalog
maraming-marami,tagalog
falsificár,hiligaynon
trak,ilocano
Hudas,tagalog
gibusna,ilocano
bintanilya,cebuano
mangutsero,tagalog
kilusin,tagalog
pagtanggal,tagalog
láwà,cebuano
hinukhan,tagalog
linteg,ilocano
pagkakasapi,tagalog
Kuwaresma,cebuano
argabyu,cebuano
nalibang katangian,tagalog
hinúgan,cebuano
basahon,cebuano
madangkal,tagalog
pagsasalungatan,tagalog
hunahuna,cebuano
sibul,tagalog
sungkol,tagalog
pagkaintindi,tagalog
langgam nga puti,cebuano
taong-mapanlinlang,tagalog
kawalang-sala,tagalog
márik,cebuano
tipas,cebuano
litrato,cebuano
sular,cebuano
hágmuk,hiligaynon
kulitu,cebuano
sonanoy,cebuano
punlas sa buhok,cebuano
tanda,tagalog
iti cararua,ilocano
kulbahinam,cebuano
nacam-amac,ilocano
ipirmi,tagalog
borón,hiligaynon
dose,tagalog
idiskurso,tagalog
kapintasan,cebuano
angol-angol,cebuano
curibot,ilocano
ikalugi,tagalog
magpadalita,tagalog
hamun,cebuano
kulay-ginto,tagalog
magtinapay,tagalog
sumálà,hiligaynon
hawâ,hiligaynon
ngibi,tagalog
kahit-ano,tagalog
granáda,hiligaynon
eskursyon,tagalog
nacacatcatawa,ilocano
silungsilung,cebuano
kailis,cebuano
pagpasablayan,tagalog
bunutin,tagalog
piit,tagalog
lumba,tagalog
hánip,hiligaynon
nag-angat,cebuano
ngumiwi,tagalog
naragsac,ilocano
pagbalos,cebuano
bahî-báhì,hiligaynon
formalidád,hiligaynon
maipapan iti politica,ilocano
barucong,ilocano
gubot,cebuano
angay,cebuano
sansalain,tagalog
yating,cebuano
patag,cebuano
íras,cebuano
ingil,tagalog
pambuhan,tagalog
pag-angkin,tagalog
paguyon,cebuano
uhún,cebuano
íyut,cebuano
sala-salabat,tagalog
diklarasiyun,cebuano
huláhon,hiligaynon
"rírì, rîrî",hiligaynon
aspilihan,tagalog
buúl,hiligaynon
tiwangwang,cebuano
pagkukunyapit,tagalog
makaungos,tagalog
bankolít,hiligaynon
lusparon,cebuano
anghilika,cebuano
kamote,cebuano
kaniadto,cebuano
maluningning,tagalog
paalabin,tagalog
ibong maninila,tagalog
ipupoc,ilocano
hiníwà,hiligaynon
pagbasaba,cebuano
híyà,cebuano
panagtigum,cebuano
langa,ilocano
mabigaw,tagalog
naladingit,ilocano
bóg-oy,hiligaynon
dakes a ricna,ilocano
magsugo,tagalog
dehilo,ilocano
hiliphípan,hiligaynon
kabigan,tagalog
ísul,cebuano
pagkaguba,cebuano
bayot,cebuano
agparang,ilocano
súdlib,hiligaynon
bawukbáwuk,cebuano
bayani,cebuano
nako,cebuano
wala'y paghunahuna,cebuano
bukálwà,hiligaynon
bakbo,cebuano
mestizo,ilocano
naangin,ilocano
mangipot,tagalog
sariling-gamit,tagalog
balán-ay,hiligaynon
makiurog,cebuano
pam-,cebuano
"gúlò, gúlob, gulób, gulót",hiligaynon
pagiging libre,tagalog
malitok,cebuano
pagpakaulaw,cebuano
deposito,cebuano
balili,cebuano
kasalin,tagalog
pagtatagumpay,tagalog
haspe,tagalog
ipahitit,tagalog
peggad,ilocano
peneken,ilocano
pinasabutan,cebuano
damag,ilocano
manguntrata,tagalog
embahador,cebuano
tuwang,tagalog
makahupot,cebuano
búsdik,hiligaynon
bumulúthò,hiligaynon
pagano,cebuano
retaso,cebuano
maestro,ilocano
kulang,cebuano
n . linong,ilocano
intribinir,cebuano
giniling,tagalog
ambungan,cebuano
karahay,cebuano
hurâ,hiligaynon
mananaog mamumontog,cebuano
hágala,hiligaynon
sira,cebuano
seguro sa kinabuhi kun butang,cebuano
sahóg,hiligaynon
koponan,tagalog
punga,cebuano
lanot,cebuano
bukána,hiligaynon
baliling,tagalog
matsismis,tagalog
"lagumù, lagúmù",cebuano
magpapalimos,tagalog
bigay,tagalog
magkasundo,tagalog
sayon,cebuano
sápò,hiligaynon
tangtang,cebuano
di-mapagkakatiwalaan,tagalog
tagihawatin,tagalog
balibid,tagalog
paghandaan,tagalog
kagipitan,tagalog
probetso,tagalog
"tuksu, tuksù",cebuano
bihilante,tagalog
pagsakop,cebuano
súod,hiligaynon
sensor,tagalog
malulain,tagalog
pagkanuluhan,tagalog
kahang,tagalog
takasan,tagalog
umagrabyado,tagalog
nakagigilalas,tagalog
banag a nasamsam,ilocano
ngitngit,cebuano
halusón,hiligaynon
kughal,cebuano
bulutungón,hiligaynon
búlung,hiligaynon
laisen,ilocano
iti siroc,ilocano
publico,ilocano
"palakul, palákul",cebuano
am-am,cebuano
paglapastangan,tagalog
huráw,hiligaynon
manglipaghong,cebuano
alundris,cebuano
Layti,cebuano
salin,cebuano
umagaw,tagalog
bilyanu,cebuano
novela,ilocano
samparahón,hiligaynon
kurna,cebuano
pagtining,tagalog
súpat,cebuano
likod,tagalog
anakle,tagalog
ragóyroy,hiligaynon
maparamay,tagalog
malagawan,ilocano
usngad,cebuano
pataguktukin,tagalog
bidhanán,hiligaynon
uhaw sa dugo,tagalog
kaabtik,cebuano
paninira,tagalog
sangarakem,ilocano
doctor nga agoperar,ilocano
ipato,ilocano
magsususi,cebuano
katkatin,tagalog
pailaila sa katilingban,cebuano
madamguhon,cebuano
maudi nga agbayad,ilocano
"lupa, lupà",cebuano
nerbyos,tagalog
kaldera,tagalog
kanalan,tagalog
abel,ilocano
maliit,tagalog
hilakô,hiligaynon
bolante,tagalog
mauwi,tagalog
huyâ,hiligaynon
apil,cebuano
isingasing,ilocano
dawdaw,tagalog
mas bus,cebuano
pat-ul,cebuano
bairán,hiligaynon
paghimalaan,tagalog
cangatuan,ilocano
pateg,ilocano
nakatalan,tagalog
indigay,cebuano
bíhu,cebuano
panangagaw,ilocano
syálan,cebuano
part,cebuano
maicariwriw,ilocano
huyâ-huyâ,hiligaynon
dulsi,cebuano
tuagsik,cebuano
púrang,cebuano
subsob,tagalog
parinhayit,cebuano
gakos,cebuano
gamit na gamit,tagalog
guráput,hiligaynon
gameng,ilocano
sáprat,hiligaynon
isu amin,ilocano
dagway,cebuano
kaalsa,tagalog
ragadi,ilocano
pagsaway,cebuano
katalaw,cebuano
baldado,tagalog
ikasal,tagalog
"halápon, halapón",hiligaynon
gratuity,cebuano
awanan iti manggas,ilocano
gutingón,hiligaynon
síntok,hiligaynon
bínghal,hiligaynon
pagtunga,cebuano
ulahi,cebuano
hápdì,hiligaynon
nagbaetan,ilocano
pangaramid iti cuarta,ilocano
humithit,tagalog
magbulungan,tagalog
magpagiray-giray,tagalog
lapayag,ilocano
sapla,cebuano
úgay,hiligaynon
paet,ilocano
arco,ilocano
parabola,cebuano
narugit,ilocano
makita,cebuano
igaya,tagalog
sulúng,hiligaynon
panagduadua,ilocano
ingay,tagalog
hangág,hiligaynon
ligwat,cebuano
madagim,tagalog
mamamalit,tagalog
isusi,tagalog
mapilit,tagalog
ságnoy,hiligaynon
hurâ,hiligaynon
habiogán,hiligaynon
igpatayg kagaw,cebuano
pintor,cebuano
dukduk,cebuano
palingasin,tagalog
dasà,cebuano
balhin,cebuano
pagpispis,tagalog
paskwa,tagalog
kemistri,tagalog
mas limpyo,cebuano
pamentuhan,tagalog
lasag,ilocano
naglaraw,cebuano
sandakot,tagalog
di-nagbunga,tagalog
sudsud,cebuano
sugút,hiligaynon
paghatod,cebuano
bienes-muwebles,tagalog
waló-wálo,hiligaynon
patahanin,tagalog
tekla,tagalog
bumulak,tagalog
leon,ilocano
mga pinggan,cebuano
umayo,tagalog
ang apil,cebuano
panggepen,ilocano
kúput,cebuano
nataraki,ilocano
súgpon,hiligaynon
"platínu, platínum",cebuano
murkun,cebuano
malukso,tagalog
singgit,cebuano
pagtitibag,tagalog
lugan,ilocano
pagbalik,cebuano
tabíwis,cebuano
salag,cebuano
cajil,ilocano
anus,ilocano
wala'y kagaw,cebuano
casar,ilocano
gulpi,cebuano
gatong,tagalog
makimoda,cebuano
ganghà,cebuano
atua,cebuano
kagwang,cebuano
gilid na hilis,tagalog
katimpian,tagalog
asusíluy,cebuano
terminolohia,tagalog
lakarin,tagalog
galaangán,hiligaynon
pagmamalaki,tagalog
rúbut,cebuano
lumtaw,ilocano
laroy-laroy,cebuano
pinting,tagalog
binót,hiligaynon
isa pa,cebuano
magtamo,tagalog
bitagan,tagalog
nalahi sa kasagaran,cebuano
sibád,hiligaynon
bulos,tagalog
palamugnan,cebuano
hitápul,hiligaynon
punong-guro,tagalog
paggubot,cebuano
magpakumusta,tagalog
pabuya a macapacatawa,ilocano
suraban,cebuano
tenis,cebuano
pagbukal,cebuano
sinambúnut,hiligaynon
manghaharana,tagalog
nasakit,ilocano
kutas,cebuano
vacacion,ilocano
hurápay,hiligaynon
sangcakittab sangcabassit a paset,ilocano
nalinteg,ilocano
gulut-ánon,hiligaynon
hímpit,hiligaynon
maut,cebuano
kombento,cebuano
mapagpasiyahan,tagalog
nasisikatan ng araw,tagalog
diyamanti,cebuano
bolilyo,tagalog
bagís,hiligaynon
pagkagasgas,tagalog
sáhì,hiligaynon
hágbas,hiligaynon
astaka,tagalog
diskutihin,tagalog
hilamonón,hiligaynon
taghoy,cebuano
magpalanta,tagalog
himaláut,hiligaynon
línin,cebuano
pagtuhop,cebuano
riwriw,ilocano
kaakit-akit,tagalog
baboy,cebuano
urong,tagalog
karon,cebuano
galangán,hiligaynon
lumikmo,tagalog
sallapid,ilocano
kadautan,cebuano
magpugal,tagalog
súghay,hiligaynon
umuna a binulong ti libro,ilocano
hanggaón,hiligaynon
hataas,cebuano
maibunsod,tagalog
ganansya,cebuano
anatomya,tagalog
mangalig,cebuano
ikabit,tagalog
kawalang-hiyaan,tagalog
gaod,ilocano
gutgut,cebuano
agbayag,ilocano
kabinete,cebuano
pinyahan,tagalog
pagpinaabot,cebuano
bomba,tagalog
bíngkal,hiligaynon
haloghogán,hiligaynon
kasal sa huwes,tagalog
intoksikasyon,tagalog
sángit,hiligaynon
na-an,cebuano
magpalitaw,tagalog
pagtimbangan,ilocano
suntok,tagalog
babaye nga sinaaran,cebuano
sapitan,tagalog
balikwasin,tagalog
madaugdaugon,cebuano
syasyent,cebuano
kalumpit,tagalog
subák,hiligaynon
pesas,tagalog
ipamanhik,tagalog
laeng,ilocano
"brása, brásas",cebuano
napakalawak,tagalog
sikâ,hiligaynon
dili puwede,cebuano
pagtagni-tagniin,tagalog
pagkahumaymay,tagalog
saklaan,tagalog
magwagayway,tagalog
masalaypon,cebuano
salábat,hiligaynon
hayhayan,cebuano
dayon,cebuano
"biribiri, biribíri",cebuano
lungsod,tagalog
cabusor,ilocano
imik,cebuano
apirmatíbu,cebuano
dakong,cebuano
"húyung, huyúng-húyung",hiligaynon
pasalihin,tagalog
lumabbasit,ilocano
ipatapon,tagalog
pagkiling,tagalog
paglain,cebuano
halugâ,hiligaynon
pag-usisa,cebuano
masakop,tagalog
leprosa,tagalog
tadtarin,tagalog
nakapagliligaw,tagalog
tumulin,tagalog
pumata,tagalog
imortal,tagalog
mapadakila,tagalog
sokól,hiligaynon
kagiskis,cebuano
"himalî, himálì",hiligaynon
ugdáng-úgdang,hiligaynon
dali,cebuano
sarayohán,hiligaynon
kapitan,cebuano
tallo,ilocano
pagripahan,tagalog
kusmáut,cebuano
nailubongan,ilocano
tibong,tagalog
tambor,ilocano
arkila,tagalog
punpal,cebuano
kamanyan,cebuano
sadól,hiligaynon
bíste,hiligaynon
pambugbog,tagalog
pagdumdom,cebuano
tigpangatarungan,cebuano
atipaen,ilocano
maura,cebuano
kasigurohan,cebuano
bányos,hiligaynon
pagtawag,cebuano
pagtunglo,cebuano
inun-an,cebuano
Aprika,tagalog
diskompiyado,tagalog
kapritsu,cebuano
balaga,tagalog
akibat,tagalog
pag-igtad,tagalog
balatong,cebuano
bente,tagalog
mainom,cebuano
hálop,hiligaynon
mabinantayon,cebuano
tutub,cebuano
pagaccub,ilocano
atraso,tagalog
di-ginagamit,tagalog
dáup,cebuano
mag-ambag,tagalog
susténto,hiligaynon
gáraw,hiligaynon
báse,hiligaynon
inem a pulo,ilocano
iccatan,ilocano
kuyad,tagalog
karta,tagalog
ukáng-úkang,hiligaynon
tabla,cebuano
piyorea,tagalog
datung,cebuano
kaltas,tagalog
bawim,cebuano
palapagan,tagalog
tigpaluyo,cebuano
dakes,ilocano
fúnda,hiligaynon
barucong,ilocano
bumbay,cebuano
síhit,hiligaynon
magkauri,tagalog
pagbalos,cebuano
agbucbucod,ilocano
tugsaw,cebuano
dila,cebuano
hari,cebuano
nacabutbuteng,ilocano
sayangguseng,ilocano
materya,tagalog
paglihok,cebuano
panuop,cebuano
salúd,hiligaynon
ginháw-an,hiligaynon
sapút,hiligaynon
sikswa,cebuano
tabongós,hiligaynon
imbaw,cebuano
panigingnam,cebuano
ipabassit,ilocano
"burâ-burâ, burâ-búrà",hiligaynon
pangangaligkig,tagalog
mulitsing,cebuano
mapa,tagalog
pagsilawan,ilocano
pagpakusog,cebuano
kamagkù,cebuano
kaligasgasan,tagalog
luplupot,ilocano
tangkúgù,cebuano
timbaya,cebuano
magsapalaran,tagalog
tyusupíya,cebuano
bubuhin,tagalog
warwaran,ilocano
manlumo,tagalog
lùlù,cebuano
panagdayaw,ilocano
pagbakas-bakasin,tagalog
bulús,hiligaynon
kaadlawon,cebuano
telefono,ilocano
indayon,ilocano
rehístro,hiligaynon
hilingagawón,hiligaynon
iccatan iti armas,ilocano
pinga,tagalog
sungkitin,tagalog
bangkalan,tagalog
kusinilya,cebuano
binuhátan,hiligaynon
dinua,ilocano
yaon,tagalog
konsesyon,tagalog
magtamasa,tagalog
turpídu,cebuano
lansangan,tagalog
udagán,hiligaynon
malalang-malala,tagalog
"bánkò, bánko",hiligaynon
asetik,tagalog
búngga,hiligaynon
itsa,tagalog
hasó-háso,hiligaynon
naimut,ilocano
katuigan,cebuano
buháy-buháy,hiligaynon
daghag buhat daghag libang,cebuano
impas,cebuano
suwelo,tagalog
keso-de-plato,tagalog
topograpo,tagalog
maunawain,tagalog
kadiwa,tagalog
mas laktod,cebuano
simbuyo ng damdamin,tagalog
wala ngalani,cebuano
rilíbu,cebuano
balud,ilocano
ubing,ilocano
papawisin,tagalog
saramónggay,hiligaynon
pabasahin,tagalog
hambádan,hiligaynon
metrik,tagalog
sentensiyado,tagalog
adyaks,cebuano
paglakasang-loob,tagalog
oksidasiyon,tagalog
uláwa,hiligaynon
humuma,tagalog
hangtod sa,cebuano
saw-id,cebuano
sastrirya,tagalog
pito,cebuano
ituro,tagalog
súngroy,hiligaynon
despertador,tagalog
uling-kahoy,tagalog
lasapin,tagalog
maligdong,cebuano
pigsa,ilocano
sipupudno,ilocano
"pangapang, pangápang",cebuano
nakakabit,tagalog
mahunit,cebuano
baryong kabus,cebuano
ikaapat,tagalog
iturong,ilocano
paryente,cebuano
sámbol,hiligaynon
patanuran,tagalog
ugang,cebuano
kasabikan,tagalog
rucod,ilocano
naknak,tagalog
sumbagay,cebuano
lasing na lasing,tagalog
táblog,hiligaynon
maghawi,tagalog
pagsusugasog,tagalog
sáy-ong,hiligaynon
angay,cebuano
gúmà,hiligaynon
daang patay inighimugso,cebuano
pagkakalantad,tagalog
mahunahunaon,cebuano
hurahura,cebuano
paghagis,tagalog
tibuok,cebuano
suluksúkan,hiligaynon
galip,ilocano
maparatay,tagalog
kagaanan,tagalog
pagtipon,cebuano
balisawsaw,tagalog
limbong,cebuano
"banngî, -bángì",hiligaynon
siba,cebuano
ataki,cebuano
sikologo,tagalog
daay,cebuano
turayen,ilocano
ribénta,hiligaynon
hisónò,hiligaynon
kayangkayang,cebuano
bráso,hiligaynon
pansir,cebuano
naulimec,ilocano
cadaanan,ilocano
biháng,hiligaynon
nadaeng,ilocano
iksaminin,cebuano
labing-isa,tagalog
masarapin,tagalog
panangpapatay,ilocano
pailalim,tagalog
nakatakda,tagalog
lúsad,cebuano
nakapamamanglaw,tagalog
pagtubod,cebuano
gíab,hiligaynon
pagkakahati,tagalog
tam-is,cebuano
matutop,tagalog
rulyu,cebuano
bumugwak,tagalog
clinica,ilocano
ginatuyó,hiligaynon
hungkung,cebuano
pag-ugnayin,tagalog
umaldabis,tagalog
bíno,hiligaynon
bagáang,cebuano
hulám,hiligaynon
tinagsa,cebuano
sukmagay,cebuano
pumitpit,tagalog
makalanag,cebuano
barikes,ilocano
samba,tagalog
pagkabaligtad,tagalog
misíta,cebuano
walang-tutol,tagalog
sámpan,hiligaynon
biérnes,hiligaynon
pudpod,tagalog
ang-ang,cebuano
tulpuk,cebuano
tábò,hiligaynon
pagpapanaw,tagalog
monumento,ilocano
nagaalab,tagalog
pakalmahin,tagalog
maglubang,tagalog
akin-aramid,ilocano
hárga,hiligaynon
aramatan,ilocano
magbanat ng ugat,tagalog
magbayad-puri,tagalog
lup-ut,cebuano
takna,cebuano
puroc,ilocano
pisar,cebuano
mas barato,cebuano
hinggil kay,tagalog
umarok,tagalog
"silábo, silabó",hiligaynon
kawalang-dangal,tagalog
canacaliing,ilocano
sisi,tagalog
aráru,cebuano
pagkasulukasok,tagalog
naghihimagsik,tagalog
biláhò,hiligaynon
sayes,cebuano
plismat,cebuano
bulkanisado,tagalog
purbado,tagalog
bakan,cebuano
mabilog,tagalog
báhì,hiligaynon
budhì,cebuano
panagduadua,ilocano
dakbut,cebuano
turista,cebuano
talùtalù,cebuano
kapritso,cebuano
pagipit,ilocano
espada,ilocano
kuwan,cebuano
maglalabanos,tagalog
túyu,cebuano
narigat a maawatan,ilocano
"bésa, besá",hiligaynon
umahan,cebuano
abentura,tagalog
banghitaw,cebuano
nauna,tagalog
sulod,cebuano
fího,hiligaynon
tingkabin,tagalog
pinaglagarian,tagalog
dagok,tagalog
subali't,tagalog
sacsi,ilocano
báklos,hiligaynon
ahensiya,tagalog
kinukuribdib,tagalog
banag a saan nasaken iti biag,ilocano
paluphu,cebuano
pagpawala,cebuano
hinuráy-húray,hiligaynon
sapi,cebuano
dumalisay,tagalog
dili tataw,cebuano
lakang,cebuano
panit sa tinapay,cebuano
dalusdos,tagalog
sawo,cebuano
bághak,hiligaynon
pagkatanggap,tagalog
dilítu,cebuano
manghuhubli,tagalog
yáyung,cebuano
humagibis,tagalog
pumungas-pungas,tagalog
masagwa,tagalog
anlit,cebuano
pagkalkula,tagalog
kustilyas,tagalog
tinu-od,cebuano
pastúra,cebuano
bumahagi,tagalog
salipótpot,hiligaynon
sobrang,cebuano
caanancan a babai,ilocano
nakatalikwas,tagalog
talimuang,tagalog
pialy,ilocano
dis-a,cebuano
magpalayaw,tagalog
usbaw,cebuano
perpeksiyon,tagalog
hapit na mogabii,cebuano
silinákot,hiligaynon
bigking,cebuano
magbabaligya og mga pahiyas,cebuano
panyo,cebuano
kakatuwang-pagkilos,tagalog
pípir bag,cebuano
nagpapakilala,tagalog
ipaalaala,tagalog
kasta,tagalog
say-a,cebuano
pasta,cebuano
kalahati,tagalog
katlabi,tagalog
Papa,cebuano
tumirik,tagalog
ungtan,ilocano
paghabilinan,tagalog
pagkatuman,cebuano
hukab,cebuano
fabrica,ilocano
andarul,cebuano
"hambaléra,-o",hiligaynon
hinámpung,hiligaynon
sakgaw,cebuano
pagpasagad,cebuano
masimot,tagalog
taong may-sakit,tagalog
balaknon,cebuano
syíding,cebuano
duyaw,ilocano
korona,cebuano
nakakabayo,tagalog
binisayâ,hiligaynon
maanyag,cebuano
mag-isa,tagalog
sirkero,tagalog
hiripáw,hiligaynon
inutlan,cebuano
pag-aagaw-dilim,tagalog
hatúd,hiligaynon
pagtatamo,tagalog
bántug,hiligaynon
panangidadanes babaen ti naimaldit,ilocano
siyanga,tagalog
litsugas,cebuano
kurukignul,cebuano
naariwawa,ilocano
sibúg,hiligaynon
súgbo,hiligaynon
lungkaub,cebuano
tacawan,ilocano
adurno,cebuano
bákwit,hiligaynon
kalaw,tagalog
úkag,hiligaynon
tagapagpanayam,tagalog
pamamangka,tagalog
kab-it,cebuano
fonógrafo,hiligaynon
patag,cebuano
hikadhikad,cebuano
sakdap,cebuano
apalit,tagalog
palimed,ilocano
sab-ongánan,hiligaynon
ilabas,tagalog
kulumrínu,cebuano
mapaluha,tagalog
dayaw,ilocano
pang-aboy,tagalog
habót,hiligaynon
pampangginya,cebuano
aras,tagalog
agwatan,tagalog
malaki na rin,tagalog
saan a nakitkita,ilocano
barot,ilocano
walang-sira,tagalog
baráhus,hiligaynon
may-asin,tagalog
hípgid,hiligaynon
karatula,cebuano
kawala'y pagtagad,cebuano
trigonometria,tagalog
hílot,hiligaynon
buláug,hiligaynon
pagduro,tagalog
timpasaw,cebuano
tambud,cebuano
balihin,tagalog
pagdahunog,cebuano
dili kalikayan,cebuano
ulúd,hiligaynon
yáwat,hiligaynon
nabatad,ilocano
tapoc,ilocano
kapaingnan,cebuano
pakol,cebuano
ipiktus,cebuano
sawá,hiligaynon
mga paglibud-libod,cebuano
búswang,hiligaynon
súra,cebuano
kurìkurì,cebuano
bintarin,tagalog
tagtagainep,ilocano
lilimahin,tagalog
caayan-ayat,ilocano
wisti,cebuano
panagkumbuya,cebuano
tulawin,tagalog
habit,tagalog
natagari,ilocano
sapatilya,cebuano
enggrande,tagalog
manungayaw,tagalog
hírit,cebuano
sariling-gawa,tagalog
kanasto,tagalog
pagoda,cebuano
madawit,tagalog
tangis,cebuano
bugbog,tagalog
paleta,tagalog
palibog,cebuano
aspaltado,tagalog
sarók,hiligaynon
despatsahin,tagalog
sakup,cebuano
karatsutsi,cebuano
taga ilaya,cebuano
hápnig,hiligaynon
hiliábut,hiligaynon
kawili-wili,tagalog
arcos,ilocano
kútis,cebuano
giohánan,hiligaynon
depresyon,tagalog
pagkamasumo,cebuano
gayó-gáyo,hiligaynon
ligoy-ligoy,cebuano
líhuk,cebuano
gabígabí,hiligaynon
sikup,cebuano
"sang-átan, sangátan",hiligaynon
unud,cebuano
túub,cebuano
kíngas,cebuano
hilitóon,hiligaynon
nalawa,ilocano
palagay,tagalog
bintang,tagalog
kinaiya,cebuano
súpil,hiligaynon
magpileges,tagalog
pagpanaog,tagalog
sálsa,hiligaynon
pandung,cebuano
ripahán,hiligaynon
paglaban,cebuano
ladawan ti daga iti adayo,ilocano
bíak,hiligaynon
pag-angkon,cebuano
nalaing,ilocano
lumibak,tagalog
mamumulong,cebuano
sakit sa panit,cebuano
pangayayatin,tagalog
magpokus,tagalog
masilayan,tagalog
tulduk-tuldukan,tagalog
biúung,cebuano
Araw ng Pagpapasalamat,tagalog
magparumat-dumat,tagalog
mag-epekto,tagalog
magwawalis,tagalog
nadam-eg,ilocano
kaguliyang,cebuano
tudlus,cebuano
pagsambulat,tagalog
kababata,tagalog
tradisyunal,tagalog
kilya,tagalog
"úgkan, ugkánan",hiligaynon
báraw,cebuano
bala,cebuano
bahít,hiligaynon
pasakan,tagalog
pagsabot,cebuano
unget,ilocano
sayáng-sayáng,hiligaynon
"sintimintal, sintimintǎl",cebuano
pag-angay sa kuldas,cebuano
sálud,hiligaynon
pagtutuli,tagalog
pustal,cebuano
itanong ang presyo,tagalog
masamang-loob,tagalog
pakikiramay,tagalog
kusinera,tagalog
pagkalawat,cebuano
bigsangán,hiligaynon
magsugal,tagalog
talaan sa mga pangutana,cebuano
maysa iti uppat nga agdangadang,ilocano
kahimtang,cebuano
yutâ,hiligaynon
bssagra,cebuano
kalasingan,tagalog
tudlo,cebuano
parki,cebuano
pagbangan,cebuano
sakag,tagalog
ikeddeng,ilocano
di-maraanan,tagalog
hampáng-hámpang,hiligaynon
magmando,tagalog
"sáklit, saklít",hiligaynon
umad-addang,ilocano
mag-artista,tagalog
hanúl,hiligaynon
sumulúgal,hiligaynon
hiniusa,cebuano
senyóra,hiligaynon
hayáw,hiligaynon
batoláng,hiligaynon
pukpuk,cebuano
awtograp,tagalog
krúsing,cebuano
hiringga,cebuano
pawo,cebuano
dili hinlo,cebuano
kabuhalhalan,tagalog
sinuktánay,hiligaynon
balának,hiligaynon
nightclub,cebuano
bakólod,hiligaynon
calaban,ilocano
"waóg-wáog, wa-ógwá-og",hiligaynon
gapó-gapó,hiligaynon
tumalikwas,tagalog
yaya,cebuano
tabón,hiligaynon
bukídnon,hiligaynon
hilantad,tagalog
bangà,cebuano
tipig,cebuano
ipataw,tagalog
bislad,tagalog
dibdibihin,tagalog
bugok na itlog,tagalog
hindi mapagkakasundo,tagalog
gilasid,cebuano
alikáti sa múrus,cebuano
dukumintu,cebuano
tagapaghatid,tagalog
Mesyanik,tagalog
macay-ayo,ilocano
ningas,tagalog
túlas,cebuano
icawas,ilocano
úbad,hiligaynon
pagpanig,tagalog
imatangan,ilocano
cuarta,ilocano
"kinul, kínul",cebuano
panghimatuod,cebuano
búndak,hiligaynon
idulin,ilocano
konkistador,tagalog
palairos,tagalog
masangan,ilocano
bukirin,tagalog
itabi,tagalog
sagáwsaw,hiligaynon
sungay,cebuano
pakitang-tao,tagalog
hangúp,hiligaynon
dili tagdon,cebuano
kurbada,tagalog
gúhak,hiligaynon
dingding,cebuano
maipapan iti panangliput,ilocano
gidugayon,cebuano
saksakan,tagalog
wala'y batasan,cebuano
ngem,ilocano
ato-ato,cebuano
damo a panagparang iti tallaong,ilocano
salúnò,hiligaynon
pag-aanib-anib,tagalog
pagmasdan,tagalog
katumbasan,tagalog
bauhita,tagalog
ulitawhay,cebuano
hawughug,cebuano
báhò,hiligaynon
serbisyo,tagalog
maN-,cebuano
intolerante,tagalog
sa palibot,tagalog
pagpildi,cebuano
labatíba,cebuano
trianggulo,tagalog
bale-bale,tagalog
sabunan,tagalog
hayag na lihim,tagalog
magkatupad,cebuano
mga gusbat,cebuano
lisinsiya,cebuano
pudot,ilocano
aresto,tagalog
natan-awan,cebuano
al-alia,ilocano
malipayon,cebuano
tisas,cebuano
tagabo,ilocano
ulumánon,hiligaynon
taripnong ti adu a tao,ilocano
magtindera,tagalog
maligon,cebuano
idaos,tagalog
ang kamaunongon,cebuano
waralóhan,hiligaynon
batásan,hiligaynon
agtipon,ilocano
napakahigpit,tagalog
mabulag,tagalog
magkanya-kanya,tagalog
agdama,ilocano
sagiwát-an,hiligaynon
sángsang,hiligaynon
patay-patay,cebuano
pisyolohia,tagalog
ginawin,tagalog
gruméte,hiligaynon
lamang,cebuano
sinalayó,hiligaynon
pagtuli,tagalog
magpapatay-baboy,tagalog
krimen,tagalog
embarkasyon,tagalog
bulingin,tagalog
gihâ,hiligaynon
mapatunganga,tagalog
hárog,hiligaynon
maiuurong,tagalog
i-(←),cebuano
saritaen,ilocano
kataw-anan,cebuano
cas perlas,ilocano
lapug,cebuano
kusgan,cebuano
caabasa,ilocano
karton,tagalog
maligat,tagalog
asesment,tagalog
sákmon,hiligaynon
sumara,tagalog
básta,hiligaynon
puyra,cebuano
mapagkakatiwalaan,tagalog
dumteng,ilocano
walang-kahala-halaga,tagalog
"suyô, suyó",hiligaynon
ugayóng,hiligaynon
petrolyo,cebuano
aksis,tagalog
panyo,cebuano
kaskás,cebuano
nagkahiusa,cebuano
pagsugod,tagalog
pusakal,tagalog
hándog,hiligaynon
tiwalaan,tagalog
tonton,cebuano
wikang panturo,tagalog
paha,tagalog
ango,tagalog
panagbiag,ilocano
sala-de-bisita,tagalog
hingì,cebuano
bumaltak,tagalog
saramónggo,hiligaynon
langas,cebuano
dalos,cebuano
day-a,cebuano
alimása,cebuano
pintik,cebuano
sukáb,hiligaynon
tapal,cebuano
pagkaguba sa sakayan,cebuano
cabbalay,ilocano
awaten,ilocano
bígsang,hiligaynon
manggugubot,cebuano
suntok,cebuano
mapagdili-dili,tagalog
katulin,cebuano
sungáyan,hiligaynon
uguy-ugoy,tagalog
seda,ilocano
"wái, wá-i",hiligaynon
anak na babae,tagalog
krudo,tagalog
pápal nunsiyu,cebuano
manibulos,tagalog
panagsabong,ilocano
nalawag,ilocano
wala ilhi,cebuano
lipot,tagalog
bokó,hiligaynon
pagsiddaawan datdatlag,ilocano
awanan adal,ilocano
kabalhinan,cebuano
pawalang-sala,tagalog
bángbang,hiligaynon
kumisap,tagalog
wala'y sulod,cebuano
balingos,tagalog
panangrambac,ilocano
handánaw,cebuano
matiktikan,tagalog
pag-kuha,cebuano
reppeten,ilocano
dahilì,cebuano
nagaramid,ilocano
talapya,tagalog
hokóm,hiligaynon
bindisyon,tagalog
edukasyonal,tagalog
gíngì,hiligaynon
pag-ud,cebuano
mga isip,cebuano
konggregasyon,tagalog
magbulag-bulagan,tagalog
ang inyong,cebuano
lalim pamation,cebuano
naapgad,ilocano
prupisiyun,cebuano
tabakô,hiligaynon
igid,ilocano
basura,cebuano
madaling ilipat,tagalog
lansita,ilocano
dili matarong,cebuano
palaypay,cebuano
dili pa luto,cebuano
dakung,cebuano
makirot,tagalog
daot,cebuano
masungko,tagalog
kayabangan,tagalog
capanunutan,ilocano
kudkurin,tagalog
hínguk,cebuano
sírum,hiligaynon
okupante,tagalog
iahi,cebuano
saligmatô,hiligaynon
tulun-anan,cebuano
nacttong,ilocano
hokón-hókon,hiligaynon
ipaidam,ilocano
ereyser,tagalog
tugábang,cebuano
singkaw,tagalog
paskilan,tagalog
ilmenayt,tagalog
angkatan,tagalog
ragsac,ilocano
magpaganap,tagalog
pannangted,ilocano
úkbo,hiligaynon
kontrabandista,cebuano
tindahan sa sinina,cebuano
katiningan lawak,tagalog
garáng-gárang,hiligaynon
sanggurút,hiligaynon
pangiugos,cebuano
nilakmay,tagalog
bawkag,cebuano
walang-kaalam-alam,tagalog
daánà,cebuano
pandan,cebuano
ialdaba,tagalog
sung-ay,cebuano
balayóbay,hiligaynon
lakwatsera,tagalog
wíit,hiligaynon
karangyaan,tagalog
úgdaw,hiligaynon
múku,cebuano
bátok,hiligaynon
tipon gimong; ummong,ilocano
pigisen,ilocano
imbayong,tagalog
ilhong,cebuano
boton,tagalog
banyaga,cebuano
bakláw,hiligaynon
pakubos,cebuano
sugálan,hiligaynon
kanù,cebuano
ussoban,ilocano
sakit sa utok,cebuano
tangkil,cebuano
napintas a timec,ilocano
súlput,hiligaynon
makita,cebuano
ra-íng,hiligaynon
pagsilang,cebuano
iturong iti pagpeggadan,ilocano
tagà,cebuano
wala'y lipod-lipod,cebuano
ráyray,hiligaynon
riaksiyun,cebuano
bungulan,tagalog
súri,hiligaynon
masasaktin,tagalog
hágpis,hiligaynon
ayaten,ilocano
daktinig,tagalog
amíga,cebuano
igsusunog,cebuano
butúng,hiligaynon
sányog,hiligaynon
pagbubuno,tagalog
gíbwang,hiligaynon
mag-audit,tagalog
sapí-sápi,hiligaynon
pinaghunusan,tagalog
"sagráda, -o",hiligaynon
grábe,hiligaynon
mamimintas,tagalog
mahambugon,cebuano
bámos,hiligaynon
ngúlub,cebuano
elector; pumipili,ilocano
kompadre,cebuano
naganac,ilocano
ataki,cebuano
patino,cebuano
estasyonan,cebuano
insensaryo,tagalog
tuhoy,cebuano
Miyerkules-de-Senisa,tagalog
pagpapasambulat,tagalog
pagpulok,tagalog
hatalán,hiligaynon
nagpasiugda,cebuano
iwara,ilocano
buhat,cebuano
paghugpong,cebuano
úban,hiligaynon
disintiríya,cebuano
mabalak-on,cebuano
hangganan,tagalog
pagpuyo,cebuano
masingkamuton,cebuano
labaha,cebuano
kyungkung,cebuano
lúrat,cebuano
halayo,cebuano
tumapos,tagalog
magkuto,cebuano
maindayog,tagalog
iti masacbayan,ilocano
kilikísi,cebuano
súdyà,hiligaynon
pagkahinahon,tagalog
gúbot,hiligaynon
kamo,cebuano
kakanan,tagalog
paskwas,tagalog
sunat,cebuano
bahay-sugalan,tagalog
sobrenaturál,hiligaynon
bélo,hiligaynon
sátsat,hiligaynon
mawaw,ilocano
pakahuluganan,tagalog
istelmet,tagalog
kasab,tagalog
pagsayaatan,ilocano
Batakaang Balaod,cebuano
gikapoy,cebuano
bálik,hiligaynon
tinadtad ng karne,tagalog
sartén,hiligaynon
padalanen,ilocano
karbúru,cebuano
pang-aaba,tagalog
gánso,hiligaynon
longganisa,tagalog
di-matarok,tagalog
bagit,cebuano
human,cebuano
Camara ti Representante,ilocano
mapagkasundo,tagalog
dumaskul-daskol,tagalog
síhod,hiligaynon
iti dayto,ilocano
hatsa,cebuano
tawtaw,tagalog
trampas,cebuano
salumsum,cebuano
gulámni,hiligaynon
saan a macuti,ilocano
pinaggupitan,tagalog
bánglò,hiligaynon
hulagán,hiligaynon
sa/nasa hulihan ng bapor,tagalog
sumugba,tagalog
agilata,ilocano
húgsoy,hiligaynon
tirurismu,cebuano
húmut,hiligaynon
túhus,cebuano
táas,hiligaynon
gulumúron,hiligaynon
wala makita,cebuano
yakát,hiligaynon
palakero,cebuano
magkagantimpala,tagalog
dili tinuyo,cebuano
talagsaon,cebuano
pagputos,cebuano
magandang umaga,tagalog
pagsabitan,ilocano
pag-ig-ig,tagalog
inimporte,cebuano
tagilaco,ilocano
tahid,tagalog
sacbay ito daytoy nga oras,ilocano
ekseso,tagalog
halhag,cebuano
bumayo,tagalog
basaltong kama-kama,tagalog
aglinong,ilocano
aglalaba,ilocano
kahapdian,tagalog
pampatulog,tagalog
manunuroy,cebuano
patunghayin,tagalog
gahúm,hiligaynon
pakaulaw,cebuano
bai ti pana,ilocano
nagutnut,cebuano
batáng-bátang,hiligaynon
makidlapon,cebuano
libang,cebuano
sirabó,hiligaynon
ubán,hiligaynon
masacsakit,ilocano
pagkaayos,tagalog
bókot,hiligaynon
sandí-ay,hiligaynon
sanlibo,tagalog
votos,ilocano
resibe,tagalog
bassit a bapor,ilocano
ribalan,tagalog
súgok,hiligaynon
pagduaduaan,ilocano
maggitgitan,tagalog
ubrero,tagalog
nalalaing nga agtrabajo babaen ti canigid nga ima,ilocano
negocio,ilocano
kahilasan,cebuano
salakab,tagalog
suwag,tagalog
síbid,hiligaynon
pagadalan,ilocano
tunaw,cebuano
arun,cebuano
mas bati,cebuano
panglansis,cebuano
bitig,tagalog
basol,ilocano
burungbarung,tagalog
hermosa viéja,hiligaynon
butánwan,hiligaynon
seguridád,hiligaynon
kaklase,tagalog
calicagum,ilocano
samahan,tagalog
tagatanim,tagalog
badloón,hiligaynon
suprǐr,cebuano
ráan,hiligaynon
maris ti cudil,ilocano
sumálà,cebuano
tabág,hiligaynon
bákris,hiligaynon
"sîsî, sísì",hiligaynon
baliktad,cebuano
panunot,ilocano
maglimpiyo sa ngipon,cebuano
tutol,cebuano
sapsing,cebuano
kalapoy,cebuano
nakapangyayari,tagalog
mag-uri,tagalog
alisngawon,cebuano
rungóy,hiligaynon
magpunyagi,tagalog
natibker,ilocano
kinadalus,ilocano
damit-pansayaw,tagalog
subúk,hiligaynon
ulaán,hiligaynon
pagsulay,cebuano
agpaabagatan,ilocano
mulyínu,cebuano
tabángkò,hiligaynon
usapin,tagalog
tuklus,cebuano
icapet ti silla,ilocano
gílaw,cebuano
sapil,cebuano
kasaligan,cebuano
"sagúlay, saguláy",hiligaynon
pakig-i,cebuano
pinggan,ilocano
kasagaran,cebuano
súnggab,hiligaynon
magka-,cebuano
paentrahin,tagalog
biniyaan,cebuano
huwá-húwa,hiligaynon
sínuk,hiligaynon
armi,tagalog
hiyawan,tagalog
aracupen,ilocano
kabalat,tagalog
sípan,hiligaynon
cawesan,ilocano
Pagkukumpisal,tagalog
maydala,tagalog
tsupunan,tagalog
kalipay,cebuano
matulutan,tagalog
hawan-lungsod,cebuano
natutuwa,ilocano
daiten,ilocano
gilubngan,cebuano
mikruskupyu,cebuano
paniniphayo,tagalog
báyà,hiligaynon
aising,tagalog
hánluk,hiligaynon
sarísì,hiligaynon
atuli,cebuano
maarang-arang,cebuano
balkon,cebuano
di-makatarungan,tagalog
Lunes,ilocano
kaligiran,tagalog
pitwurk,cebuano
"punay, púnay",cebuano
dunsal,cebuano
halang,tagalog
mudista,cebuano
likay,cebuano
gumaran,cebuano
pagpatala,cebuano
kadutlan,cebuano
paghanap,tagalog
kahihilhil,tagalog
ayta,cebuano
panagotired,ilocano
paasuhan,tagalog
biskwit,tagalog
nagsusarasay,cebuano
patadyong,tagalog
arko,cebuano
bangíg-bángig,hiligaynon
hunáwan,hiligaynon
dili sagad,cebuano
kanihit sa pagkaon,cebuano
binúgkos,hiligaynon
pugto,ilocano
bákwa,hiligaynon
inahing babooy,tagalog
abestrus,tagalog
ginggined,ilocano
lasawon,cebuano
kagalkal,cebuano
pabasolen,ilocano
ramit,ilocano
ragíting,hiligaynon
mahagkan,tagalog
maysa a tiempo a panangtaming iti aramid,ilocano
manso,tagalog
siriguylas,cebuano
akala,tagalog
perdible,tagalog
kulansi,cebuano
sabio,cebuano
bunggù,cebuano
kaskabel,tagalog
aggungon,ilocano
puwis,cebuano
tumambal,tagalog
matapuson,cebuano
tigum,cebuano
kristal,tagalog
bulî,hiligaynon
kung,tagalog
bangkítu,cebuano
baltik,tagalog
bungìngì,cebuano
abbong,ilocano
pagkurog,cebuano
tsúwit,cebuano
medyas,cebuano
básia,hiligaynon
liripin,tagalog
sabúlaw,hiligaynon
dalahit,tagalog
timawa,cebuano
bukton,cebuano
pamilihang-bayan,tagalog
maawat,ilocano
búkid,hiligaynon
luna nga hawan,cebuano
saan a pannacarunaw ti kinan,ilocano
panloob,tagalog
pagkukuwarentenas,tagalog
bawiin,tagalog
sakayan lulinghayawan,cebuano
banása,hiligaynon
panauhin,tagalog
kalsunsilyu,cebuano
agtarigagay,ilocano
itaguri,tagalog
uppat,ilocano
pakyas,cebuano
atorni,tagalog
hóbhob,hiligaynon
saan a mabasa,ilocano
nalinis,ilocano
himpók-hímpok,hiligaynon
pangati,tagalog
pumanaw,ilocano
wilik,cebuano
kagaraan,tagalog
baybay,cebuano
áyaw,cebuano
mangilaba,cebuano
langking,cebuano
panagdayar,ilocano
ráhay,hiligaynon
palawitin,tagalog
viajero,ilocano
plumíru,cebuano
gunurya,cebuano
tansan,tagalog
makipag-insultuhan,tagalog
asngal,tagalog
ari na ko,cebuano
panagunget,ilocano
baráw,hiligaynon
agam-agam,tagalog
makapukaw-damdamin,tagalog
kasaya,cebuano
mamak,tagalog
nacaa-alingget,ilocano
híwal,cebuano
plag-in,cebuano
no la ket ta,ilocano
yáyong,hiligaynon
kumpiyang,tagalog
umagad ng lalaki,cebuano
bukog sa abaga,cebuano
oficial ti vapor,ilocano
madakip,tagalog
sógò,hiligaynon
sambalilo,tagalog
yamhang,cebuano
tagapulo,tagalog
pamasin,cebuano
bebero,tagalog
mabuyo,tagalog
manukso,tagalog
uklaba,cebuano
paghatag,cebuano
gákid,hiligaynon
macaammo iti panangituray,ilocano
tapíta,cebuano
luay,tagalog
guyabano,tagalog
Nangina nga Adlaw,ilocano
magpasahod,tagalog
buluntad,tagalog
mapuksa,tagalog
pagtamay,cebuano
palpal,cebuano
aninag,tagalog
paisánu,cebuano
manabi,tagalog
mahitungod sa,cebuano
gwárdya,hiligaynon
"wandirin dyú, wandiring dyú",cebuano
pasalok,tagalog
napildi,cebuano
guyaban,ilocano
pabanlikan,tagalog
regadera,tagalog
luntad,cebuano
higing,tagalog
máki,cebuano
makita,cebuano
Bagong Tipan,tagalog
simó-simó,hiligaynon
bulbol,cebuano
masulob-on,cebuano
talingtíngun,cebuano
baidán,hiligaynon
Hudyo,tagalog
lumag,cebuano
kálaw,cebuano
síkat,cebuano
manabako,tagalog
andanahan,tagalog
hasinto,tagalog
alkansi,cebuano
lapa-lapa,cebuano
sa sugilanon,cebuano
busáwus,cebuano
kamandag,cebuano
magpabaldosa,tagalog
hapay,tagalog
kadiyut,cebuano
ginóo,hiligaynon
laya,cebuano
payatin,tagalog
artsipelago,tagalog
hala,cebuano
tamban,cebuano
bagát-bagát,hiligaynon
tabletas,tagalog
sídlak,hiligaynon
hilikotón,hiligaynon
bodivida,ilocano
segurado,cebuano
hinám-is,hiligaynon
pagbabanli,tagalog
kadaghanon,cebuano
ampaw,cebuano
simbad,tagalog
pahulaan,tagalog
hugáyaw,cebuano
balakubakin,tagalog
hugúm,hiligaynon
bindonggáda,hiligaynon
carne,ilocano
linotipyero,tagalog
bisting-bisti,tagalog
ulú-úlu,hiligaynon
matadíra,cebuano
súp-ay,hiligaynon
magpatago,tagalog
inkanto,tagalog
salukut,cebuano
kabalasikan,tagalog
singgái,hiligaynon
caballo,ilocano
maalon,tagalog
insekto,tagalog
sábdong,hiligaynon
niining adlawa,cebuano
piskal,tagalog
kalabantus,cebuano
dukal,tagalog
nailem,ilocano
kambabalo,tagalog
gampanan,tagalog
guro,cebuano
gasgas,cebuano
dipsomanya,tagalog
kalihaman,tagalog
panggal,cebuano
panagcadua,ilocano
"sagráda, -o",hiligaynon
apahap,tagalog
baskugáy,hiligaynon
pagsugsog,cebuano
giginto,tagalog
busína,cebuano
mannalon,ilocano
bisyoso,tagalog
hiyain,tagalog
umanay,ilocano
linteg,ilocano
baybay,ilocano
tulipsay,cebuano
maayop,tagalog
úlway,hiligaynon
maggawad,tagalog
pagpapanggap,tagalog
magbakal,tagalog
kahíta,cebuano
tabakéro,hiligaynon
suuban,tagalog
taguntun,cebuano
lumi,tagalog
awanan caipapanan,ilocano
lihok,tagalog
manghikayat,tagalog
bumulubod,tagalog
ngiwian,tagalog
bág-ang,hiligaynon
halabyogán,hiligaynon
diskárids,cebuano
timbengen,ilocano
dahilig,tagalog
patamnan,tagalog
galisin,tagalog
tanaw,cebuano
pangawat,cebuano
mabutingting,tagalog
pagtudlo,cebuano
adal ti panagoperar,ilocano
"awtumátik, awtumatiku",cebuano
buluhísan,hiligaynon
kahabugon,cebuano
aspili,tagalog
diyan,tagalog
halíp-ot,hiligaynon
klarin,tagalog
pantog,cebuano
kuntrular,cebuano
matabang lupa,tagalog
asetilen,tagalog
binílog,hiligaynon
batian,tagalog
bassit,ilocano
magbitling,tagalog
urong,tagalog
gumikan sa,cebuano
ganap na kawastuan,tagalog
tacawan,ilocano
nacabutbuteng,ilocano
Bulang Nagbibilog,tagalog
sapópo,hiligaynon
salalumón,hiligaynon
hákmal,hiligaynon
disetso,tagalog
lumpya,tagalog
bugó,hiligaynon
súkang,hiligaynon
bíngaw,hiligaynon
pagpadalag produkto sa laing nasod,cebuano
mut-uk,cebuano
panangawis,ilocano
wargung,cebuano
abubot,tagalog
súmpung,hiligaynon
tarapal,tagalog
sánghid,hiligaynon
yám-id,hiligaynon
lubong,cebuano
gastusin,tagalog
witris,cebuano
paagi,cebuano
walang-kasigla-sigla,tagalog
paghabi,tagalog
gile,tagalog
katapusang pasayod,cebuano
lampas sa matwid/matuwid,tagalog
tagasulat,tagalog
urayen,ilocano
kabron,tagalog
makadiyot,cebuano
panakaw,tagalog
dili sangkap,cebuano
may katam-is,cebuano
prinsipal,cebuano
kalandasan,tagalog
pagkakahate,tagalog
paghihinagap,tagalog
mahumok,cebuano
ungot,tagalog
igat,ilocano
pinlakin,tagalog
"alisdan, alisdi",cebuano
atraktiba,tagalog
serbisyo sibil,tagalog
ginútlan,hiligaynon
sa dili pa,cebuano
batán-on,hiligaynon
kamag-anak,tagalog
buot,cebuano
alyádus,cebuano
buteg,ilocano
talantun,cebuano
tableta,tagalog
muni-munihin,tagalog
panahong senesoiko,tagalog
asyenda,cebuano
vicio,ilocano
yugkap,cebuano
ikskambik,cebuano
talec,ilocano
puka,tagalog
pagkaon sa gabii,cebuano
dulaan,cebuano
politica,ilocano
búya,cebuano
maharos,tagalog
botónes,hiligaynon
kurtu,cebuano
sabog ang laway,tagalog
sókdol,hiligaynon
talù,cebuano
saplína,cebuano
alalahanin,tagalog
selopeyn,tagalog
matigil,tagalog
ganap,tagalog
piko,cebuano
patotoo,tagalog
agwásun,cebuano
harag,cebuano
nasayaat a buyaen,ilocano
barágbà,hiligaynon
búskad,hiligaynon
daog,cebuano
maabi,cebuano
yelohan,tagalog
iturong,ilocano
kahangalan,tagalog
tinudanon,cebuano
pagpudyot,cebuano
bayág,hiligaynon
kayagangan,tagalog
magpareha,tagalog
banidosa,tagalog
kapeteria,tagalog
nagkagidlay,cebuano
transkrip,cebuano
gústo,hiligaynon
pagpapakita,tagalog
talon,tagalog
singkáy-síngkay,hiligaynon
ulik-ulik,tagalog
gaúd,hiligaynon
panagsalimetmet,ilocano
mabahiran,tagalog
agdawat,ilocano
ginsákpan,hiligaynon
anhi,cebuano
salíkdò,hiligaynon
matino,tagalog
pakigsabut-sabut,cebuano
súhut,hiligaynon
nguso,tagalog
hirag,cebuano
gáwì,cebuano
bahin,cebuano
sikád-síkad,hiligaynon
aniko,tagalog
akoa,cebuano
gulayan,tagalog
ngalumbaba,tagalog
yápyap,hiligaynon
balokán,hiligaynon
blakmil,cebuano
sumamsam ng sandata,tagalog
ngulag,tagalog
iihi,tagalog
nagpamulak,cebuano
duas,cebuano
kita ti ania man a lista,ilocano
sób-on,hiligaynon
divorcio,ilocano
supot,ilocano
lángan,cebuano
búyò,hiligaynon
"garít, garítgarít",hiligaynon
pagtagkos,cebuano
gumigiliw,tagalog
"langkiya, langkiyà",cebuano
Kurihidur,cebuano
dagat,tagalog
litigasyon,tagalog
anak sa labas,tagalog
hilíng,hiligaynon
ambisyoso,tagalog
pagyaya,tagalog
iskoran,tagalog
damahan,tagalog
paglimbasog,cebuano
pagkasiraan,tagalog
labanus,cebuano
sanguen; liwliwaen,ilocano
babassit a tattao,ilocano
hanúsbò,hiligaynon
pagkalingat,tagalog
prendahanan,cebuano
kirurhika,tagalog
punuan,tagalog
makita,cebuano
bugasón,hiligaynon
kabus-ok,cebuano
síb-ot,hiligaynon
kaktus,tagalog
"umbangul, umbángul",cebuano
tribunal,cebuano
bumuo,tagalog
diplomatiko,tagalog
pinagdarausan,tagalog
samporádo,hiligaynon
dawdaw,cebuano
maltrato,tagalog
imando,tagalog
bayoton,cebuano
pahit,cebuano
pagpintal,cebuano
baclayen,ilocano
iccaten,ilocano
kumanti ng maingat,tagalog
lunangan,cebuano
biluhin,tagalog
inhenyero,tagalog
ulubásan,hiligaynon
dalusan,ilocano
sarabusáb,hiligaynon
hurisdiksiyun,cebuano
silaw,ilocano
panag-iya,cebuano
magbayo,tagalog
manghiyaw,tagalog
ibutones,ilocano
desinteresado,tagalog
bitáy-bítay,hiligaynon
trúpa,cebuano
pursisyun,cebuano
arun,cebuano
mamumulong,tagalog
matinabangon,cebuano
isaulo,tagalog
magkalupkop,tagalog
wala'y maliw,cebuano
girian,tagalog
patuka,tagalog
ti laud,ilocano
pahawa sa nasod,cebuano
pagpuasa,cebuano
pangamoy,tagalog
dackel a balay,ilocano
bumallasiw,ilocano
bás-il,hiligaynon
sagap,tagalog
abunansiya,cebuano
bágat,hiligaynon
matulusan,tagalog
sinaw,cebuano
hanáwo,hiligaynon
lansag,tagalog
carigatan,ilocano
palaisip,tagalog
limo-limo,cebuano
pasiuna,cebuano
úgsang,hiligaynon
búka,cebuano
pagbanwas,cebuano
diborsyado,tagalog
satanas,ilocano
nalaad a langa,ilocano
"solpéo, solpíyo",hiligaynon
pasumánu,cebuano
kulúkud,cebuano
sungbat,ilocano
iuli,tagalog
umunos,tagalog
bilyon,tagalog
pananda ng pagbabawas,tagalog
kamarúti,cebuano
asid,tagalog
sungbat,ilocano
ganyakin,tagalog
isu(babai),ilocano
kopya,tagalog
may maluwag na tornilyo,tagalog
kaabtik,cebuano
nanghuy-ab,cebuano
lulinghayaw,cebuano
tubuk,cebuano
burulan,tagalog
mag-alok,tagalog
agparintumeng,ilocano
bangkáw-bángkaw,hiligaynon
ulúpdon,hiligaynon
bihúku,cebuano
maglisaw,tagalog
koneksiyon,tagalog
kalaki,cebuano
sámbat,hiligaynon
hilíra,cebuano
kagana,cebuano
patabaen,ilocano
magpulupot,tagalog
bágyo-bágyo,hiligaynon
hulá-húla,hiligaynon
síday,hiligaynon
sumangin,tagalog
gríps,cebuano
kayan,tagalog
magulo,tagalog
linutong,cebuano
hábwà,hiligaynon
Pranses,tagalog
bílwa,hiligaynon
húnyo,hiligaynon
nasileng,ilocano
magkapilat,tagalog
isarita,ilocano
taliwálà,cebuano
dikabra,cebuano
humili,cebuano
pagkayas,tagalog
diyalektiko,tagalog
balay pahulayanan,cebuano
bilanggù,cebuano
kalay-kalay,cebuano
naata,ilocano
bahô-bahô,hiligaynon
tagaktak,cebuano
laswa,cebuano
padackelen,ilocano
pagkabulid,tagalog
salapid,cebuano
úgyon,hiligaynon
nagsasabula,tagalog
dinamo,tagalog
kiddawen,ilocano
tunggà,cebuano
ispíkir,cebuano
dulum,cebuano
tumalun-talon,tagalog
maghirap sa sakit,tagalog
sarasabádo,hiligaynon
may pagkabata,cebuano
inisin,cebuano
mekanikal,tagalog
kakab,tagalog
lakra,cebuano
bukahin,tagalog
rayray,ilocano
umimpit,tagalog
halatudandulús,hiligaynon
makaramdam,tagalog
tuoc,ilocano
lantaran,tagalog
sakbayan,tagalog
arapaap,ilocano
kambaser,tagalog
hiágum,hiligaynon
ingo ana,cebuano
lawriyat,cebuano
bálsa,hiligaynon
mainit,cebuano
bínggid,hiligaynon
soldado,ilocano
mabutig,tagalog
mapaso,tagalog
maagap,tagalog
hálin,hiligaynon
Argon,tagalog
ano man,tagalog
pagak,tagalog
sinto,tagalog
lungslib,cebuano
hinámput,hiligaynon
ninyong,cebuano
mag-alapaap ang loob,tagalog
lakwanan,cebuano
yangô,hiligaynon
pungtot,ilocano
Lintik ka,tagalog
bastánte,hiligaynon
ikanapulog lima,cebuano
gínit,cebuano
sa ubos,cebuano
gílok,hiligaynon
litaw na litaw,tagalog
sermón,hiligaynon
isilpo,ilocano
pakabuya,tagalog
gána,hiligaynon
litson,cebuano
walang-hinayang,tagalog
alinggánay,cebuano
baksir,cebuano
sikbit,cebuano
bandéra espanyóla,hiligaynon
kalambri,cebuano
caaduan,ilocano
"húyung, huyunghúyung",cebuano
gáng-gang,hiligaynon
tinghak,cebuano
lataan,tagalog
palikud,cebuano
bahù,cebuano
nasayod,cebuano
pugáhan,cebuano
prubitsǎr,cebuano
labasa,tagalog
allid,ilocano
durian,tagalog
pag-inom,tagalog
binayaráy,hiligaynon
isalacan,ilocano
gása,hiligaynon
pagkakaltas,tagalog
pili,ilocano
úpak,cebuano
pagkabaog,tagalog
tikúgas,cebuano
icasar,ilocano
pinpin,cebuano
ukit-ukit,tagalog
sulukasok,tagalog
uk-uk,cebuano
natangken,ilocano
sóbre,hiligaynon
magtraidor,tagalog
nag-awayay,cebuano
Klorin,tagalog
panangsinga,ilocano
ited,ilocano
surutin,tagalog
nairanta nga agpaay iti mabaiit,ilocano
sugung,cebuano
bumaliktad,tagalog
sipi,tagalog
kibul,cebuano
grútu,cebuano
memoryal,tagalog
pughaw,cebuano
bukangkang,tagalog
pasilangan,tagalog
sangagasut,ilocano
dili minyo,cebuano
súngdol,hiligaynon
handál-hándal,hiligaynon
guláman,hiligaynon
malagaya,cebuano
karwáhi,cebuano
padapain,tagalog
malulbon,cebuano
mapagbigyan,tagalog
tickitan,tagalog
biníal,hiligaynon
pagkuskus,tagalog
pakwan,cebuano
pading-pading,ilocano
daghan,cebuano
hárang,hiligaynon
pagtukod,cebuano
hukhuk,cebuano
tigisangdaan,tagalog
magpatikad,tagalog
sirbisyu,cebuano
barásu,cebuano
kiddaw,ilocano
irehistro,tagalog
disgustádu,cebuano
uluyatán,hiligaynon
sánay,hiligaynon
medya,cebuano
sugo,cebuano
ugedan,ilocano
saan a nakedngan,ilocano
lalong mabuti,tagalog
Walang-anuman,tagalog
tustahin,tagalog
mag-istensil,tagalog
lagot,cebuano
gingikánan,hiligaynon
hinarákhak,hiligaynon
tapalan,tagalog
yero,tagalog
húnta,hiligaynon
maca ay-ayo,ilocano
tunduk,cebuano
rebbengen,ilocano
bakir,ilocano
híkap,cebuano
habagatnánon,hiligaynon
madri kakaw,cebuano
batikál,hiligaynon
nagalis,ilocano
ginát-an,hiligaynon
huwisyo,tagalog
di-pagkakaakma,tagalog
lana,tagalog
profeta,ilocano
siudád,hiligaynon
litruhin,tagalog
sinágrit,hiligaynon
bakóg,hiligaynon
bukawe,tagalog
tabla,cebuano
mag-ukilkil,tagalog
pinauupahan,tagalog
lipat-lipat,cebuano
babaen daytoy,ilocano
diyeta,tagalog
idunghal,tagalog
bíkà,hiligaynon
pumagitan,tagalog
sa ilalum,cebuano
apaen,ilocano
kumite,tagalog
barághal,hiligaynon
di-mapag-nalinlanganan,tagalog
búngbung,hiligaynon
kisa,tagalog
suhay,tagalog
cacaycaywan,ilocano
igid ti dalan,ilocano
ang kalibotan,cebuano
pasagad,ilocano
alsahin,tagalog
iniksiyon sa ugat,tagalog
makipagkasundo,tagalog
"wánding, wandíng-wánding",hiligaynon
sórò,hiligaynon
isingit,tagalog
lupang-gubyerno,tagalog
palihay,cebuano
súng-ol,hiligaynon
magtingi,tagalog
barikan,tagalog
dautan nga tawo,cebuano
isuro,ilocano
makinang panlaba,tagalog
mamanduon,cebuano
simud,cebuano
kalunuran,tagalog
pampalamuti,tagalog
gapús,hiligaynon
mariyal,cebuano
salópsop,hiligaynon
salánga,cebuano
salúsò,hiligaynon
alad,ilocano
maicasangapulo ket lima,ilocano
mantel,tagalog
lídir,cebuano
makasamok,cebuano
karga,cebuano
pagkamasining,tagalog
binóro,hiligaynon
tupus,cebuano
tuman,cebuano
hulus,cebuano
nacabutbuteng; macapapatay,ilocano
awan bigbigenna a linteg,ilocano
"tsitsà, tsìtsà",cebuano
mokaylap,cebuano
pagtago,cebuano
waláy-wálay,hiligaynon
managpadto,ilocano
gipakaon og hilabihan,cebuano
dansa,tagalog
sílag,hiligaynon
di anad,cebuano
kalaskas,cebuano
nariri,ilocano
itarus,ilocano
kupas,tagalog
di-pakikipaglapit,tagalog
paaralan,tagalog
supsupin,tagalog
agpapan,ilocano
paghihinuli,tagalog
pag-imbayog,tagalog
tinggutom gutom,cebuano
iharap sa silangan,tagalog
bumalariid,tagalog
yudkap,cebuano
sáluk,hiligaynon
kahibawo,cebuano
basó-báso,hiligaynon
pag-atang,tagalog
pahak,cebuano
palid,cebuano
barungbárung,cebuano
bayí,hiligaynon
kapalaran,cebuano
monarkia,tagalog
hagit,cebuano
maasuang,tagalog
hiliwaán,hiligaynon
nacuneng,ilocano
namakpak,cebuano
dulse,cebuano
magpalayo ng damdamin,tagalog
pumirme,tagalog
mainaman,tagalog
dumala,cebuano
pagsuntok,cebuano
tumalak,tagalog
hukà,cebuano
bilat,cebuano
gamús,hiligaynon
gísrang,hiligaynon
wungwung,cebuano
kinapamihasnan,tagalog
gumikan niini,cebuano
latok,tagalog
tingag,cebuano
panindi,tagalog
bahág,hiligaynon
dis-iridar,cebuano
gusto pa,tagalog
trayinta,cebuano
salambaw,tagalog
bugáw,hiligaynon
símpon,hiligaynon
abalahin,tagalog
pagpunan,tagalog
mangaunti,tagalog
kuta,tagalog
bahaan,tagalog
arabal,tagalog
tigdawat,cebuano
sabal,cebuano
moapil,cebuano
gitata,tagalog
tagaakompanya,tagalog
magsuso,tagalog
hisáysay,hiligaynon
tigkal,tagalog
imong,cebuano
mapangitan,tagalog
bungon,ilocano
talko,tagalog
batalyun,cebuano
kahambugan,cebuano
kumbirtibli,cebuano
Mar.,cebuano
muna,tagalog
mangulaw,tagalog
dusta,tagalog
ilígal,cebuano
kahandugan,tagalog
babad,tagalog
pinagkrusan,tagalog
adimas,cebuano
udto na,cebuano
bannogen,ilocano
minuskula,tagalog
bumalawbaw,tagalog
pilantod,tagalog
Nurwígu,cebuano
suwabe,cebuano
talipa,tagalog
siksi,cebuano
maigi,tagalog
tiyakin,tagalog
tongtonganan,cebuano
hirig,cebuano
makuti-kutihon,cebuano
hinupáng,hiligaynon
naamang,cebuano
kapin kun kulang,cebuano
basang-basa,tagalog
búy-an,hiligaynon
gun-ob,cebuano
makalusot,tagalog
mangngagas iti mata,ilocano
punyos,cebuano
batasánon,hiligaynon
mapalit,cebuano
kumayod,tagalog
bahagimbilang,tagalog
ribusado,tagalog
immuna a caputotan,ilocano
hilinakayán,hiligaynon
radyo,tagalog
esklamasyon,tagalog
húmaw,hiligaynon
nalamuyot,ilocano
makauulaw,cebuano
baybayon,cebuano
saríbo,hiligaynon
grap,cebuano
karaniwang palakad,tagalog
paikot sa kanan,tagalog
bulbulong,ilocano
makitungo,tagalog
lupak,cebuano
hilasán,hiligaynon
tian,ilocano
hóhon,hiligaynon
teklado,tagalog
tuniláda,cebuano
palihog,cebuano
magnagwas,tagalog
kagul-anan,cebuano
saan nga am-ammo,ilocano
ilaan,tagalog
sángra,hiligaynon
urog,cebuano
sangcaawit,ilocano
dun-ag,cebuano
síngud,hiligaynon
bansay,cebuano
kwákir uts,cebuano
laghan,cebuano
púsud,cebuano
gani,cebuano
maalam,tagalog
kitsen,tagalog
sukat,tagalog
sindúgò,hiligaynon
matutuhan,tagalog
panagcasar,ilocano
gamay nga sanga,cebuano
biák,hiligaynon
dagitigalin,tagalog
sí tru,cebuano
pasilyo,tagalog
pagkalugon,tagalog
taliwala,cebuano
mamagaw,tagalog
panglisang,cebuano
limbungan,cebuano
nalagpi,tagalog
hinging sapili tan,cebuano
bulgon,hiligaynon
básì,hiligaynon
hugaw,cebuano
sakayánon,hiligaynon
bág-od,hiligaynon
tetanus,tagalog
sóksok,hiligaynon
halikwatin,tagalog
examen,ilocano
dabdab,cebuano
palwagen maipapan,ilocano
mapanis,tagalog
bugwal,cebuano
huyáw-húyaw,hiligaynon
kimpang,cebuano
sílog,hiligaynon
gadgaran,tagalog
santuka,tagalog
limulímu,cebuano
yáming,hiligaynon
kalamnan,tagalog
kita,ilocano
panurúsu,cebuano
ulalóng,hiligaynon
ipalista,tagalog
ukáng-úkang,hiligaynon
púsù,cebuano
gilaw-gilaw,cebuano
huádan,hiligaynon
kabus,cebuano
balabalin,tagalog
mag-abuluyan,tagalog
lihislatíbu,cebuano
mahandulong,tagalog
ramî,hiligaynon
pating,cebuano
úbre,hiligaynon
silid-kainan,tagalog
talimwang,tagalog
tunga sa tuig,cebuano
uhaw,cebuano
tanglas,cebuano
bilóg-bilóg,hiligaynon
swágit,cebuano
niwang,cebuano
bíslak,hiligaynon
hakhakan,tagalog
hilinumdúman,hiligaynon
bulig,cebuano
karabansus,cebuano
nabaybay-an,ilocano
batakán,hiligaynon
mangha,tagalog
sayit,cebuano
palamuhayan,tagalog
kúpug,cebuano
suwat,cebuano
hulíng-awít,hiligaynon
saan a naibilang,ilocano
kagulatan,tagalog
tanggihan,cebuano
(reservoir) tambac,ilocano
bulíd-bulíd,hiligaynon
kingking,tagalog
magdadabog,tagalog
pinasimang,cebuano
marulas,tagalog
maganyak,tagalog
mamalaka,tagalog
rubí,hiligaynon
"ribansa, ribansin",cebuano
kai-kailan lamang,tagalog
gabuk,cebuano
ing-ing,tagalog
listo,cebuano
magsandalan,tagalog
masakit,cebuano
"bút-an, bút-on",hiligaynon
púris rindyir,cebuano
hilt sintir,cebuano
maipapan iti panagicaro,ilocano
bolpen,cebuano
maharangan,tagalog
istampíta,cebuano
"húthut, hóthot",hiligaynon
madaling ibagay,tagalog
tukì,cebuano
senísa,hiligaynon
papel-de-bangko,tagalog
hulsil,cebuano
disenyo,tagalog
kinína,cebuano
bángon,hiligaynon
sagbut,cebuano
itali,tagalog
agbasbasa,ilocano
badlong,cebuano
ingli,cebuano
subásta,hiligaynon
mapalot,tagalog
sertipiko,cebuano
wáras,hiligaynon
hitúpul,hiligaynon
hayánghag,hiligaynon
húwap,cebuano
auto,ilocano
hospital dagiti agballa,ilocano
bolónbóon,hiligaynon
urug-úrug,cebuano
nataengan naluumen,ilocano
pairihin,tagalog
Sabado,ilocano
pagtiwalaan,tagalog
híyod,hiligaynon
umato,tagalog
bubung,cebuano
bátak,hiligaynon
mang-alila,tagalog
naisigud,ilocano
katig,tagalog
lapsaw,cebuano
hipokrita,cebuano
adgaw,cebuano
uláhi,hiligaynon
kabalagtasin,tagalog
ságway,hiligaynon
pagkaduling,tagalog
labing diyutay,cebuano
séptimo,hiligaynon
buni,tagalog
"hingúhà, hinguhâ",hiligaynon
manikyurin,tagalog
rábit,cebuano
silnag ti init,ilocano
balast,tagalog
sálo,hiligaynon
nalitnaw,ilocano
apagcanito,ilocano
malagas,tagalog
pagbukas sa sungsong,cebuano
anig-ig,cebuano
panaklolo,tagalog
salapó,hiligaynon
pagtanan,tagalog
ang pagsuma,cebuano
pagbuhat,cebuano
panukso,tagalog
kaha,cebuano
biránu,cebuano
mokuyanap,cebuano
gagmítuy,cebuano
bulugáhay,hiligaynon
amuma,cebuano
dumi,tagalog
bandéha,hiligaynon
sepultúra,hiligaynon
talangígù,cebuano
bakábáka,hiligaynon
maghumigit-kumulang,tagalog
hamulág,hiligaynon
naninibugho,tagalog
haluan,cebuano
gintang,cebuano
tinggalan,tagalog
halug,cebuano
bag-o,cebuano
bagulbulon,cebuano
bítok,hiligaynon
sulat,cebuano
bayâ-bayâ,hiligaynon
gatas,ilocano
lihain,tagalog
pagkakampante,tagalog
milagrosa,tagalog
rungkilyu,cebuano
san-u,cebuano
isursor nga ilaco,ilocano
háyon,hiligaynon
pagsakmit,cebuano
mapabuhos,tagalog
sóta,hiligaynon
iti kinapudnona,ilocano
dili pagdawat,cebuano
higdaánan,hiligaynon
binatog,tagalog
kumalambre,tagalog
dungug,cebuano
batíng-batingán,hiligaynon
gamay,cebuano
bicicleta,ilocano
tumo sa basahon,cebuano
Miss,ilocano
"síbo, síbò",hiligaynon
hanging palay-palay,tagalog
hunahuna,cebuano
tikúb,cebuano
huluyáon,hiligaynon
balhin,cebuano
nagtungha,cebuano
padatigan,tagalog
nakaharap,tagalog
kagaturan,tagalog
kuton,tagalog
sányag,hiligaynon
sardínas,cebuano
pabalikin,tagalog
inhenyo,tagalog
magsalubong,tagalog
kaykayin,tagalog
tendency,tagalog
sinúbung,hiligaynon
hubag,cebuano
mangarap nang gising,tagalog
pirac,ilocano
guyod,ilocano
magkaunawaan,tagalog
panapon,tagalog
paghisgut,cebuano
debo,ilocano
pagaaral sa klima at panahon,tagalog
agduyos iti maysa,ilocano
sánaw,hiligaynon
mahuli nang hindi handa,tagalog
magmanikyur,tagalog
ialay,tagalog
gúnting,hiligaynon
yang,hiligaynon
dyilirul,cebuano
magpaluksu-lukso,tagalog
yáno,hiligaynon
isa pa,tagalog
tipasaw,cebuano
panghinayangan,tagalog
kaera,cebuano
pagkabighani,tagalog
húsay,hiligaynon
agluom,ilocano
bungkaliw,cebuano
Bisayâ,hiligaynon
mansanas,tagalog
maipapan iti ama,ilocano
tamstak,cebuano
pagkaseryo,tagalog
mata,ilocano
sosyo,tagalog
sikóktot,hiligaynon
sulod sa,cebuano
nahilakip,cebuano
banag,ilocano
nahimuot,cebuano
bukál,hiligaynon
konspirasyon,tagalog
nakakamalay,tagalog
bilíbid,cebuano
úlay,hiligaynon
ulikíd,hiligaynon
súp-ay,hiligaynon
teka,tagalog
"abud, ábud",cebuano
hákul,hiligaynon
rakô,hiligaynon
aramiden,ilocano
taladaglatan,tagalog
dili mosugot,cebuano
makamatay,cebuano
agcari,ilocano
pakausisain,tagalog
madusdos,tagalog
ribóok,hiligaynon
sueldo,ilocano
háop,hiligaynon
manangipateg iti banag ti lubong,ilocano
langsi,cebuano
lídir,cebuano
gúrus,hiligaynon
mapagmabilis,tagalog
tidlum,cebuano
pultahan,cebuano
bíhag,hiligaynon
mapaningkamuton,cebuano
gilgil,tagalog
dríl,cebuano
magpaanak,tagalog
pagmahal,cebuano
sórot,hiligaynon
panumpa,cebuano
nagsubo,cebuano
misilang,cebuano
bahâ-bahâ,hiligaynon
mapangarapin,tagalog
gutás,hiligaynon
balukag,tagalog
iluwa,tagalog
kuha,cebuano
sugilanon,cebuano
hanumdúman,hiligaynon
panunot,ilocano
Maríya,cebuano
iti rabaw,ilocano
paglaray,cebuano
buklat,cebuano
lansita,cebuano
kamuy,cebuano
punda,cebuano
kahinatnan,tagalog
giós-gíos,hiligaynon
kudlis,cebuano
supang,tagalog
makapagturo,tagalog
lamian,cebuano
pintuk,cebuano
parabol,tagalog
unuonen,ilocano
igtitimaan,cebuano
umampias,tagalog
"sinsár, sínsar",hiligaynon
may-ung,cebuano
di-abot,tagalog
tabiós,hiligaynon
diko,tagalog
criminal,ilocano
danlug,cebuano
esposisyon,tagalog
pagtae,tagalog
kawalan ng kasanayan,tagalog
daldalera,tagalog
importer,tagalog
sánglà,hiligaynon
bansa,tagalog
taánay,hiligaynon
pangidlap,cebuano
hamulús,hiligaynon
magpiyansa,tagalog
pagsasalo,tagalog
agwardiyinti,cebuano
magpalakad,tagalog
tikbà,cebuano
sandia,ilocano
nalawa,ilocano
údal,hiligaynon
humagok,tagalog
pakikisama,tagalog
sáksi,hiligaynon
balónas,hiligaynon
supâ,hiligaynon
gálit,hiligaynon
magpakasawa,tagalog
casta met,ilocano
langbì,cebuano
aksesoryo,tagalog
pagkakakumpuni,tagalog
lyágay,cebuano
húmtan,hiligaynon
idukasya,cebuano
cangatuan iti saad,ilocano
pag-angkop,tagalog
gápus,hiligaynon
baktirya,cebuano
sagípit,hiligaynon
sílaw,hiligaynon
agpanunot,ilocano
mananakate,tagalog
hararókon,hiligaynon
pangen,ilocano
sábding,hiligaynon
maulahi,cebuano
magtunggaan,tagalog
tira,tagalog
magbigti,tagalog
pagkuskos,cebuano
bákud,cebuano
hamon,tagalog
tiwangwang,tagalog
ángat,cebuano
lumapot,tagalog
balót,hiligaynon
tangkal,cebuano
bacuna,ilocano
magpinid,tagalog
sabten,ilocano
ugdo,cebuano
agdaranudor,ilocano
kuwentahin,tagalog
nabalictad,ilocano
magtotoo,tagalog
gwayábas,hiligaynon
mahumal,tagalog
may gidak-on,cebuano
sintoma,tagalog
edad,cebuano
rasyon,cebuano
manyanita,tagalog
ekses,tagalog
maglaso,tagalog
markut,cebuano
ipagparangya,tagalog
gábhay,hiligaynon
bilihin,cebuano
pugsit,cebuano
kayda,cebuano
gubát,hiligaynon
pasyensya,tagalog
ruska,cebuano
túngu,cebuano
datapwa,tagalog
lisian,ilocano
pangilyúpù,cebuano
nagsangit,ilocano
bingkungan,tagalog
siáhà,hiligaynon
harángà,hiligaynon
bagbagin,tagalog
bitik,cebuano
bintuláwu,cebuano
háwak,hiligaynon
sápding,hiligaynon
makamatay,cebuano
matyag,tagalog
bingit,tagalog
masayahin,tagalog
diyadema,tagalog
doktor sa mata,cebuano
hádok,hiligaynon
makusog,cebuano
pag-entregahan,tagalog
kasíli,cebuano
cawes,ilocano
paghayag,cebuano
ulít,hiligaynon
agisipen,ilocano
katao,tagalog
sumbung,cebuano
magmataas,tagalog
linungkaban,cebuano
pamangkol,tagalog
panduruit,tagalog
tawasin,tagalog
lunasan,tagalog
payak,tagalog
sámbut,hiligaynon
himungá,hiligaynon
lungon,cebuano
igmamarka,cebuano
punyal,tagalog
hílhil,hiligaynon
panahon sa kalipay,cebuano
korea,tagalog
tig-ik,cebuano
abay,cebuano
tanda,ilocano
sulúndan,hiligaynon
saan,ilocano
umatindi,tagalog
hinungá,hiligaynon
sumungbat,ilocano
dayamanti,cebuano
kamaulawon,cebuano
dagúhub,cebuano
panag-atbang,cebuano
ilarawan,tagalog
butar,cebuano
kaluwangan,tagalog
napartac a taray,ilocano
karton,cebuano
súmpa,hiligaynon
súdyot,hiligaynon
gága,hiligaynon
banag,ilocano
pagtaracnan cadagiti ayup,ilocano
kiriwan,cebuano
bairan,cebuano
mabitiwan,tagalog
kapuslanan,cebuano
saláysáyon,hiligaynon
panlalansi,tagalog
sinsóro,hiligaynon
hinúptan,hiligaynon
numero,cebuano
guluyúron,hiligaynon
akawntant,tagalog
solopsópan,hiligaynon
híbag,hiligaynon
katurno,tagalog
kumita ng salapi,tagalog
kindang-kindang,cebuano
pagpaninguha,cebuano
paaduen,ilocano
balisang-balisa,tagalog
ako mismo,tagalog
hugúng,hiligaynon
dugos,cebuano
panangtungpal iti casar,ilocano
trapik,tagalog
kaosyosohan,tagalog
dikit-dikit,tagalog
subâ,hiligaynon
kulúkuy,cebuano
dili pares,cebuano
sirikpuyó,hiligaynon
nagngangalit,tagalog
huyhuy,cebuano
hinam,cebuano
linaon,ilocano
nag-aapoy,tagalog
padrunin,tagalog
bitín,hiligaynon
silyon,tagalog
ibalhin,cebuano
sangpulo ket maysa,ilocano
matimpiin,tagalog
panganti,cebuano
báwang,hiligaynon
halikhik,tagalog
bayo,tagalog
gising,cebuano
úruk,cebuano
hadahon,cebuano
anis,tagalog
kamaligin,tagalog
gamasan,tagalog
dulot,cebuano
bakwì,cebuano
alíid,cebuano
tubog,tagalog
pagsagot,tagalog
badbadán,hiligaynon
balukbuk,cebuano
lungkot,tagalog
lulanan,tagalog
pammanecnec,ilocano
brawon,cebuano
mapiog,cebuano
"tripilya, tripilyas",cebuano
bakaw-gabi,tagalog
bunggalu,cebuano
lumpuhin,tagalog
mahayag kaayo,cebuano
samuol,tagalog
bíyu,cebuano
salitang-balbal,tagalog
magasin,cebuano
masinop,tagalog
sapatílya,hiligaynon
sipupudno,ilocano
salamánka,hiligaynon
kilaw,tagalog
budyong,cebuano
húkmong,hiligaynon
laniw,cebuano
sipnget,ilocano
akap,tagalog
armáda,cebuano
silaw ti candela,ilocano
batak,tagalog
hápay,hiligaynon
gusto,cebuano
sinákup,hiligaynon
hakón-hákon,hiligaynon
sampokmáya,hiligaynon
maraming mailalaman,tagalog
kalag,cebuano
madumog,tagalog
holó-holó,hiligaynon
killo,ilocano
híwà,hiligaynon
luminis,tagalog
sigawan,tagalog
bagángan,hiligaynon
tinuig,cebuano
praktisin,tagalog
sinípit,hiligaynon
tsapstik,cebuano
kanonisasyon,tagalog
tumoy,cebuano
sumugpo,tagalog
simmanglad,ilocano
"híngyò, hingyô",hiligaynon
dayan-dayan,cebuano
basuríru,cebuano
biklatin,tagalog
itured,ilocano
angga,cebuano
milla,ilocano
síak,hiligaynon
haláblan,hiligaynon
kunsad,cebuano
hirdu,cebuano
panagdayaw,ilocano
lingguwista,tagalog
dalisay,cebuano
curiculum,ilocano
bánbin,hiligaynon
bantasan,tagalog
managot,tagalog
halungkakâ,hiligaynon
maagnas,tagalog
itim na laba,tagalog
kardinal,cebuano
bukobuko,cebuano
daanan,tagalog
cusiten,ilocano
ságsag,hiligaynon
nalimed,ilocano
bungang linugas (mais,cebuano
mamista,tagalog
impatsado,tagalog
probabilidad,tagalog
pihado,tagalog
napikal,cebuano
bagéu,hiligaynon
sigok,tagalog
aligatu,cebuano
carnero,ilocano
katastro,tagalog
mangisay,tagalog
magpadulas,tagalog
dramaturga,cebuano
magbubuhat,cebuano
sikaran,tagalog
búgway,hiligaynon
maparusahan,tagalog
kumaw,cebuano
itagis,tagalog
ragíngring,hiligaynon
karagatan,tagalog
mas himsog,cebuano
pagbuot,cebuano
kawalan ng karanasan,tagalog
suák,hiligaynon
pagkabalumbon,tagalog
brík,cebuano
bátbat,hiligaynon
patuyang,cebuano
sakáng,hiligaynon
lunod,ilocano
salubong,tagalog
saligang batas,cebuano
humalámpang,hiligaynon
pigsa,ilocano
gánas,hiligaynon
nagasat,ilocano
balingág,hiligaynon
panagtubo,ilocano
katagbawan,cebuano
ipako ang mata,tagalog
diwánag,cebuano
rugit,ilocano
gayod,cebuano
súkad,cebuano
Misa Resada,tagalog
pagaya,tagalog
mapilayan,tagalog
di-mapapayagan,tagalog
sulyak,tagalog
pagkamatatas,tagalog
puríku,cebuano
bángrus,hiligaynon
silyang-uway,tagalog
"búsgan, búsgon",hiligaynon
radical,tagalog
anúnang,cebuano
hinapos,cebuano
biyakis,tagalog
pagsasangkot,tagalog
sikatsikat,tagalog
aglisi,ilocano
halalínan,hiligaynon
gibungán,hiligaynon
kanya-kanya,tagalog
bungonen,ilocano
casango,ilocano
sakahin,tagalog
pagsitsit,tagalog
dalawit,tagalog
masakit,ilocano
himulák,hiligaynon
gapak,tagalog
marucop,ilocano
maica-sangapulo ket uppat,ilocano
kurso,tagalog
masacsakit,ilocano
sarángsang,hiligaynon
desente,tagalog
almagre,tagalog
tagtanim,tagalog
magmana,tagalog
singgleta,tagalog
mapiog,cebuano
pagkakaganito,tagalog
pakuan,tagalog
busalsal,tagalog
pang-uulol,tagalog
bádwan,hiligaynon
kulob,cebuano
obserbahin,tagalog
reduksiyon,tagalog
salbasyon,tagalog
baguntao,tagalog
sibsibanan,cebuano
ang sinulti,cebuano
patumangga,tagalog
pagkakaiba,tagalog
sabsaban,tagalog
pagkahaom,cebuano
kina-an(→),cebuano
kabisera,tagalog
naragsac,ilocano
gumumon,tagalog
húblag,hiligaynon
hákhak,hiligaynon
reenkarnasyon,tagalog
gírok,hiligaynon
laraw,tagalog
gúlung,hiligaynon
katulong,tagalog
agpaay,ilocano
magbabalak,cebuano
mapagalaw,tagalog
di-tunay,tagalog
taong tinawag sa pagsusundalo o pagmamarino,tagalog
idyomatik,tagalog
mausikon,cebuano
hísù,cebuano
úgtus,hiligaynon
kanulo,tagalog
bukuhin,tagalog
tuyok,cebuano
agsipud iti daytoy,ilocano
misis,cebuano
hibaloánan,hiligaynon
láran,cebuano
tispípar,cebuano
baka,cebuano
inislagan,cebuano
mahigpit,tagalog
manganak,tagalog
ugyab,cebuano
"gáuk, gaúk",hiligaynon
dayon,cebuano
pagpista,tagalog
panangtallicud,ilocano
papsikul,cebuano
baká-báka,hiligaynon
moda,cebuano
lalan,cebuano
umaabot,cebuano
kapit,cebuano
saloy galbahin,tagalog
midwayip,cebuano
ulípun,cebuano
sinísa,hiligaynon
palabaybayan,tagalog
Senyorito,tagalog
uháw,hiligaynon
magalit,tagalog
kalimbangan,tagalog
magpatugma,tagalog
sandalan,tagalog
maglalagda,cebuano
nagtaudan,ilocano
hirin,tagalog
Larga,tagalog
sángal,hiligaynon
sínit,hiligaynon
bantolínaw,hiligaynon
tul-id,cebuano
magpabuti,tagalog
"aglípay, aglipayánu",cebuano
matahum,cebuano
bigamiya,cebuano
sual,tagalog
báw-as,hiligaynon
"inhiniríya, inhinyiríya",cebuano
magdalang-tao,tagalog
obra,tagalog
bulínga,hiligaynon
sulting-hatud,cebuano
sumaláyhaw,hiligaynon
tulik,tagalog
morag tugnaw,cebuano
lainer,tagalog
ti panangidilig,ilocano
tunok,cebuano
anaa ka,cebuano
libgus,cebuano
timsung,cebuano
biká,hiligaynon
mamaestro,ilocano
durog,tagalog
batingting,tagalog
pausbaw,cebuano
sápnot,hiligaynon
lusug,cebuano
buya a nalawa,ilocano
bikat,tagalog
anguten,ilocano
saláksak,hiligaynon
in-grandi,cebuano
nimbo,tagalog
"alpiril, alpirin",cebuano
grado rain lusok,cebuano
bapor na pamglargada,tagalog
paradahan,tagalog
dalisay,tagalog
aron,cebuano
nakatinggal,tagalog
kaunting-kaunti,tagalog
unang gamit,cebuano
pag-uusisa,tagalog
puloy ti angin,ilocano
bútlà,hiligaynon
tamudmuron,cebuano
pyangaw,cebuano
palisya-lisya,tagalog
apo nga babaye,cebuano
sáb-og,hiligaynon
baláye,hiligaynon
tumawing-tawing,tagalog
util,cebuano
buwan,cebuano
bularanan,cebuano
balay sinimento,cebuano
ikskursiyun,cebuano
tipo,tagalog
tapong,tagalog
pabarwen,ilocano
sirain ang loob,tagalog
hubasanan,cebuano
hásang,hiligaynon
Pris.,cebuano
wala'y kuyaw,cebuano
mamadur,cebuano
hapuin,tagalog
hulubarón,hiligaynon
mag-aporo,tagalog
pagkabaliw,tagalog
layak,tagalog
panulsi,tagalog
salungkakâ,hiligaynon
bálhas,hiligaynon
puyo,cebuano
oeste,tagalog
napeggad,ilocano
hapón-hapón,hiligaynon
arkuhan,tagalog
awisen,ilocano
pirma,cebuano
usog,tagalog
cabakiran,ilocano
coral,ilocano
tanem,ilocano
lugaw,cebuano
makaahon,tagalog
ipan iti sabali a daga,ilocano
nang,tagalog
sánglay,hiligaynon
paniid,cebuano
"húbol, huból",hiligaynon
hambárò,hiligaynon
pud kuluring,cebuano
malipak,tagalog
sula,tagalog
minuyongan,ilocano
bóla,hiligaynon
parilya,tagalog
bandolin,tagalog
supu,cebuano
manggagaod,cebuano
nadayaw,ilocano
magpaligid-ligid,tagalog
appan,ilocano
mas sayon,cebuano
motapoy,cebuano
pagtimbang,cebuano
magmeryenda,tagalog
habíg-hábig,hiligaynon
lakgut,cebuano
sa muskulo,cebuano
sirain,cebuano
apúpa,cebuano
koralina,tagalog
angot,tagalog
iggaman a silalailo,ilocano
kalamigan ng loob,tagalog
espongha,cebuano
"baléu, báleu",hiligaynon
lambalin,tagalog
magkandila,tagalog
talungtong,tagalog
pag-uyam,tagalog
tagadawat,cebuano
kulang sa sukat,tagalog
púgad,cebuano
bukabularyu,cebuano
natiliw,ilocano
dugos,cebuano
hatók-hatók,hiligaynon
biskonde,tagalog
samóg,hiligaynon
patay nang ipanganak,tagalog
"bagâ-bágà, bagâ-bagâ",hiligaynon
galamiton,cebuano
"hamulít, hamúlit",hiligaynon
húbgon,hiligaynon
translasyon,tagalog
ragókrok,hiligaynon
garantisador,tagalog
Tsinito,tagalog
ipalawag,ilocano
rápta,hiligaynon
hilamonán,hiligaynon
bokogón,hiligaynon
panaginana,ilocano
síp-on,hiligaynon
salang pakaulaw,cebuano
paghabol,tagalog
biní-ak,hiligaynon
pabassiten,ilocano
puthawng ligwat,cebuano
panangnayon,ilocano
magtiwala,tagalog
saulog,cebuano
sulbong,cebuano
Batikano,tagalog
mag-akala,tagalog
gúhab,hiligaynon
makipagtunggalian,tagalog
siinayad,ilocano
"sakayánhángin, sakayán-hángin",hiligaynon
magkasa,tagalog
matinag,tagalog
ituy,cebuano
sedula,tagalog
saan a matay,ilocano
ruangan,ilocano
bagay sa,tagalog
nacabutbuteng,ilocano
kadi,tagalog
bobong ng yungib o kuweba,tagalog
himatong,tagalog
tuwatwa,tagalog
hudnohan,cebuano
kuwintasan,tagalog
hunáhon,hiligaynon
tinuyo,cebuano
lakbayin,tagalog
pagsugat,cebuano
lapoy,cebuano
maalam,cebuano
kíbul,cebuano
pagsuyo,tagalog
kulumnista,tagalog
agas,ilocano
sapot,cebuano
bulúkut,cebuano
palakpak,cebuano
pagkagastahan,tagalog
sundalo,cebuano
panangangaw,ilocano
búgnay,hiligaynon
purigit,cebuano
lawak sulodlan,cebuano
ibaligya,cebuano
bayukut,cebuano
dispiráda,cebuano
húyug,hiligaynon
saan uray inton caano,ilocano
tilitul,cebuano
piral,tagalog
tapak,tagalog
sepíyo,hiligaynon
salokót,hiligaynon
hálug,hiligaynon
píkut,cebuano
"sápior, sapiór",hiligaynon
biskwit,cebuano
barbula,ilocano
nacascasdaaw,ilocano
sekretáryo,hiligaynon
ulod sa langaw,cebuano
matin-aw,cebuano
bumubugno,cebuano
pangontra,tagalog
senyales,tagalog
demerit,tagalog
paryinti,cebuano
pagpakigsalo,cebuano
agbaniaga,ilocano
batia,ilocano
pagtatakap,tagalog
pangingirot,tagalog
banátad,hiligaynon
pangulo,ilocano
tuladen,ilocano
ganà,cebuano
alingísi,cebuano
kuralun,cebuano
dalapdap,tagalog
magbigay-diin,tagalog
nadayaw,ilocano
natuk,cebuano
pagpatay cadagiti microbio,ilocano
deboniyano,tagalog
tyimpu,cebuano
pagpamalansa,cebuano
pagtuo,cebuano
seisílyos,hiligaynon
himúyong,hiligaynon
pagkamahin,tagalog
tirintasan,tagalog
panghukay,tagalog
salók-salók,hiligaynon
tampihak,cebuano
kopyahanan,cebuano
tuway,tagalog
luksung-tinik,tagalog
subboten,ilocano
daghag asawa,cebuano
tubag,cebuano
bingít,hiligaynon
tumao,tagalog
hidúmdum,hiligaynon
maquina,ilocano
mata,cebuano
bíbo,hiligaynon
manulad,tagalog
interyor,tagalog
maayong pagkaminatuto,cebuano
gumulúà,hiligaynon
pango,tagalog
pagsalawahanan,tagalog
magkadamdamin,tagalog
un-ún,cebuano
panangputed arcos,ilocano
magkalugar,tagalog
pagsapakatanan,tagalog
kabatakan,tagalog
ariyos,cebuano
pag-oodit,tagalog
magmukmok,tagalog
dalang,ilocano
saláptan,hiligaynon
kasigurohan,cebuano
butas ng ilong,tagalog
gumagatang,ilocano
wágkos,hiligaynon
buwangan,cebuano
pagpangita,cebuano
guhitin,tagalog
mayang-paking,tagalog
gunggonna,ilocano
bihi-bihira,tagalog
gúbat,hiligaynon
iwarnac,ilocano
bunihin,tagalog
mikanismu,cebuano
paglaktaw,cebuano
maaaring makain,tagalog
tambal,cebuano
ilupi,tagalog
wala hiilhi,cebuano
hugyun,cebuano
pannacaituloy,ilocano
mamusangsang,tagalog
biká,hiligaynon
ang nagmaniho,cebuano
agencia,ilocano
hayag,tagalog
rekámra,hiligaynon
sukatan,tagalog
ituloy,tagalog
kimi,tagalog
sókbit,hiligaynon
resipyent,tagalog
sábid,hiligaynon
buteng,ilocano
pagpikitan ng mata,tagalog
moda,ilocano
hasiénda,hiligaynon
pasakitan,ilocano
kamisin,cebuano
huégo,hiligaynon
magalak,tagalog
úkud,hiligaynon
solókban,hiligaynon
pakikipagpalit,tagalog
maglamas,tagalog
sumbang,tagalog
pagpauten (ti bangcay),ilocano
manibago,tagalog
maghigugmaay,cebuano
salasa,cebuano
sinalagma,cebuano
policia,ilocano
relíkya,hiligaynon
sulip-it,cebuano
pinangga,cebuano
poder,tagalog
háguk,hiligaynon
lungag,cebuano
hamák or hámak,hiligaynon
hagugma,cebuano
kondom,cebuano
cauneg,ilocano
sapayan,cebuano
huráy-ad,hiligaynon
ílis,cebuano
pamimilosopo,tagalog
maanuran,tagalog
baráha,hiligaynon
superintendente,tagalog
kandili,tagalog
digos,ilocano
handuraw,cebuano
bulag,cebuano
maglalatik,cebuano
agaw-aw,tagalog
bigyang-dalamhati,tagalog
sunod,cebuano
panlimas,tagalog
matinahuron,cebuano
iccaten,ilocano
talimangin,tagalog
mapintal,tagalog
pangabat,cebuano
ipamaysa,ilocano
adelanto,tagalog
disimpektant,tagalog
buol,tagalog
ayat,ilocano
unsuy,cebuano
ited,ilocano
impormalidad,tagalog
pagpapakatao,tagalog
panagbain,ilocano
isiisi,cebuano
diliryu,cebuano
kimian,cebuano
kingki,tagalog
agdan,ilocano
gánggong,hiligaynon
may bakas,tagalog
tipak,cebuano
gā́y,cebuano
magsaliw,tagalog
masakiton,cebuano
malimpyo,tagalog
hudlótsíp-on,hiligaynon
magpatirintas,tagalog
bíngkas,hiligaynon
kinulti,tagalog
pagtelegrama,cebuano
nalatac,ilocano
haágum,hiligaynon
aginana,ilocano
Karbon,tagalog
liruliru,cebuano
kapote,tagalog
hindi makasiya,tagalog
depositong maasin,tagalog
kapilas,tagalog
hakhak,cebuano
tinguha,cebuano
sagad,tagalog
pagbagayin,tagalog
mitsa,cebuano
parehas kun sosama og kahulugan,cebuano
sinilas,cebuano
bukárong,hiligaynon
mahinlo,cebuano
magpakabayani,tagalog
trím,cebuano
tiyak,tagalog
paglungot-lungot,cebuano
sulít-súlit,hiligaynon
agamagam,tagalog
pakakanan,tagalog
taksi,tagalog
hawót-hawót,hiligaynon
pannacaisalacan,ilocano
tatangu-tango,tagalog
kwartil,cebuano
infierno,ilocano
bacras ti turod,ilocano
laksi,cebuano
libon,cebuano
sabut-sabut,cebuano
caarruba,ilocano
"hénero, heneró",hiligaynon
bentilador,tagalog
sulikáp,hiligaynon
calpasan,ilocano
sugbahanan,cebuano
kagùkù,cebuano
halasohasán,hiligaynon
pagsungkal,tagalog
sulumbúngon,hiligaynon
agsapul,ilocano
iumang,tagalog
magpanikelado,tagalog
hurista,tagalog
lihiya,tagalog
agtacaw,ilocano
bunga,ilocano
kadaghanan,cebuano
pansandali,tagalog
maghahawig,tagalog
ipag-utos,tagalog
madala,tagalog
sámba,hiligaynon
saniban,tagalog
nára,cebuano
panturo,tagalog
mula sa,tagalog
himunô,hiligaynon
rayumatiko,tagalog
waló,hiligaynon
lúbus,cebuano
aglawlaw,ilocano
pagputol,cebuano
ulingíd,hiligaynon
nang,tagalog
gusto nimo,cebuano
katinguban,cebuano
gilak,cebuano
katawanin,tagalog
aggaget,ilocano
limus,cebuano
gandahan,tagalog
siya,tagalog
saging,cebuano
komoda,tagalog
pagsagwan,tagalog
nagmamahinhin,tagalog
unya,cebuano
kalingawan,cebuano
sungáw,hiligaynon
dunya,cebuano
ulún,hiligaynon
parapara,cebuano
una nga pasundayag,cebuano
milusot,cebuano
gús-ab,hiligaynon
hántub,hiligaynon
pahalipay,cebuano
tapolan,cebuano
camaten,ilocano
sabat,tagalog
kigtoten,ilocano
nakahiwis,tagalog
pagkahuho,tagalog
sípra,hiligaynon
guot,cebuano
napasnec,ilocano
gulús-gúlus,hiligaynon
salik,cebuano
napuscol,ilocano
giasabidong,ilocano
la dawan,ilocano
elokusyon,tagalog
wahig,cebuano
sónson,hiligaynon
"urkista, urkistra",cebuano
wáw-waw,hiligaynon
yam-ammo,ilocano
dili malisud,cebuano
paset a macapicapic,ilocano
agsuec,ilocano
demonio,ilocano
magil-ason,cebuano
tinigiboses,cebuano
makabuluhan,tagalog
pagtan-aw,cebuano
cadsaaran ti sasacayan,ilocano
matuyo,tagalog
pagbureken,ilocano
ipasalubong,tagalog
solóng,hiligaynon
rista,cebuano
humarap sa katotohanan,tagalog
kustante,tagalog
mapagawalon,cebuano
"hínsan, hínson",hiligaynon
salukbitan,tagalog
magplantsa,tagalog
údhà,hiligaynon
maggiit,tagalog
súsi,cebuano
balíntong,hiligaynon
pumatrolya,tagalog
dama-de-notse,tagalog
naayat,ilocano
babai,ilocano
balanáw,hiligaynon
gáuy,hiligaynon
bugróngan,hiligaynon
bihuko,tagalog
palabahin,tagalog
Anunsiyasyon,tagalog
katigasan ng katawan,tagalog
pagpatibuhatan,tagalog
magpresupuwesto,tagalog
graduwar,cebuano
imbestigahan,tagalog
esperyensya,tagalog
bánhog,hiligaynon
ibon,tagalog
lispras,cebuano
kadaot,cebuano
Talaga,tagalog
tubig,tagalog
búgtoy,hiligaynon
dikta,cebuano
hámil,hiligaynon
bóog,hiligaynon
altu,cebuano
paggalbot,tagalog
nalucmeg,ilocano
paghigugma,cebuano
kontra ni,cebuano
aritmetica,ilocano
tinaptan,cebuano
ságad,hiligaynon
saynus,cebuano
anúhus,cebuano
letteg,ilocano
pagtutubog,tagalog
ibalulang,tagalog
paninikal,tagalog
magkadikit,cebuano
háklò,hiligaynon
bulbulón,hiligaynon
hamílì,hiligaynon
pagliso,cebuano
palamiisan,ilocano
makipag-areglo,tagalog
gura,ilocano
utnga,cebuano
ti agmaquinilla,ilocano
mangga,tagalog
yubit,cebuano
tuway,cebuano
di pay nayanac,ilocano
mapanlait,tagalog
bigkíl,hiligaynon
liyab,tagalog
salingtuud,cebuano
magluluto,cebuano
gunting,cebuano
darangan,tagalog
habhab,cebuano
sadya,cebuano
pingas,tagalog
linong,ilocano
sútsut,hiligaynon
budluy,cebuano
sid-uk,cebuano
diyutay,cebuano
sinimáng-simáng,hiligaynon
camuro,ilocano
buyúy,hiligaynon
basbas,cebuano
búdlang,hiligaynon
bánggan,hiligaynon
para sa akin,tagalog
balik-balik,cebuano
marcaan,ilocano
síngit,hiligaynon
katesismo,tagalog
angulunkulun,cebuano
hasô-hásò,hiligaynon
galyon,tagalog
masturbisyun,cebuano
gubat,cebuano
ikapinsala,tagalog
bilbilón,hiligaynon
sulit,tagalog
pagkulob,cebuano
magpalakad-lakad,tagalog
salibay,cebuano
kinahanglanon,cebuano
harianon,cebuano
tambur,cebuano
pagsamot,cebuano
aguroy,cebuano
dibirsiyun,cebuano
kababawan,tagalog
lagang,cebuano
gulung-gulo,tagalog
húkab,hiligaynon
kulutin,tagalog
anggid,cebuano
marugitan,ilocano
galingin,tagalog
batud,cebuano
lalahin,tagalog
bangko,cebuano
lálì,cebuano
carne ti urbon a vaca,ilocano
himúd-os,hiligaynon
cari a maisurat,ilocano
habagátnan,hiligaynon
tadlas,cebuano
paghiwi sa,cebuano
pagpapabilis,tagalog
lagsik,cebuano
ninyu,cebuano
manyahon,cebuano
pagkamayaman,tagalog
magturnilyo,tagalog
magbisikleta,tagalog
gunggung,cebuano
nadayaw,ilocano
agahan,tagalog
sukî,hiligaynon
gubyirnu,cebuano
nahiagoman,cebuano
law-ayan,cebuano
háyhay,hiligaynon
tipik,cebuano
paghahanap,tagalog
istukáda,cebuano
sarita,ilocano
sukatin ang lalim,tagalog
bátung,cebuano
pompiyang,tagalog
pagluganan,ilocano
bikarbonato,tagalog
pagliyag,tagalog
kanait,cebuano
manggagapas,tagalog
inay,cebuano
ubít,hiligaynon
lupi,tagalog
tiklop-tuhod,tagalog
dighal,tagalog
yagúm-at,hiligaynon
batík,hiligaynon
pepino,cebuano
paghahalap,tagalog
pagkabulag,tagalog
gambat,cebuano
gatel,ilocano
burdador,tagalog
agsarita,ilocano
agcaycay,ilocano
iungot,tagalog
ramanan,ilocano
blangko,tagalog
sapát-sapáton,hiligaynon
istupidu,cebuano
abel,ilocano
paga,tagalog
tampak,cebuano
purtúna,cebuano
pag-uusong,tagalog
ihikutíbu,cebuano
santisimo,tagalog
simbahan,cebuano
ralab-ásan,hiligaynon
to (suffix),ilocano
magreperi,tagalog
úgdang,hiligaynon
panangisucat,ilocano
basaw,ilocano
kadak-on,cebuano
taya,tagalog
kandaro,tagalog
hugáb-húgab,hiligaynon
baldádo,hiligaynon
rahá,hiligaynon
karong bag-o,cebuano
baba sa atay,cebuano
bádlis,hiligaynon
karunsing,cebuano
yáya,hiligaynon
atipaen,ilocano
iskomulgahin,tagalog
awanan iti panagyaman,ilocano
kantiyaw,tagalog
maka-Diyos,cebuano
lutok,tagalog
hanás-hánas,hiligaynon
danggas,cebuano
pangislit,cebuano
kabuno,tagalog
goma,cebuano
rórok,hiligaynon
aguy-uyaoy,ilocano
mamaalam,tagalog
isama,tagalog
panagpacatawa,ilocano
báhaw,cebuano
guráptan,hiligaynon
gamà,cebuano
Poon,tagalog
pagbuwag,cebuano
prisidinta,cebuano
bandera,ilocano
subido,tagalog
sakit-ulo,tagalog
sangko,tagalog
magkambas,tagalog
tampúung,cebuano
ránggà,hiligaynon
tagasawata,tagalog
alquitran,ilocano
magkurse,tagalog
tacklag,ilocano
talikod,cebuano
suliting-tanong,tagalog
kubiyertos,cebuano
hímil,hiligaynon
kiritkirit,cebuano
industriya,tagalog
bikil,tagalog
sa diing dapit,cebuano
lúnud,cebuano
kulu,cebuano
mapig-ut,cebuano
payikpik,tagalog
karpet,tagalog
magpaumanhin,cebuano
paglagakan,tagalog
kalapasan,cebuano
naparammag,ilocano
batinggílan,hiligaynon
gitangtang,cebuano
habyug,cebuano
bombero,ilocano
malansi,tagalog
bás-o,hiligaynon
trúpi,cebuano
sún-ad,hiligaynon
agdadait a babai,ilocano
metodikal,tagalog
mag-impit,tagalog
caadu wenno sucat ti panagagas,ilocano
mabistahan,tagalog
adjectivo,ilocano
saan a maicanada nga aramid,ilocano
rúgtas,hiligaynon
di pinapasukan ng hangin,tagalog
ráyo,hiligaynon
bagaso,tagalog
haláwhaw,hiligaynon
sandaigdig,tagalog
sumagip,tagalog
síngo,hiligaynon
mailaco,ilocano
sulting yagaw,cebuano
tulongan,ilocano
salíp-ong,hiligaynon
sangang-daan,tagalog
búgkos,hiligaynon
duklay,tagalog
líga,cebuano
lagsik,cebuano
isipit,tagalog
pahibalo,cebuano
presuhan,tagalog
paglusob,tagalog
mukmok,tagalog
ebidensiya,tagalog
burang,tagalog
balingkókok,hiligaynon
kaparang,cebuano
tayo,ilocano
kailan,cebuano
payhaw,cebuano
paghiapas,cebuano
kasiglahan,tagalog
búslo,hiligaynon
dráyir,cebuano
pagyubit,cebuano
melodiya,cebuano
magtuod,cebuano
imno,tagalog
lupang laan,tagalog
wala gapusa,cebuano
magmasahe,tagalog
sulúnò,hiligaynon
banyagang,cebuano
agpangpangato,ilocano
simi,tagalog
pastor,tagalog
Masoneria,tagalog
puphu,cebuano
calub ti mata,ilocano
Mabuhay!,tagalog
búnghay,hiligaynon
paset ti aparador,ilocano
mag-obertaim,tagalog
lagalag,tagalog
sabilisan,tagalog
among-among,cebuano
kumo,cebuano
bales panagicaro,ilocano
salcniban,ilocano
pamilya,cebuano
panagtawen,ilocano
talawan,cebuano
solát,hiligaynon
agsutsot,ilocano
maysa a kita ti nateng,ilocano
autonomia,tagalog
rinamák,hiligaynon
pag-inusara,cebuano
girimpula,tagalog
tabla,cebuano
pagyarda,tagalog
nasyonalisasyon,tagalog
agos,cebuano
bugô,hiligaynon
bóbo,hiligaynon
magpulipuli,cebuano
nuranti,cebuano
sigabu,cebuano
pagdakop,cebuano
agay uy!,cebuano
warát,hiligaynon
nahadlok,cebuano
títì,cebuano
laud-ispiker,tagalog
bíghal,hiligaynon
malupigon,cebuano
gán-it,hiligaynon
sákra,hiligaynon
paripa,tagalog
gwáb,hiligaynon
damit-panloob,tagalog
danogen,ilocano
básya,hiligaynon
pagaw,ilocano
sa kasingkasing,cebuano
tumapat,tagalog
kinabucnang gasat,ilocano
minúnga,cebuano
paghugong,tagalog
pagsalibay,cebuano
umayop,tagalog
kasumaran,cebuano
bag-íran,hiligaynon
impotente,tagalog
pagpusta,cebuano
banwag sa sumasakay,cebuano
fólio,hiligaynon
ahinti,cebuano
maisuro nga adalen,ilocano
dapuan,tagalog
milyahe,tagalog
sa tabi,tagalog
madaginuton,cebuano
bukal,cebuano
askarides,tagalog
pagkakagusto,tagalog
kwilyu,cebuano
agpayacpac,ilocano
tosino,ilocano
talibaan,tagalog
likay,cebuano
ipahakot,tagalog
nabu,cebuano
hawák,hiligaynon
leppasen,ilocano
sámbag,hiligaynon
pagkabagbag ng loob,tagalog
kábit,cebuano
buol-buol,cebuano
dunggab,cebuano
dili siguro,cebuano
talakop,tagalog
irugi,ilocano
makabunot,tagalog
luha,tagalog
lintar,cebuano
awit,cebuano
dip polt,tagalog
min-úpis,cebuano
butók-bútok,hiligaynon
anay,ilocano
duaan,ilocano
amáun,cebuano
pangunggu,cebuano
cadawyan,ilocano
pagpapabaya,tagalog
hilis,tagalog
singád-singád,hiligaynon
insiyur,cebuano
hantik,tagalog
pagkasuklam,tagalog
ragsac,ilocano
"balagangán, balagángan",hiligaynon
mansa,cebuano
binalatóng,hiligaynon
parrengen,ilocano
pontipikal,tagalog
taong may-malasakit,tagalog
pagvotasan,ilocano
ingon,cebuano
padulong,cebuano
sugúd,hiligaynon
macan,ilocano
linis,cebuano
mabundat,tagalog
bumbon,tagalog
eskina,tagalog
kanang-kamay,tagalog
hág-os,hiligaynon
alakáak,cebuano
aliwas,cebuano
simbaan,ilocano
mambababae,tagalog
garakgarak,cebuano
imposible,tagalog
pagtugpo,cebuano
hugyánan,hiligaynon
tudlang,tagalog
panutsa,cebuano
managpannackel,ilocano
apil-apil,cebuano
taklob ng makina,tagalog
buláw,hiligaynon
háplas,hiligaynon
itabon,ilocano
sílì,hiligaynon
úgoy,hiligaynon
pumito,tagalog
ngalukting,tagalog
buwisit,tagalog
sinimaskup,cebuano
pangraragsac,ilocano
panangdadael,ilocano
bisperás,hiligaynon
bumulabog,tagalog
butî,hiligaynon
aliw-iw,tagalog
paglista,cebuano
pinanggalingan,tagalog
alakdan,tagalog
búnlaw,hiligaynon
nasusuhulan,tagalog
lálà,cebuano
híphip,hiligaynon
"rekámara, rekamará",hiligaynon
nakababa,tagalog
saligotóng,hiligaynon
hustiyas,cebuano
hiplì,cebuano
saramúylo,hiligaynon
buluksíngan,hiligaynon
híngan,cebuano
batî,hiligaynon
sulánò,hiligaynon
sinyas,cebuano
narasuc,ilocano
giakseptar,cebuano
pagkauhaw,tagalog
bayô-báyò,hiligaynon
dilikado,tagalog
hídhid,hiligaynon
kútil,cebuano
pagsilang (ng -),tagalog
kinadak-an,cebuano
pugaran,cebuano
nangato,ilocano
magpalabis,tagalog
katanapan,tagalog
tinuhoan,cebuano
tinaglima,cebuano
mapagbigay-loob,tagalog
sángkay,hiligaynon
pagkaulila,tagalog
sanggaráyung,cebuano
magtaming iti libro ti compañia,ilocano
dibinidad,tagalog
masandata,tagalog
tumambak,tagalog
"búy-on, buy-ónan",hiligaynon
madalian,tagalog
puoran,ilocano
nakakapit,tagalog
tugnas,tagalog
binúhat,hiligaynon
kayril,cebuano
plaríti,cebuano
ramát-ramát,hiligaynon
casapulan,ilocano
dukesa,tagalog
mutya,cebuano
painas,tagalog
huwego,cebuano
pakikikamay,tagalog
plúhu,cebuano
bumacnang,ilocano
magdekorasyon,tagalog
humugot,tagalog
magsaisip,tagalog
sapút,hiligaynon
utok,cebuano
magkakupa,tagalog
bandera,cebuano
bumasbas,tagalog
báglot,hiligaynon
magpakaaba,tagalog
ngawa,tagalog
kadusta-dusta,tagalog
dug-ab,cebuano
pag-uga,tagalog
pagpapatuyo,tagalog
bagutbuton,cebuano
ginaúhaw,hiligaynon
damikay,tagalog
Siya na,tagalog
búgà,hiligaynon
bukiran,cebuano
rispunsu,cebuano
gamit sa kusina,cebuano
sumanib,tagalog
ibangon,tagalog
matilos,tagalog
busú,hiligaynon
nagbanagan,ilocano
ampiteatro,tagalog
salitri,cebuano
pagyabo,cebuano
riaw,ilocano
pagluwas,cebuano
bulingut,cebuano
ikabaylo,cebuano
"ragkót, rágkot",hiligaynon
may-piring,tagalog
pakita,cebuano
hornal,tagalog
humalik,tagalog
úbhon,hiligaynon
mapagpasunod,tagalog
kustǎr,cebuano
huwaran,tagalog
dug payit,cebuano
halindánaw,cebuano
tadyak,cebuano
awditin,tagalog
marhin,cebuano
hilamon,cebuano
pagmarka,cebuano
pangdugo,cebuano
laktaw,cebuano
pugo,ilocano
siít,hiligaynon
salúd,hiligaynon
palawakin,tagalog
himánsag,hiligaynon
pagkab-ot,cebuano
tataw,cebuano
santik,cebuano
nakakalat,tagalog
kanámù,cebuano
nakapupukaw,tagalog
katingad-an,cebuano
panakdo,cebuano
italec,ilocano
soól,hiligaynon
krus,tagalog
naulpit,ilocano
diktador,tagalog
"alam, alam",tagalog
bókbok,hiligaynon
hambuy,cebuano
hingári,cebuano
waáy-wáay,hiligaynon
hapón,hiligaynon
sungi,tagalog
warawára,cebuano
sakmit,cebuano
bola-bola ti mata,ilocano
ngayed,ilocano
kanti,tagalog
hadlok,cebuano
fórma,hiligaynon
luslos,tagalog
naregget,ilocano
dalang-galit,tagalog
tantu,cebuano
rinagíngring,hiligaynon
pagtahud,cebuano
ulús,hiligaynon
mansera,tagalog
gipalig-on,cebuano
sabuwat,tagalog
lain,cebuano
relic,tagalog
pagkalabnos,tagalog
bugnos,tagalog
krumyu,cebuano
aseyte,tagalog
kabusalsalan,tagalog
ukagán,hiligaynon
singki,tagalog
sako,tagalog
kakuyog,cebuano
banggit,tagalog
magmatuod,cebuano
senso,cebuano
dimig,tagalog
kidlap,cebuano
cadua,ilocano
silay,cebuano
sipres,tagalog
barik,tagalog
hagakán,hiligaynon
bulalo,cebuano
imbudo,ilocano
himugasâ,hiligaynon
milimiter,tagalog
santan,tagalog
mahinahon,tagalog
sibát,hiligaynon
tatuhan,tagalog
pungtot,ilocano
simot,tagalog
"suspitsa, suspitsǎr",cebuano
galera,tagalog
kabalian,tagalog
riri,ilocano
sahuy,cebuano
sambaliluhin,tagalog
kuwintas,tagalog
tigib,cebuano
tigpanagmal,cebuano
kaibuturan,tagalog
siyudad,cebuano
birtúd,hiligaynon
putikan,tagalog
mabaklas,tagalog
damhin,tagalog
bulákwit,hiligaynon
sálut,cebuano
pampataba,tagalog
duguin,tagalog
wala'y kuyog,cebuano
kulyar,tagalog
púnung,cebuano
busíru,cebuano
balilihan,cebuano
personal,cebuano
pakrus-krus,tagalog
panangisuro,ilocano
ramitramit,ilocano
itono,tagalog
Lunes,tagalog
sumumbal,tagalog
masulaw,cebuano
atrasádu,cebuano
silabo,tagalog
tulong,ilocano
"tuu, túu",cebuano
mag-anayad,tagalog
katarata,tagalog
ti maipagarup,ilocano
bókbok,hiligaynon
hanók-hanók,hiligaynon
kaduha,cebuano
layaw,tagalog
kaibog,cebuano
astri,cebuano
magyari,tagalog
bombilla,ilocano
rebbengen,ilocano
ragótnot,hiligaynon
sayu,cebuano
labsit,cebuano
pag-igo-igo,cebuano
koliplor,tagalog
sakay,cebuano
búhat,hiligaynon
magbago,tagalog
hagpà,cebuano
magtakal,tagalog
mumugin,tagalog
paglilinis,tagalog
pundol,cebuano
pagsugabang,tagalog
uháy,hiligaynon
kawang,cebuano
. alipugpog,ilocano
masaklaw,tagalog
bag-óran,hiligaynon
nitso,cebuano
mangngilot,ilocano
Dra.,cebuano
lagay na loob,tagalog
Pinoy,tagalog
itampok,tagalog
kasangay,tagalog
bruas,tagalog
rímpual,hiligaynon
depositong epitermal,tagalog
sacbay ti agmatuon,ilocano
pammanecnec,ilocano
balálaw,hiligaynon
bakíya,hiligaynon
rigáhot,hiligaynon
bangíl,hiligaynon
mikasita,tagalog
pagbayad,ilocano
hulog,tagalog
gilingang-bato,tagalog
mamustura,tagalog
tipanu,cebuano
dakes,ilocano
súbak,cebuano
bingwitin,tagalog
kasuko,cebuano
platito,ilocano
ulúmhon,hiligaynon
banban,cebuano
bandido,tagalog
pakikibagay,tagalog
agburac wenno agsucog iti bato,ilocano
bulwag,tagalog
salúpap,hiligaynon
ubús-ubús,hiligaynon
mag-agapay,tagalog
immuna iti panagparang,ilocano
bulig,ilocano
pumuti,tagalog
pagpapahintulot,tagalog
pakitang-gilas,tagalog
bain-bain,ilocano
batohón,hiligaynon
pammalubos iti panagviaje,ilocano
úlang,hiligaynon
ang pagsugot,cebuano
hilbana,tagalog
hinlù,cebuano
magparikonosi,tagalog
may-sakit,tagalog
paghangoy,cebuano
catalogo,ilocano
tinghad,tagalog
isipin,tagalog
tipi,tagalog
kahil,cebuano
lumbang,tagalog
walang-takip,tagalog
gumatang,ilocano
salitang-bata,tagalog
sihág,hiligaynon
tawid,ilocano
panglimbasog,cebuano
mahili,tagalog
sábnit,hiligaynon
beriberi,tagalog
inasal,cebuano
tigbantay,cebuano
iisang dugo,tagalog
galauran,tagalog
hating-bilang,tagalog
maipagpatuloy,tagalog
lawus,cebuano
pagmumukha,tagalog
itsura,tagalog
democracia,ilocano
koryentihin,tagalog
pahat,cebuano
nasukir,ilocano
kag-ang,cebuano
paglalang,tagalog
pigsa,ilocano
naruot,ilocano
mahina ang tuhod,tagalog
lawis,cebuano
súrit,cebuano
pagsisihan,tagalog
lumluman sa manok,cebuano
altu,cebuano
pagdagusan,ilocano
tikug,cebuano
buringót,hiligaynon
candidato,ilocano
patangkenen,ilocano
kamrut,cebuano
makabot,cebuano
kultihan ng balat,tagalog
pagsanayan,tagalog
panangpatalaw,ilocano
lansa nga ababa,ilocano
kaarawan,tagalog
kalakal-panluwas,tagalog
him-an(→),cebuano
gininhawa,cebuano
pang-usa'y asawa,cebuano
túkib,cebuano
ginumón-gúmon,hiligaynon
makaisip,tagalog
naranggas panagpatay iti adu,ilocano
tanghas,tagalog
maglagablab,tagalog
maneobra,tagalog
pagbabag,cebuano
managpanunot,ilocano
isalacan,ilocano
maiba,tagalog
angkupan,tagalog
sinugo,cebuano
sagíl-om,hiligaynon
ketungin,tagalog
dumimol,tagalog
bugól-bugól,hiligaynon
hilahin,tagalog
eksterno,tagalog
búyla,hiligaynon
parigilid,tagalog
babalawen,ilocano
magdadamo,tagalog
panghambug,cebuano
dong,cebuano
daytoy,ilocano
maicadua,ilocano
singin,ilocano
bayabay,ilocano
nadayaw,ilocano
papanawen iti maysa nga ili,ilocano
paghabol,tagalog
torista,cebuano
tali,ilocano
pansayan,cebuano
pampasigla,tagalog
nakarehistro (ang -),tagalog
sayid bit,cebuano
lubay-lubay,cebuano
matarung,cebuano
linog,cebuano
ti tu-tulong,ilocano
paghulga,cebuano
pugong,cebuano
natirad,ilocano
salápid,hiligaynon
halánì,hiligaynon
alkuntra,cebuano
pagbabanghay ng pandiwa,tagalog
andoon,tagalog
ángal,cebuano
binaslanáy,hiligaynon
iihip,tagalog
pirihisyu,cebuano
páak,cebuano
memoryahin,tagalog
tigpatanto,cebuano
lak-ab,cebuano
sakal-sakal,tagalog
malaksot,cebuano
isumbong,tagalog
halayo,cebuano
kayawa,tagalog
matinaw,cebuano
Asyan,tagalog
teleskopyo,tagalog
ugáling,hiligaynon
matinumanon,cebuano
magbenda,tagalog
wád-an,hiligaynon
gisangyaw,cebuano
liptung,cebuano
patigmaan,ilocano
umistima,tagalog
magnolia,tagalog
labes,ilocano
yádì,hiligaynon
malisyosa,tagalog
bakilí,hiligaynon
depende,tagalog
singkayóng,hiligaynon
rumblun,cebuano
ulang,cebuano
húslò,hiligaynon
panaglaban,ilocano
tirik,tagalog
baldúsa,cebuano
kainit,cebuano
asetileno,tagalog
subang,ilocano
bakíya,hiligaynon
barikótot,hiligaynon
hámlò,hiligaynon
paltugan,ilocano
sa kabilang dako,tagalog
símbog,hiligaynon
hinamad,tagalog
tingkuy,cebuano
solók-solók,hiligaynon
damagan,cebuano
panunubok,tagalog
kalig-unan,cebuano
tumoy sa tiil,cebuano
pangingilig,tagalog
ugma,cebuano
kinaadu,ilocano
agculculot,ilocano
mapulbos,tagalog
súlhay,hiligaynon
nalucneng,ilocano
kantalíta,cebuano
pangimay,tagalog
butang,cebuano
sagad,tagalog
panggambala,tagalog
katigbì,cebuano
municipio,ilocano
astronomo,tagalog
kalapi,cebuano
demokrasya,cebuano
sakuting,cebuano
bokóg,hiligaynon
boykoteo,tagalog
magdeklama,tagalog
siraratan,ilocano
paputawen,ilocano
Katoliko,cebuano
abut,ilocano
dautan kaayo,cebuano
segúndo,hiligaynon
yúyù,cebuano
ratsar,cebuano
bwilta,cebuano
"halung, hálung",cebuano
taga Hapon,cebuano
sulúndon,hiligaynon
sumapok,tagalog
salta,cebuano
ligaw,cebuano
agandap,ilocano
magbalitaktakan,tagalog
títu,cebuano
pagtago,cebuano
harókhok,hiligaynon
hálit,hiligaynon
paset,ilocano
Marso,tagalog
mamuno,tagalog
gulang,cebuano
paltat,ilocano
mangangalakal sa pakyawan,tagalog
manganamnama,ilocano
sampáton,hiligaynon
sumagitsit,tagalog
ramay-ramayan,tagalog
daginot,cebuano
hámò,hiligaynon
bituon,cebuano
sapnan,cebuano
perno,cebuano
warángal,hiligaynon
ikabalik,tagalog
tugtog sa agoniyas,cebuano
abunado,tagalog
Pariseo,tagalog
boling,tagalog
puyit,cebuano
diyus,cebuano
ipaatubang,cebuano
pahayag,cebuano
immuna a natingiting,ilocano
"sintripugal, sintripyugal",cebuano
inupas,tagalog
dunor,ilocano
lubi,cebuano
yagang,tagalog
samlági,hiligaynon
pag-uyon,cebuano
pagbintay,tagalog
barang,cebuano
pugto,tagalog
makisango,ilocano
línaw,cebuano
imbaháda,cebuano
salipsipón,hiligaynon
hádkan,hiligaynon
tuon,cebuano
itawid,tagalog
eskomunikesyon,tagalog
botó,hiligaynon
bagahán,hiligaynon
tubbog,ilocano
hinalagá,hiligaynon
igpapadasig,cebuano
saan a pudno,ilocano
iplì,cebuano
úkub,hiligaynon
híkam,hiligaynon
panagbibilang,ilocano
aglalailo,ilocano
adbintista,cebuano
rabit,cebuano
hamúg,hiligaynon
síbà,hiligaynon
pleges,tagalog
kridinsiyal,cebuano
gumiray-giray,tagalog
hatsa,cebuano
gará-gára,hiligaynon
sálag,hiligaynon
maggiba,tagalog
ulún,hiligaynon
kamuntay,tagalog
aglaclaco ken aggatang,ilocano
ahensiya-de-empenyos,tagalog
tableta,ilocano
salok,tagalog
tsiminea,tagalog
tuparin,tagalog
langgì,cebuano
luminlang,tagalog
lambíyung,cebuano
pag-apil,cebuano
lagiting,cebuano
kaso,tagalog
tablón,hiligaynon
búni,cebuano
hurón-húron,hiligaynon
nanang,ilocano
sapang,cebuano
sapupuhin,tagalog
sabihing muli,tagalog
mataos,tagalog
likit,tagalog
walawala,tagalog
bikatot,tagalog
mangituray,ilocano
palabasen,ilocano
garaló,hiligaynon
wángal,hiligaynon
addang,ilocano
bugaw,tagalog
estudyante,cebuano
paham,tagalog
alambre,tagalog
sama ng kalooban,tagalog
pagpalit,cebuano
kundinsáda,cebuano
panagturay,ilocano
unsyon,tagalog
maghatag,cebuano
kapit-os,cebuano
magpamura,tagalog
paglaga,cebuano
sa kamatayon,cebuano
salíg,hiligaynon
inklinar,cebuano
habol,cebuano
punlas,cebuano
ibalikuko,tagalog
idagadag,ilocano
tatsa,cebuano
manuwal,cebuano
balay a paabangan,ilocano
tagapaghalaga,tagalog
maukit,tagalog
siluan,ilocano
rumuar,ilocano
mutùmútù,cebuano
nakayuko,tagalog
ikaapat na bahagi,tagalog
trapal,tagalog
iba pa,tagalog
dinamo,cebuano
tampalas,cebuano
dunluk,cebuano
sugmaw,cebuano
teritoryo,tagalog
papagyeluhin,tagalog
sinauna,tagalog
pagdiringas,tagalog
panálang,cebuano
hínay,hiligaynon
karima-rimarim,tagalog
ragósros,hiligaynon
palabra,cebuano
borón,hiligaynon
pagkampuhan,tagalog
harúpuy,hiligaynon
síd-ing,hiligaynon
hakús,hiligaynon
pang-unawa,tagalog
sanga-sanga,tagalog
dismenorea,tagalog
piko,tagalog
pagliliwaliw,tagalog
yatíng-yatíng,hiligaynon
balikawkaw,tagalog
pikoy,cebuano
sinágto,hiligaynon
madagil,tagalog
dasalin,tagalog
ungatan,ilocano
bakáng,hiligaynon
mapilitan,tagalog
búud,cebuano
sangcabassit,ilocano
siasino man,ilocano
ipidimya,cebuano
sayongan,ilocano
bángrus,hiligaynon
proton,tagalog
agtutulad,ilocano
makinilya,tagalog
namatay,tagalog
hugunhúgun,cebuano
gitgit,cebuano
rása,hiligaynon
pagmamalabis,tagalog
gáhub,cebuano
bithay,tagalog
mag-alab,tagalog
mingok,cebuano
lukublukub,cebuano
lanubo,tagalog
piso,cebuano
kusnit,cebuano
limutin,tagalog
gapusin,tagalog
bumabagakbak,tagalog
pambayle,tagalog
magligaw,tagalog
nagdas-og,cebuano
kratsis,cebuano
alkalde,tagalog
debate,ilocano
bakbak,cebuano
pagyabo,cebuano
súghut,hiligaynon
tselo,tagalog
muwestra,cebuano
marungisan,tagalog
paghunahuna,cebuano
paingon sa gawas,cebuano
glandula,tagalog
mampud,cebuano
magmumog,tagalog
himutíg,hiligaynon
agadal,ilocano
panambal,cebuano
caadayo,ilocano
disiplina,tagalog
sa inyo,tagalog
pagkuray,cebuano
balictad,ilocano
sa itaas,cebuano
símsim,hiligaynon
bobóng,hiligaynon
maudi a canta,ilocano
iti uneg,ilocano
magkinakapatid,tagalog
higót,hiligaynon
pagpapayaman,tagalog
tiglakat nga natulog,cebuano
awan ti saritaan,ilocano
hilít-hilít,hiligaynon
mag-utos,tagalog
migkap,cebuano
ubos,cebuano
konsorte,tagalog
bularat,cebuano
naud-udi,ilocano
talang,tagalog
agpalabas,ilocano
kahapdos,cebuano
mga kabanay,cebuano
kiddawen ken urnongen,ilocano
naculbet,ilocano
siga,tagalog
nagkadaot,cebuano
matigtig,tagalog
iwarnac,ilocano
wala magpaila,cebuano
tumpak,tagalog
wala'y sama,cebuano
tendensiya,tagalog
desdes,ilocano
buod,tagalog
lithayop,tagalog
niya,cebuano
pisara,ilocano
panagdardaras,ilocano
sunurang salikop,tagalog
napapabayaan,tagalog
matuyot,tagalog
hagmuyù,cebuano
opisyalmente,cebuano
ikasampu,tagalog
magbataan,tagalog
pagpadako,cebuano
kubot,tagalog
bakalaw,cebuano
kagatin,tagalog
balághan,hiligaynon
paglagus-lagusan,tagalog
biscuit,ilocano
yumù,cebuano
pagkakapagpalabas,tagalog
kawihian,cebuano
batadbátad,cebuano
makahat,tagalog
káping sú,cebuano
basás,hiligaynon
sád-ang,hiligaynon
kapot,cebuano
angawen,ilocano
makipaghiwalay,tagalog
batolito,tagalog
pagsira ng loob,tagalog
bumabaw,tagalog
paglaom,cebuano
balos,cebuano
dátù,cebuano
sugod,cebuano
baláat,cebuano
asoge,cebuano
kagiliwan,tagalog
kiskis,cebuano
karlang,cebuano
rigodón,hiligaynon
hárì,hiligaynon
kabaybayonan,cebuano
pagsasagutan,tagalog
búngug,hiligaynon
supút-súput,hiligaynon
mamamakyaw,tagalog
isis,tagalog
lider,ilocano
karetahin,tagalog
salig,cebuano
taxi,tagalog
luto,tagalog
pahiran ang ilong,tagalog
linged,ilocano
sa puhunan,tagalog
balibag,cebuano
likub,cebuano
ipaghakot,tagalog
imperyal,tagalog
súmbung,hiligaynon
bayad,ilocano
pagusik-usik,cebuano
pagsugba,cebuano
pag-aari,tagalog
tustus,cebuano
kapa-kapain,tagalog
ipakita,cebuano
lungùlungù,cebuano
toldahan,tagalog
silalamolamo,ilocano
panecnecan,ilocano
mitapos,cebuano
istudiyu,cebuano
búting,cebuano
itunos,ilocano
itlog sa lalaki,cebuano
makalugod,tagalog
dum-ug,cebuano
ang panilian,cebuano
pang-apula,tagalog
hán-ay,hiligaynon
papagduduwalin,tagalog
ikakawhaan,cebuano
karamihang-tao,tagalog
tabládo,hiligaynon
suminag,tagalog
iguhit,tagalog
sira,tagalog
pinagakpak,cebuano
daya,tagalog
magna,ilocano
saplad,tagalog
iggaman,ilocano
baliko,cebuano
bantúlay,cebuano
verbo auxiliar (adu),ilocano
paglabay,cebuano
gayón,hiligaynon
bantul,cebuano
emerhensiya,tagalog
elemento,tagalog
gáhud,hiligaynon
pagdagisunin,tagalog
dalmatika,tagalog
huyó-huyó,hiligaynon
novio,ilocano
taway,tagalog
sirbátu,cebuano
pangugipon,cebuano
kalipay,cebuano
bíkat,hiligaynon
paílub,cebuano
kaysasa,tagalog
kagyos,tagalog
lumublob,tagalog
paayen,ilocano
butbuton,cebuano
Miss,tagalog
kaguol,cebuano
campana,ilocano
kombustyon,tagalog
adiyos,cebuano
húgas,hiligaynon
tagicuaen,ilocano
bisió-bísio,hiligaynon
nakabibingi,tagalog
palug,cebuano
pagpangita,cebuano
pakabundatin,tagalog
ahente,cebuano
"kyawkaw, kyawkyaw",cebuano
ungguwintu,cebuano
babassit a mulmula,ilocano
barang,cebuano
bál-ong,hiligaynon
pagmamapuri,tagalog
amasona,tagalog
hágò,hiligaynon
abot,cebuano
nacaipasdec,ilocano
palagpot,cebuano
anagen,ilocano
nasken,ilocano
buntis,cebuano
pimbríra,cebuano
kris,tagalog
kutsilyong panghiwa,tagalog
kani,cebuano
las-ung,cebuano
duna,cebuano
ladawan,ilocano
pakapitin,tagalog
agtataeng iti baybay,ilocano
hákwat,hiligaynon
pili,tagalog
madrina,tagalog
mabahala,tagalog
makilimos,cebuano
tipik,cebuano
bugnù,cebuano
gawing legal,tagalog
pagpatubo,cebuano
patira,tagalog
hángos,hiligaynon
nikeladuhin,tagalog
karang,tagalog
calalainganna,ilocano
makinabang,tagalog
sirgwélas,hiligaynon
mayapakan,tagalog
pag-agay,cebuano
hála,hiligaynon
dayeg,cebuano
abaga,ilocano
ruyda,cebuano
paggraduwar,cebuano
galak na galak,tagalog
batiáy,hiligaynon
manalapang,tagalog
kirubínis,cebuano
panunot,ilocano
bák-it,hiligaynon
gahapon sa buntag,cebuano
salaolóhon,hiligaynon
pasinaya,tagalog
tulis ng tore,tagalog
ripa,cebuano
karwas,cebuano
pagtarok,cebuano
pannacaawis,ilocano
lagap,tagalog
ipusta,tagalog
ibakwisyun,cebuano
adayo,ilocano
panagtalon,ilocano
kaluntian,tagalog
karas,cebuano
propesyonal,tagalog
ania man a banag nga atiddog ken akikid,ilocano
sabot,cebuano
takmul,cebuano
pangiblat,cebuano
malunok,tagalog
"bugul, búgul",cebuano
tirante,ilocano
linya,cebuano
naanus,ilocano
súnok,hiligaynon
mando,cebuano
tuma,tagalog
bantay,ilocano
linikha,tagalog
gansilyo,cebuano
sorbéte,hiligaynon
alayon,cebuano
gangtan,ilocano
balino,tagalog
papanganakin,tagalog
sipon,tagalog
bálì,cebuano
údkan,hiligaynon
gómon,hiligaynon
pinikito,cebuano
kunu,cebuano
natatakot,tagalog
kagasuhan,tagalog
hanlas,cebuano
kunis,cebuano
makalilingaw,cebuano
maayo,cebuano
penoy,tagalog
panlunan,tagalog
maglaro ng apoy,tagalog
panangiturong,ilocano
pagdali,cebuano
diding,ilocano
búni,hiligaynon
maikling drama,tagalog
kibkib,cebuano
aguyec,ilocano
napangilakan,tagalog
yaalsa,ilocano
balay prendahan,cebuano
taklà,cebuano
alip-ip,cebuano
bugól,hiligaynon
bolánte,hiligaynon
pagbobrodkast,tagalog
baldíyu,cebuano
luwas,tagalog
simanahán,hiligaynon
anino,tagalog
uhaw,tagalog
ang pagluwat,cebuano
pagigadan,ilocano
sagámsam,hiligaynon
operacion,ilocano
toyo,ilocano
malimbasugon,cebuano
dilingkuwensiya,tagalog
magistrado,ilocano
silahis,tagalog
fusíl,hiligaynon
lisol,tagalog
símba,hiligaynon
bulíbud,hiligaynon
dale,tagalog
mainat-inat,cebuano
lipaten,ilocano
pannacaitagay,ilocano
luha,tagalog
libítus,cebuano
magtutultol,cebuano
pudno,ilocano
gahi,cebuano
gurruod,ilocano
isurat,ilocano
panalamban,cebuano
ulitawo,cebuano
bulánon,hiligaynon
magluwas,tagalog
duladula,cebuano
cudcuden,ilocano
húgaw,hiligaynon
tabas,cebuano
paksi,cebuano
galimgim,tagalog
uken,ilocano
súnghon,hiligaynon
bíngkit,hiligaynon
búnus,cebuano
batasan,cebuano
istip,cebuano
halangarón,hiligaynon
sukbitan,tagalog
butáng,hiligaynon
bulyawan,tagalog
gamatoy nga iring,cebuano
laaglaag,cebuano
bang-ug,cebuano
wális,hiligaynon
sekundarya,tagalog
yumao (ang -),tagalog
nacaay-ayo,ilocano
tudling,tagalog
bastoson,cebuano
napno iti sabidong,ilocano
karatil,cebuano
pangbutbuteng,ilocano
kalsuhan,tagalog
ubás,hiligaynon
sanggi,cebuano
ayis,cebuano
maipapan iti sabali wenno,ilocano
sulod,cebuano
brungkurab,cebuano
reserba,tagalog
pandudula,tagalog
kamakalawa,tagalog
ako na rin,tagalog
hánluk,hiligaynon
sinapid,cebuano
"liga, líga",cebuano
masámung,cebuano
dul-ug,cebuano
estambre,tagalog
sakúm,hiligaynon
sipilin,cebuano
hutúhut,cebuano
búngad,cebuano
ipaatindi,tagalog
pagyamot,tagalog
katalasan,tagalog
saláy,hiligaynon
nagasiga,cebuano
pagkamasunurin,tagalog
ayuda,tagalog
yúgtò,hiligaynon
palaanak,tagalog
binákol,hiligaynon
pangungulughoy,tagalog
síkob,hiligaynon
suliran,tagalog
pantaxi,tagalog
kamul,cebuano
kansiling,cebuano
kaya,tagalog
silulúsa,cebuano
patasin,tagalog
plataporma,tagalog
magtsuper,tagalog
agaramid,ilocano
balud,ilocano
pigain,tagalog
monopoly,tagalog
makasuklam,tagalog
balon,tagalog
maysa a tao a macaammo cadagiti nadumaduma a pagsasao,ilocano
karon,cebuano
putol,tagalog
maamuki,tagalog
maglaba,tagalog
tornasol,tagalog
binuntuon,ilocano
kakayahan,tagalog
luro a babassit,ilocano
sibugan,ilocano
sorolísas,hiligaynon
takilpù,cebuano
mananawad,tagalog
tigis,tagalog
parang baboy,tagalog
magrekreo,tagalog
búl-o,hiligaynon
makanunayon,cebuano
muok,tagalog
panangpakired; panangay-ayo,ilocano
lísun,cebuano
hángdò,hiligaynon
hulunáwan,hiligaynon
panecnecan,ilocano
dali,cebuano
alpáka,cebuano
sulod,cebuano
pagturnu-turnuhin,tagalog
salubong,tagalog
kulto,tagalog
panggepen a sawen,ilocano
hingalan,cebuano
palyu,cebuano
palumpong,tagalog
bagóngon,hiligaynon
babayen-on,cebuano
pagtugmain,tagalog
bário,hiligaynon
alibusbus,cebuano
urasanta,cebuano
reál,hiligaynon
kabo,tagalog
magulang,cebuano
satín,hiligaynon
diyes,cebuano
iulat,tagalog
nadaeg a pabuya,ilocano
karatig,tagalog
"kápal, kap-al",cebuano
báksat,hiligaynon
hápay,cebuano
sintǐr,cebuano
hálus,hiligaynon
masagap,tagalog
padasen,ilocano
istasyon ng radio,tagalog
buáya,hiligaynon
biskutsu,cebuano
apirmatiba,tagalog
magbigay-sala,tagalog
maibagay,ilocano
tigum,cebuano
pagkaon,cebuano
susog,tagalog
esponente,tagalog
mapig-ton,cebuano
tinabtab,tagalog
taklas,tagalog
pagsisitsitan,tagalog
halo,tagalog
askarid,tagalog
padapuan,tagalog
bábha,hiligaynon
salákyan,hiligaynon
gusáng,hiligaynon
hámtang,hiligaynon
tigtabitabi,cebuano
tanan,cebuano
kolehiyo,cebuano
bagatnánon,hiligaynon
onda-onda,tagalog
pabilin,cebuano
kapitan,cebuano
karawitan,tagalog
gráma,hiligaynon
sa ato,cebuano
agas ti amin a kita ti sakit,ilocano
bastos,cebuano
sotás,hiligaynon
ianib,tagalog
ika-,tagalog
barkada,tagalog
abaken,ilocano
kapanganakan,cebuano
buta,tagalog
saralíkwon,hiligaynon
bangót,hiligaynon
yuring,cebuano
malamiis,ilocano
pudot ti bagi,ilocano
parlor,tagalog
labawng magsusugo,cebuano
kahinam,cebuano
báslay,hiligaynon
lanaw,tagalog
busílak,hiligaynon
binalónas,hiligaynon
malmal,cebuano
alegoriya,tagalog
hut-ong sa mga huwes,cebuano
bola,cebuano
calsada,ilocano
pagputi,tagalog
ulugbáti,hiligaynon
salíp-ak,hiligaynon
salandígan,hiligaynon
busug,cebuano
hitsúri,hiligaynon
interesado,cebuano
kum-os,cebuano
balaanon,cebuano
paglussoc,ilocano
inusaranhun,cebuano
bútlak,hiligaynon
bagyo,cebuano
giwang,tagalog
bidang,ilocano
maliit na pulo/isla,tagalog
parehas,cebuano
gaway,tagalog
agnanayon,ilocano
pannacapnec,ilocano
punnuen,ilocano
kulísiw,cebuano
timawa,cebuano
patubig,tagalog
sángab,cebuano
lain,cebuano
dámas,cebuano
ripólyo,hiligaynon
kakuriputan,tagalog
súrib,hiligaynon
bálhag,hiligaynon
patos,tagalog
pagtitiwala,tagalog
nalatac,ilocano
maipapan iti panawen,ilocano
masaklolohan,tagalog
pagod ng mata,tagalog
anggarilyas,tagalog
huminahon,tagalog
huyúp,hiligaynon
hulubáton,hiligaynon
riyúma,cebuano
mausikon,cebuano
kalarawan,tagalog
ulalóng,hiligaynon
kabalighuan,tagalog
kakuyog,cebuano
kalantog,tagalog
sirkulasiyun,cebuano
kristíya,cebuano
ínat,cebuano
walalóhan,hiligaynon
walang-tigil,tagalog
nalawag,ilocano
apagcanito,ilocano
Úngù,cebuano
pala,tagalog
liyalíya,cebuano
bugás-búgas,hiligaynon
hinambalán,hiligaynon
sa ingon niini,cebuano
magdamasko,tagalog
tangsù,cebuano
masadya,cebuano
pakigdait,cebuano
pagkabao,tagalog
kapihanan,cebuano
hilungbo,tagalog
háwan,cebuano
hiwós-híwos,hiligaynon
pinalangga,cebuano
papagsapatin,tagalog
makapangati,tagalog
kuskus,cebuano
suksok,tagalog
pantog,tagalog
pisat,cebuano
pagdasig,cebuano
singkurung,cebuano
tuliya,tagalog
baywantikwan,cebuano
dangput,cebuano
pagkadalaga,cebuano
cateng-,ilocano
magkaroon ng hiya,tagalog
maglinaw,tagalog
wala'y saba,cebuano
sitsit,cebuano
nguynguy,cebuano
halób,hiligaynon
rúdo,hiligaynon
ayaw paduol,cebuano
dusaen,ilocano
pakang,cebuano
tagahirang,tagalog
takad,tagalog
bahin,cebuano
úbre,hiligaynon
únus,cebuano
kelleng,ilocano
búskay,hiligaynon
herarkia,tagalog
bayad sa koreo,tagalog
natalged,ilocano
pamigwas,tagalog
heneral,cebuano
mangraut,ilocano
karas,cebuano
sumalaút,hiligaynon
bálì,hiligaynon
botikín,hiligaynon
duol,cebuano
diay balay,ilocano
"paga, pága",cebuano
tagalikha,tagalog
hiwâ,hiligaynon
pagkamadilim,tagalog
"húypan, húypon",hiligaynon
panagpannyray,ilocano
magtutupi,cebuano
makagayuma,tagalog
pagkakasandal,tagalog
sandangkal,tagalog
paglalaro,tagalog
redóma,hiligaynon
nakabalagbag,tagalog
"bangilíd, bangílid",hiligaynon
lunsod,tagalog
nacacasdaaw,ilocano
maysa a kita ti cayo,ilocano
gutíng,hiligaynon
sinámpuk,hiligaynon
mas kusog,cebuano
sumungad,ilocano
binatasán,hiligaynon
casla agtagtagainep,ilocano
paglakaw,cebuano
naragsac,ilocano
"supú, sopó",hiligaynon
panagsalungasibng,ilocano
sugnud,cebuano
sigidilyas,cebuano
unawa,tagalog
úk-uk,hiligaynon
mawalan ng pasyensiya,tagalog
sabukay,tagalog
sindak,tagalog
Lúnis,cebuano
sumipnget,ilocano
mabloaut,tagalog
pari,tagalog
matanggap,tagalog
pagbatayan,ilocano
lawason,cebuano
pngulo,ilocano
mailulan,tagalog
mananggap,tagalog
binúnga,hiligaynon
taay,cebuano
panguwetes,cebuano
parayeg,cebuano
sahî,hiligaynon
retorika,cebuano
magbaga,tagalog
pana,tagalog
sugâ,hiligaynon
mananap,cebuano
pamalag,cebuano
"bungabung, bungábung",cebuano
búngsad,hiligaynon
bokohón,hiligaynon
paghagak,tagalog
anac na babai,ilocano
háwid,cebuano
agtaraken wenno agsacay iti caballo,ilocano
macadomingo lawas,ilocano
bayabay,ilocano
adayo,ilocano
doon,tagalog
tungkol sa paglalayag,tagalog
imula,ilocano
iskríma,cebuano
biráho,hiligaynon
pangilad,cebuano
bakli,tagalog
tagapaghugas ng pinggan,tagalog
mangungutlo,cebuano
sangapulo,ilocano
lugaw,cebuano
dormitoryo,tagalog
naraman,ilocano
hungâ,hiligaynon
siklut,cebuano
mag-alipusta,tagalog
pana,ilocano
ubús,hiligaynon
ragpaten,ilocano
lumabas,ilocano
pag-alipusta,tagalog
tagna,cebuano
pananaog,tagalog
magsikinang,tagalog
medalla,ilocano
mainis,tagalog
palsipikador,tagalog
pasulabi,cebuano
madilaabon,cebuano
nilikha,tagalog
minimum,tagalog
repáso,hiligaynon
anunas,tagalog
"budióng, búdiong",hiligaynon
matulin,cebuano
bángbang,hiligaynon
sambahayan,tagalog
ihatol,tagalog
tablíya,hiligaynon
sandalyas,cebuano
Ilungga,cebuano
sugpuy,cebuano
kagaykay,cebuano
bakaang,cebuano
húlbot,hiligaynon
panuluyan,tagalog
bákal,hiligaynon
kataw-anan,cebuano
ginaúng,hiligaynon
ayudante,tagalog
dumar,cebuano
lúngab,cebuano
interbal,tagalog
awit,ilocano
sipíyo,hiligaynon
walaing-halaga,tagalog
ban-áwan,hiligaynon
tresyentos,tagalog
magkakawag,tagalog
ringlis,cebuano
Pasko,cebuano
magpakupkop,tagalog
ulugtásan,hiligaynon
gaguy,cebuano
háni,cebuano
pasayawin,tagalog
bigkasing tula,tagalog
ligdong,cebuano
telegrapo,cebuano
agbambantay iti balud,ilocano
agrikultor,tagalog
langas,cebuano
saliut-ut,cebuano
tampol,tagalog
ibilang,ilocano
panagadal,ilocano
agdarangidangan,ilocano
raniag,ilocano
sulang,cebuano
sangka,cebuano
hular,cebuano
yasyas,cebuano
bilang,ilocano
banga a paglaocan,ilocano
banhabanha,cebuano
vaca,ilocano
malingat,tagalog
hipón-hípon,hiligaynon
mahiklat,tagalog
abbong ti lamisaan,ilocano
kúta,cebuano
unat,cebuano
"yôyô, yóyò",hiligaynon
macabael,ilocano
mapula,tagalog
ság-o,hiligaynon
atlíta,cebuano
naandan,cebuano
bilis,tagalog
lawlawagan,ilocano
sumalubong,tagalog
magturno,tagalog
panaghiliin,tagalog
kálap,cebuano
igid ti baybay,ilocano
baraha,tagalog
nabasa,ilocano
hímos,hiligaynon
babáye,hiligaynon
nakalilipas,tagalog
katumpakan,tagalog
cameng,ilocano
managhili,tagalog
yátis,hiligaynon
alinugnog,tagalog
búg-os,hiligaynon
iti sabali,ilocano
hábig,hiligaynon
wigwigan,tagalog
panlalagom,tagalog
anaa,cebuano
iboto,tagalog
dagiti tagilaco,ilocano
"bus, bús",cebuano
buhâ,hiligaynon
hórma,hiligaynon
batití,hiligaynon
burburtla,ilocano
rolyuhin,tagalog
bithayin,tagalog
salaping Ingles,cebuano
pagyanan ti bombilla wenno ania man,ilocano
ubáy,hiligaynon
siémpre,hiligaynon
bíhun,cebuano
pannacatnag,ilocano
tinuno,ilocano
cardero,ilocano
kab-it,cebuano
hitabo,cebuano
halanghag,cebuano
Ruso,tagalog
punsísuk,cebuano
kita,cebuano
magpintura,tagalog
pagsangahan,tagalog
katangiang angkop,tagalog
cangatuan,ilocano
báhad,hiligaynon
mabago,tagalog
"tunil, túnil",cebuano
mapag-isip,tagalog
sugbá-súgba,hiligaynon
rawraw,cebuano
magpalit,tagalog
isláyid,cebuano
prepara,cebuano
lupot,ilocano
buróka,hiligaynon
pagsisimula,tagalog
tapikin,tagalog
sinati,cebuano
halili,cebuano
pindì,cebuano
harapan,tagalog
huyáhoy,hiligaynon
salángat,hiligaynon
malaya,tagalog
igkiskiskis,cebuano
kupas,cebuano
agbitla a mangisuro,ilocano
sigurista,cebuano
Atlantiko,tagalog
gahapon sa udto,cebuano
"bábà, bâbâ",hiligaynon
kilay,cebuano
kondisyon,tagalog
nataran,cebuano
Kadmiyum,tagalog
tumaltak,tagalog
agal-al-al,ilocano
taks,tagalog
búswak,hiligaynon
siam,ilocano
maling pahayag,tagalog
pipila,cebuano
demanda,tagalog
"gámla, gámlon, etc.",hiligaynon
kalingasan,tagalog
katuigan,cebuano
sinsilin,tagalog
ingkantu,cebuano
busbus,cebuano
wayway,cebuano
panaglaing,ilocano
bandída,cebuano
gití,hiligaynon
hagod,tagalog
kauswagan,cebuano
ribénta,hiligaynon
"ma-in-un(←), ma-in-ánun",cebuano
walis,cebuano
pasado,tagalog
manmano,ilocano
buyún,hiligaynon
panglimot,cebuano
kokak,tagalog
sagakád,hiligaynon
hígkò,hiligaynon
gódgod,hiligaynon
bunáyag,hiligaynon
sáblag,hiligaynon
tagni,tagalog
tighukom,cebuano
disgrasya,cebuano
pagpabalik,cebuano
sud-an,cebuano
hanáhon,hiligaynon
pahindian,tagalog
masiksik,tagalog
paragáyu,cebuano
sóngkod,hiligaynon
campaña,ilocano
basa-basahin,tagalog
ihatid,tagalog
matulid,ilocano
imbargu,cebuano
haligi,cebuano
rimô,hiligaynon
mansanilya,tagalog
bumihag,tagalog
batok,tagalog
liku-liko,tagalog
hibulong,cebuano
húguy,cebuano
imat,cebuano
pagbatayan iti tignay iti gimong,ilocano
upat a pulo,ilocano
ekonomiks,tagalog
sucong,ilocano
pagpapahinuhod,cebuano
gastos,cebuano
dukit,tagalog
magpalihis,tagalog
pagkakasakop,tagalog
tangsà,cebuano
semipaynal,tagalog
hámtak,hiligaynon
panlunsod,tagalog
kining matanga,cebuano
hamutáway,hiligaynon
Bibliya,cebuano
nagkirig-kirig,cebuano
paglalandi,tagalog
sulam,tagalog
hilabo,tagalog
katuwas,tagalog
baluktut,cebuano
corbata,ilocano
madaya,tagalog
pagkakamay,tagalog
napnec,ilocano
mapagpanggap,tagalog
súut,cebuano
iladawan,ilocano
saputon,cebuano
maglampaso,tagalog
higád,hiligaynon
pisi nga ihikog,cebuano
siód,hiligaynon
Bromin,tagalog
panangiccar,ilocano
malagatas,tagalog
intermisyon,tagalog
silonganan,cebuano
angawen,ilocano
ekuwasyon,tagalog
ukón,hiligaynon
awit na pambansa,tagalog
hubót,hiligaynon
"lumpì, lumping",cebuano
bakakon,cebuano
agoniyas,cebuano
mabutihin,tagalog
buong sarap,tagalog
"sóob, soób",hiligaynon
sarungcaran,ilocano
himurin,tagalog
pagka-,cebuano
límin,cebuano
"likung, líkung",cebuano
hináblus,hiligaynon
pagsabayin,tagalog
ambak,cebuano
tugnub,cebuano
gitna,tagalog
mitsero,tagalog
pagtula,tagalog
misiyun,cebuano
agpungtot,ilocano
amakin,tagalog
siper,cebuano
uliteg,ilocano
iatas,tagalog
solisitúd,hiligaynon
manggagalugad,tagalog
balasahón,hiligaynon
alumínus,cebuano
kaon,cebuano
huráy,hiligaynon
sukli,cebuano
sukad,cebuano
palak,tagalog
kumpanyíra,cebuano
kalábat,cebuano
idissaag,ilocano
seguridad,tagalog
himalá,hiligaynon
katiaw-tiawan,cebuano
kaaway,cebuano
hanghangan,tagalog
kasamahang-kawal,tagalog
nuno sa talampakan,tagalog
minuyogan,ilocano
pantig,tagalog
kinaiya,cebuano
songsong,cebuano
dominante,tagalog
yaring-makina,tagalog
nagauna,cebuano
ukang,tagalog
panaghuot,cebuano
paghisukamod,cebuano
halibhib,tagalog
mahinain,tagalog
salimbabatáng,hiligaynon
balintatao,tagalog
bain,ilocano
mag-away,cebuano
balistiks,tagalog
bathay,cebuano
embalsamuhin,tagalog
úk-uk,hiligaynon
pangpang,cebuano
píking,cebuano
masiba,tagalog
hagmun,cebuano
hutúhut,hiligaynon
lambong,tagalog
kaburukan,tagalog
managdalus,ilocano
mapatitig,tagalog
udáygon,hiligaynon
panradyo,tagalog
maturong,ilocano
manumbága,cebuano
katarata,cebuano
makalilibog,cebuano
tinipak,cebuano
tudlù,cebuano
paglalanggas,tagalog
inaaralan,tagalog
bitad,cebuano
sulágpot,hiligaynon
kurtína,cebuano
sultihay,cebuano
agpadpada,ilocano
pahamtang,cebuano
hutuhot,cebuano
batísta,hiligaynon
wala'y buhat,cebuano
suki,ilocano
sónggab,hiligaynon
caubingan,ilocano
bandehádo,hiligaynon
lamparahan,cebuano
harúhay,cebuano
patriyota,cebuano
sapsuy,cebuano
túpi,cebuano
pagliling,tagalog
sudya,cebuano
súg-ut,hiligaynon
walang-pagod,tagalog
bugnaw,cebuano
batâ,hiligaynon
kauban,cebuano
walang-pagkakamali,tagalog
pagbiyahe,cebuano
tágay,cebuano
pahalata,tagalog
magbuhat,tagalog
nahihilo,tagalog
pagsugo,cebuano
súbut,cebuano
pasal,tagalog
biyente,cebuano
aduna,cebuano
hitsas,cebuano
sumasalmot,cebuano
balakolón,hiligaynon
tukmu,cebuano
niadto,cebuano
papagaypayin,tagalog
papas,cebuano
anak na ampon,tagalog
hunihan,tagalog
paahitan,tagalog
heograpiya,tagalog
maghugas,tagalog
úkad,hiligaynon
pagpanganak,cebuano
camarin dagiti auto,ilocano
gunstabulári,cebuano
telegrapista,tagalog
dili tigpagawal,cebuano
nagalis,ilocano
kasamahin,tagalog
pustoryosa,tagalog
basâ-basâ,hiligaynon
byásung,cebuano
salansan,tagalog
klab,cebuano
beysbol,tagalog
bódhon,hiligaynon
pusunin,tagalog
kon dili,cebuano
gilingen,ilocano
ambilan,tagalog
tabíd,hiligaynon
anak sa puwera,tagalog
húlas,hiligaynon
managsuitic,ilocano
kapunongan,cebuano
pumansin,tagalog
pagkakatanggap,tagalog
reaksyon,tagalog
regadero,tagalog
iyaplag,ilocano
sungay,cebuano
bayad,cebuano
tughuk,cebuano
buhagay,cebuano
escultor,ilocano
respiratoryo,tagalog
panlito,tagalog
lupang-tinubuan,tagalog
kahit gayon,tagalog
sudsod,tagalog
maayos ang isip,tagalog
natanang,ilocano
batíd,hiligaynon
tam-uk,cebuano
bilibid,tagalog
magpahangin,tagalog
ulupángon,hiligaynon
teologo,tagalog
magkalangib,tagalog
bagà,cebuano
paslayit,cebuano
tagsikan,cebuano
sikmurain,tagalog
mapandumina,tagalog
kuriri,tagalog
bulansud,cebuano
ulnungin,tagalog
kutson,cebuano
"dagundung, dagungdung",cebuano
kalahatian,tagalog
tabíg,hiligaynon
lawlawen,ilocano
kagùkù,cebuano
subenir,cebuano
uláyhon,hiligaynon
talurang,tagalog
maaghop,cebuano
andaderas,tagalog
klitoris,tagalog
pag-aagaw-buhay,tagalog
hupak,cebuano
kusain,tagalog
serpentina,tagalog
tanuran,tagalog
pinagmanahan,tagalog
kárut,cebuano
mainam,tagalog
walang-pagbabalatkayo,tagalog
tunga-tunga,cebuano
katingalahan,cebuano
nawad-an,cebuano
alip-ip,tagalog
napno,ilocano
wala'y bunga,cebuano
santo papa,cebuano
kasuko,cebuano
kagahapon,cebuano
búlak,hiligaynon
iisod (nang unti-unti),tagalog
balisultag,tagalog
tíma,cebuano
haros,tagalog
paghanaw,cebuano
sakrilihiyu,cebuano
ulubáson,hiligaynon
balad-un,cebuano
kalinis,cebuano
ikspild,cebuano
ti mangisagut,ilocano
sistíma,cebuano
humod-humod,cebuano
malyete,tagalog
nalawag,ilocano
ideal,tagalog
tumiwalag,tagalog
maipon,tagalog
pagkabatan-on,cebuano
brík,cebuano
hagô,hiligaynon
gíngaw,hiligaynon
humagad,tagalog
katulo,cebuano
kapalaluan,tagalog
mapagmataas na tao,tagalog
úday,cebuano
magbigay ng bloaut,tagalog
mataas,cebuano
papan,cebuano
mahimong pasanginlan,cebuano
mukhang-pera,tagalog
mayumi,tagalog
til-is,cebuano
hagán-hágan,hiligaynon
laygay,cebuano
tudingan,ilocano
búlig,hiligaynon
búlus,hiligaynon
"rótulo, rotuló",hiligaynon
magkimkim,tagalog
matagal,tagalog
Harinawa,tagalog
lawngun,cebuano
linggwistika,tagalog
pagsamok,cebuano
diputádu,cebuano
hidhid,tagalog
mabalin,ilocano
kagamhanan,cebuano
gambulin,tagalog
mahinay nga paglakaw,cebuano
wáli,hiligaynon
casasaad,ilocano
manloloko,tagalog
hinog,cebuano
singsingan,cebuano
umagitit,tagalog
hiriláum,hiligaynon
sinumbúnut,hiligaynon
lahaw,tagalog
limiti,cebuano
pannacatactac,ilocano
"búrung, burungán",hiligaynon
pagtila,cebuano
paminggalan,tagalog
kabudlay,cebuano
narigat a mabawing,ilocano
asawa a lalaki,ilocano
turukan,tagalog
nakahihili,tagalog
klím,cebuano
úlud,hiligaynon
bikâ-bíkà,hiligaynon
cabsat a babai,ilocano
bukarilyu,cebuano
súkul,cebuano
kadlit,tagalog
sagubáng,hiligaynon
kanighala,tagalog
pananamlay,tagalog
komedor,tagalog
sanúng,hiligaynon
ukát-úkat,hiligaynon
nagtaudan nga ama ken ina,ilocano
departamento,ilocano
sacupen,ilocano
tulungan,tagalog
buang-buang,cebuano
duyong,tagalog
tabatsuy,tagalog
himi,cebuano
sugilambung,cebuano
halóphop,hiligaynon
balat-ang,cebuano
bacnang,ilocano
taspuk,cebuano
kawunsil,cebuano
ibakas,tagalog
sághaw,hiligaynon
lumantak,tagalog
hinahunin,tagalog
kinalaca,ilocano
talalan,tagalog
napintas ken nasayud,ilocano
gawin,tagalog
prinsa,tagalog
balibulista,tagalog
bubho,cebuano
tuklapan,tagalog
agay,cebuano
tiwa,tagalog
bolobód,hiligaynon
paglamlam,cebuano
istetoskop,tagalog
pilitpilit,cebuano
siglap,tagalog
sírga,hiligaynon
kulukúsu,cebuano
kagatan,tagalog
tyáli,cebuano
katampatan,tagalog
sanggahan,tagalog
"sáut, sá-ut",hiligaynon
tatangnan,tagalog
Istasyon,tagalog
sintas ng sapatos,tagalog
magyaya,tagalog
humula,tagalog
barilya,cebuano
"palid, pálid",cebuano
sultiánan,cebuano
bagnid,cebuano
susihon,cebuano
saan a macapagsarita,ilocano
tutoy,cebuano
suringiw,cebuano
"sikú-ong, sikúong",hiligaynon
binalangkáan,hiligaynon
dúnul,cebuano
ragásras,hiligaynon
salad,ilocano
kasamaang-palad,tagalog
mito,tagalog
gabing-gabi na,tagalog
kagaanan ng loob,tagalog
imahinasyon,cebuano
timog-silangan,tagalog
sakbatan,tagalog
túwang,cebuano
rikado,tagalog
wala'y tunong,cebuano
mapanghimasok,tagalog
tugtuging pansayaw,tagalog
dugmù,cebuano
cayumanggi,ilocano
magpanayam,tagalog
bawang,tagalog
dilpat,ilocano
burdado,tagalog
pasyente,cebuano
pagkulob,tagalog
plural,tagalog
prinsesa,tagalog
sansinukbin,tagalog
bibingka,cebuano
alíbi,cebuano
pagadalan dagiti ubbing nga awanan pay iti pito a tawen,ilocano
tanyag,cebuano
magsukob,tagalog
kabagay,tagalog
Urúpa,cebuano
siyut,cebuano
museyo,cebuano
dutdot,ilocano
agdara,ilocano
nalupoy,ilocano
pagpapanatili,tagalog
ginkamunóan,hiligaynon
uray sadino man,ilocano
salampati,cebuano
marca,ilocano
wágklos,hiligaynon
pagtimpla,ilocano
paghalina,tagalog
báas,hiligaynon
uleg,ilocano
bilaug,cebuano
nasa,tagalog
pagsisingasing,tagalog
arites,cebuano
pag-andam,cebuano
maliputon,cebuano
pagtama,tagalog
napulo,cebuano
alig,ilocano
subsub,cebuano
mug-aw,cebuano
kabaguhan,tagalog
tagatahi ng aklat,tagalog
kawhit,cebuano
cuarta,ilocano
mag-agpang,tagalog
nasickel,ilocano
tríbu,cebuano
panghalili,cebuano
manulunda,cebuano
iskrip,tagalog
magpalayas,tagalog
bunóan,hiligaynon
pagtugyan og gahum,cebuano
ligadíra,cebuano
hutay,cebuano
híwod,hiligaynon
beterano,tagalog
damurhaw,cebuano
mibuhi,cebuano
agparparti,ilocano
pagpuyo,cebuano
"sumaláyo, sumaláy-o",hiligaynon
híbal,cebuano
ti umalsa,ilocano
pagkakaroon,tagalog
dyip-ut,cebuano
paghawid,cebuano
marpuog,ilocano
hiás,hiligaynon
pangcucoman,ilocano
katangi-tangi,tagalog
tígul,cebuano
arnibal,tagalog
kulisap,tagalog
taktakun,cebuano
baboy,cebuano
patok,tagalog
kawatan,cebuano
simáng,hiligaynon
maipapan ti panagoperar,ilocano
kawalang-pasyensya,tagalog
uluyatán,hiligaynon
pinagkakautangan,tagalog
bawbu,cebuano
cuentas a sabsabong,ilocano
lukarin,tagalog
goóp,hiligaynon
kakuyap,cebuano
dayikdik,tagalog
ngitngit,tagalog
sambirí,hiligaynon
taas,cebuano
ipapan,ilocano
bínhod,hiligaynon
macapatay,ilocano
hipik,tagalog
águs,cebuano
hiyás,hiligaynon
isango,ilocano
carit,ilocano
wala'y utlanan,cebuano
harî-hárì,hiligaynon
mawalan ng hiya,tagalog
ábud,cebuano
bigbigen,ilocano
kakapoy,cebuano
lawdano,tagalog
catulad,ilocano
agong,tagalog
higóng-hígong,hiligaynon
pasurot,ilocano
kagawian,cebuano
agdadamo,ilocano
halukayin,tagalog
"raginít, ragínit",hiligaynon
copiaen,ilocano
Plubyum,tagalog
"saliáy, sali-áy",hiligaynon
tíbi,cebuano
butaltal,cebuano
dili hingpit,cebuano
kadaot,cebuano
guób,hiligaynon
dayastem,tagalog
padparin,tagalog
pagsalin,cebuano
kristal,cebuano
silaw,ilocano
baynilya,tagalog
awhag,cebuano
hingúdto,hiligaynon
tapat,cebuano
búngkras,hiligaynon
gisíng-gisíng,hiligaynon
sitatalged,ilocano
rámat,hiligaynon
ipanghukay,tagalog
gayyem,ilocano
banáag,hiligaynon
lumigis,tagalog
kulágù,cebuano
magkakaugma,tagalog
yaspili,ilocano
pangulo dagiti polis,ilocano
inaama,tagalog
búksan,hiligaynon
bestida,cebuano
rekord,tagalog
sinaw,cebuano
tig-ulat,cebuano
nabato,ilocano
dismǐs,cebuano
Biyakrusis,tagalog
sumpit,cebuano
pagpatunhay,cebuano
panagragragsac,ilocano
lapped,ilocano
magsusugod,cebuano
bumaso,tagalog
páwis,cebuano
rosal,ilocano
umurung-sulong,tagalog
kabiglaanan,tagalog
biniyaan,cebuano
súnggud,hiligaynon
pagtohi,cebuano
síbwa,hiligaynon
pannacausig,ilocano
pairalin,tagalog
maaaring maunawaan,tagalog
ginágyan,hiligaynon
sipót,hiligaynon
medalya,tagalog
koreo,tagalog
babaw,tagalog
magtatambag,cebuano
pagpapaumanhin,tagalog
baliw,cebuano
uyog,cebuano
halagang balasak,tagalog
maligdong,cebuano
sungsung,cebuano
pilakin,tagalog
hasaan,cebuano
kumurga,cebuano
dangadang,ilocano
magkaulong,tagalog
batikol,tagalog
úgum,cebuano
pagduko,cebuano
pagpapasuko,tagalog
pangiriw,cebuano
luto,cebuano
tsampiyun,cebuano
mutimuti,cebuano
palahubog,cebuano
kawalang-maliw,tagalog
maeksperyensya,tagalog
bumughaw,tagalog
pangrugyan,ilocano
mawutpis,cebuano
dumaan,tagalog
ulaw,cebuano
isayaw,tagalog
biyâ-biyâ,hiligaynon
mag-aral,tagalog
háyag,hiligaynon
buynu,cebuano
binangi,tagalog
mawagtang,cebuano
bólò,hiligaynon
panghugis,tagalog
matres,tagalog
casapulan,ilocano
sulod sa sakayan,cebuano
hurág,hiligaynon
pananalakay,tagalog
kiteb,ilocano
imitahan,tagalog
pagsamok,cebuano
sig-angán,hiligaynon
batóng,hiligaynon
maraming alam na laro,tagalog
sagáhay,hiligaynon
bawa,tagalog
hasuk,cebuano
harabharab,cebuano
paluningningin,tagalog
bulaklakan,tagalog
campo,ilocano
piut,cebuano
maisupiat,ilocano
blakmarkit,cebuano
utlana,cebuano
sagolan,cebuano
pigsa,ilocano
galunggong,tagalog
sinelásan,hiligaynon
saríngsing,hiligaynon
kapag,tagalog
magpakilala,tagalog
pagsubli,cebuano
Dominiko,tagalog
pansiyamnapu,tagalog
kahadlokan,cebuano
pagbayad,ilocano
pamangking lalaki,tagalog
conejo,ilocano
mannakicanunong,ilocano
digámu,cebuano
marka,tagalog
báwang,cebuano
gibahaan,cebuano
inampalan,tagalog
hinuklug,cebuano
sílung,hiligaynon
kiliran,cebuano
balbas,cebuano
pasumpung-sumpong,tagalog
paglakaw,cebuano
hinái,hiligaynon
súlput,hiligaynon
tuab,cebuano
malapit-lapit,tagalog
kakulang,cebuano
tika,cebuano
panagyarig,ilocano
sumaliw,tagalog
ituno,ilocano
Europea,tagalog
kapwa,tagalog
"tabágwan, tabágwang",hiligaynon
narkotiko,cebuano
uluníson,hiligaynon
asukalan,tagalog
kauplakan,tagalog
milyunaryo,tagalog
huni,cebuano
pag-usapan,tagalog
hándà,hiligaynon
unan,tagalog
salagúron,hiligaynon
kontrol,tagalog
sa maikling salita,tagalog
pirù,cebuano
masentensiyahan,tagalog
bángig,hiligaynon
kabaghanan,tagalog
pindungin,tagalog
sidra,hiligaynon
supot,tagalog
gúpì,hiligaynon
matusok,tagalog
súbay,hiligaynon
Palingkurang diplomatiko,tagalog
burdun,cebuano
adbaysir,cebuano
comite a mangtingiting iti pammanecnec,ilocano
hungog-hungog,cebuano
pagkatusing,tagalog
tampukan,tagalog
ipokrita,tagalog
limpiyong,cebuano
bugon,cebuano
ikatupad,tagalog
anutasiyun,cebuano
tiknikal,cebuano
pannangted,ilocano
katunga,cebuano
sapa,cebuano
haláblon,hiligaynon
salimbay,tagalog
balubálu,cebuano
panangrurod,ilocano
hinákay,hiligaynon
tabangay,cebuano
tútuk,cebuano
gamít,hiligaynon
pagtulin,cebuano
kinasangan sa dalan,cebuano
yahóng-yáhong,hiligaynon
matataw,cebuano
nuno,tagalog
búntis,hiligaynon
matmaturog,ilocano
murdong,ilocano
lagusu,cebuano
maghero,tagalog
katigasan ng loob,tagalog
pag-ilis,cebuano
hángà,hiligaynon
langasan,cebuano
"úlì, ulî",hiligaynon
sariling tagapaturo,tagalog
kinapudno,ilocano
kaatbang,cebuano
mahuli,tagalog
bukas,tagalog
nangunguna,tagalog
piling pagkain,tagalog
itinggal,tagalog
hasóhas,hiligaynon
hugasan,tagalog
kabiruan,tagalog
nagsugod,cebuano
nakagugulang,tagalog
tumagal,tagalog
rekádo,hiligaynon
kiríring,cebuano
puting-tabing,tagalog
balíla,hiligaynon
buyaen,ilocano
súgba,hiligaynon
pag-ihi ng matamis,tagalog
paricut,ilocano
sikápat,hiligaynon
managsama,cebuano
turay,ilocano
kuwadranggulo,tagalog
baróto,hiligaynon
alírung,cebuano
pagpanlid,cebuano
amiaman,ilocano
aramiden; ipasdec a cas linteg;,ilocano
ipaligo,tagalog
handom,cebuano
pansinin,tagalog
hingútbong,hiligaynon
kinahanglan,cebuano
mangumeng,ilocano
bolatil,tagalog
rónda,hiligaynon
laru-laruin,tagalog
alpalpa,cebuano
sangke,tagalog
agusahis,cebuano
mangangalakal,tagalog
kilo,tagalog
panagur-uray,ilocano
detektib,cebuano
nobya,cebuano
rugit,ilocano
bumangon,tagalog
malinglahon,cebuano
nagaed,ilocano
tipunog,cebuano
magpomento,tagalog
pirac,ilocano
casla sairo,ilocano
patahimikin,tagalog
bánay,cebuano
dapug,cebuano
madilaw,tagalog
duhapang,tagalog
petaca,ilocano
isusubli,ilocano
artihan,tagalog
sustansiyang,cebuano
panangipato,ilocano
wala'y,cebuano
katakut-takot na dami,tagalog
balánse,hiligaynon
elokwensiya,tagalog
hambog na hambog,tagalog
paghahayin,tagalog
walang-hiya,tagalog
busúg,hiligaynon
may kalayuan,tagalog
almirante,tagalog
sip-onón,hiligaynon
hinultul,cebuano
sigam,tagalog
pagpapatrolya,tagalog
panangingato,ilocano
amol,cebuano
pagtraiduran,tagalog
natubbog,ilocano
panagibaon,ilocano
ibunyag,tagalog
sáblab,hiligaynon
pagong,tagalog
natawo nga patay,cebuano
pagdepensa,cebuano
panghasa,tagalog
maburol,tagalog
hatawin,tagalog
iggaman,ilocano
inkognito,tagalog
sukaan,tagalog
muton,tagalog
singgit,cebuano
buák,hiligaynon
disinyu,cebuano
borô-bórò,hiligaynon
dapug,cebuano
ipaammo,ilocano
patdan,tagalog
ngihit,cebuano
batong-buga,tagalog
panagsakit ti tian,ilocano
súbol,hiligaynon
lagtub,cebuano
baldosa,tagalog
galatóng,hiligaynon
ilado,cebuano
kalamay,cebuano
sapa minsan,ilocano
yamuhát,hiligaynon
utbo,cebuano
kitin,cebuano
magsuko,tagalog
pasalihan,tagalog
kolehiyo,cebuano
hinúun,cebuano
umalusitha,tagalog
rumbeng,ilocano
gupúd-gúpud,hiligaynon
agikik,tagalog
hambo,tagalog
hayop na sisilain,tagalog
maibagay,tagalog
ganiyan,tagalog
walang-karanasan,tagalog
di-mabata,tagalog
pisil,tagalog
pag-uyog,cebuano
wala'y hunong,cebuano
pitik,tagalog
kumkum,cebuano
calawa wenno cadackel ti daga,ilocano
suéldo,hiligaynon
bingáw,hiligaynon
yárà,hiligaynon
pagkatawo,cebuano
magkalaban,tagalog
magkasapi,tagalog
bantugan,cebuano
báwuk,cebuano
padayon,cebuano
rigól,hiligaynon
turay,ilocano
magbinata,tagalog
gayan,tagalog
buot,ilocano
panghaplas,tagalog
hakhakin,tagalog
kagustuhan,tagalog
walang-puso,tagalog
pacawanen,ilocano
martilyo,cebuano
posturahan,tagalog
ságap,hiligaynon
pamati,cebuano
gábù,cebuano
gala,tagalog
panukot,cebuano
magpawala ng pag-asa,tagalog
báwun,cebuano
hálap,hiligaynon
aguy,cebuano
kumisig,tagalog
magbayad,cebuano
báho,hiligaynon
gintúng-an,hiligaynon
maglangib,tagalog
saga,tagalog
hilig,cebuano
dueto,tagalog
sugatâ,hiligaynon
kanákù,cebuano
bashuy,cebuano
mabunsod,tagalog
mahihinanaktin,tagalog
maghunos,tagalog
sáup,cebuano
pilhuk,cebuano
sóbsob,hiligaynon
matatanggap,tagalog
matabang,tagalog
kasikpan,tagalog
pagkakalog ng utak,tagalog
panihapou,cebuano
saan naurnos,ilocano
managpanunot,ilocano
lain-lain,cebuano
paghubad,cebuano
panudlaan,tagalog
"Maylikha, Ang -",tagalog
bukitkit,cebuano
bat-ug,cebuano
pala,cebuano
macapnec,ilocano
sumulit,tagalog
pangawag iti babai,ilocano
ikabaligya,cebuano
agtaeng,ilocano
súdyang,hiligaynon
panagpatubo,ilocano
kaisog,cebuano
tirsíru,cebuano
udtu,cebuano
pátad,cebuano
pabo,cebuano
beisbol,tagalog
sunod tu-ig,cebuano
maicasangapulo ket tallo,ilocano
húngut,cebuano
sámay,hiligaynon
dili mabali,cebuano
ugedan iti babana,ilocano
galingan,cebuano
"salá-salá, salá-sála",hiligaynon
tukbilon,cebuano
magkarusing,tagalog
maniyebe,tagalog
awhag,cebuano
alahas,cebuano
kurduruy,cebuano
búla,hiligaynon
kontrata,tagalog
ikonoklasta,tagalog
eredero,cebuano
paghatol,tagalog
igsapayan,cebuano
magpahalimuyak,tagalog
hilók,hiligaynon
alpombra,tagalog
kalapastanganan,tagalog
bendisyón,hiligaynon
pagyayasyas,tagalog
hinawnaw,cebuano
mamerhuwisyo,tagalog
mahimok,tagalog
dahunog,cebuano
labradorita,tagalog
súpang,hiligaynon
allawagi,ilocano
sursuruan,ilocano
hinurno,cebuano
sansinukuban,tagalog
kapálaw,cebuano
hindi disidido,tagalog
depekto,cebuano
rabél,hiligaynon
halaponán,hiligaynon
iksaminadur,cebuano
mabiktima,tagalog
namakpak,cebuano
pumara,tagalog
batúnhan,hiligaynon
pu-an sa espada,cebuano
tagtipig,cebuano
deskompasado,tagalog
panaginana,ilocano
sa kalipay,cebuano
haklit,tagalog
babaná,hiligaynon
bidya,tagalog
salápi,cebuano
bungaw,cebuano
itlugin,tagalog
pagpanag-iya,cebuano
nakaukol,tagalog
balay sa kaluoy,cebuano
sa layo,cebuano
pautal-utal,tagalog
bígne,hiligaynon
mapakita,tagalog
magkabangga,tagalog
bítad,hiligaynon
pagbibigay-aliw,tagalog
ping-ut,cebuano
panggamas,tagalog
tubigan,tagalog
magprueba,tagalog
salangásag,cebuano
magsapi,tagalog
hílam,hiligaynon
balántyong,hiligaynon
esparago,tagalog
kulay-ubi,tagalog
salagúran,hiligaynon
grapinyéra,hiligaynon
salidíng,hiligaynon
tuko,cebuano
putud,cebuano
siyudad,tagalog
pila,tagalog
sibibiag,ilocano
"síò, siô",hiligaynon
tay-ac,ilocano
lipudlípud,cebuano
úlway,hiligaynon
hinanok,cebuano
mangupas,tagalog
awaten,ilocano
tamad-tamaran,tagalog
sabáw,hiligaynon
anut,cebuano
salúpsup,hiligaynon
malaunan,tagalog
pacasaritaan dagiti pasamac,ilocano
kungking,cebuano
barato,cebuano
hingáyò,hiligaynon
subukan,tagalog
mabaho,cebuano
himúlso,hiligaynon
dámids,cebuano
bumagisbis,tagalog
hurâ,hiligaynon
gulho,cebuano
idiay bañgir,ilocano
sulaw,cebuano
bahay-bahay,tagalog
sakmal,tagalog
kinaiya,cebuano
agbiag a nasayaat,ilocano
among-among,cebuano
maipapan iti gemgem,ilocano
makamangha,tagalog
uyam,tagalog
pagtahi,tagalog
papas,cebuano
macaalis,ilocano
butanti,cebuano
gúlang,cebuano
súbhan,hiligaynon
Nasareno,tagalog
balon,ilocano
lugan a pagbunag,ilocano
deskribihin,tagalog
paglakat,cebuano
mayuríya,cebuano
sayál,hiligaynon
kasamiyento,tagalog
panit,cebuano
pananalangin,tagalog
bíkal,hiligaynon
limunglímung,cebuano
endemiko,tagalog
pagmura,tagalog
siroc,ilocano
rebisahin,tagalog
sobre,ilocano
mala,cebuano
paubos,cebuano
bandereta,tagalog
hálab,hiligaynon
sibibiag,ilocano
masilos,cebuano
banag-banag,cebuano
tuki,cebuano
puyos,tagalog
grípo,hiligaynon
pagsapit,tagalog
paalimis,tagalog
dili hitupngan,cebuano
magkakaanib,tagalog
bungkut,cebuano
noo'y,tagalog
kitang,cebuano
súlay,hiligaynon
guntudguntud,cebuano
luwat,cebuano
kakila-kilabot,tagalog
"húyup, huyúp",hiligaynon
kapunongan,cebuano
akademiko,tagalog
hangtod sa,cebuano
"hi, hì",cebuano
abugado,tagalog
súk-it,hiligaynon
mag-aalot,cebuano
gabbuen,ilocano
gátud,cebuano
padasen,ilocano
tumagalog,tagalog
utot,tagalog
hingushingus,cebuano
inuubing,ilocano
pagsasanib,tagalog
paluwat,cebuano
nagasubo,cebuano
nailhan,cebuano
pagarian,ilocano
"sansiyut, sansut",cebuano
busun,cebuano
canta,ilocano
hampol,tagalog
yamuhíng,hiligaynon
pangallilaw,ilocano
taho,cebuano
bulig,ilocano
kabayo,tagalog
pagsumpay,cebuano
húmok,hiligaynon
mangangagaw,tagalog
tolerante,cebuano
rantsero,tagalog
mánus,cebuano
iareglo,tagalog
pagkakakalinga,tagalog
tagasabon,tagalog
matag,cebuano
walang-latoy,tagalog
debatihin,tagalog
magkaeksperyensiya,tagalog
pagmamarangya,tagalog
sementuhin,tagalog
pagkawagtang,cebuano
bákak,hiligaynon
imburnal,tagalog
nigro,cebuano
guluwáan,hiligaynon
bado,ilocano
ituwad,tagalog
hutukin,tagalog
sululungán,hiligaynon
pangindáhay,cebuano
síbò,hiligaynon
paglahukin,tagalog
konsumido,tagalog
písu,cebuano
pamamahayag,tagalog
tsaliko,cebuano
oryente,tagalog
barárang,hiligaynon
dalan ti,ilocano
pasak,tagalog
bayanan,cebuano
urangutang,tagalog
dilitayim,cebuano
maica sangapulo,ilocano
tadyak,tagalog
ingatang-yaman,tagalog
magpakalabis,tagalog
buhangán,hiligaynon
laki,tagalog
patok,tagalog
sumbong,cebuano
agmud,cebuano
magkailaw,tagalog
tukod,tagalog
makaayo sa lawas,cebuano
bihira,tagalog
agturay,ilocano
nagpakita,ilocano
ipallangatoc,ilocano
paninda,cebuano
katapusan,cebuano
pilihin,tagalog
paglalagis,tagalog
hiwa,cebuano
sayló-sáylo,hiligaynon
managdakes,ilocano
bulutungga,tagalog
malalinan,tagalog
makaapat,tagalog
masiyasip,tagalog
sarahán,hiligaynon
agítung,cebuano
mailit,tagalog
maglitis,tagalog
kakapoy,cebuano
pagpapas,cebuano
umalatiit,tagalog
hinunáw,hiligaynon
pabatasan,cebuano
alpas,tagalog
umangil,tagalog
sisí,hiligaynon
lukbun,cebuano
labus,ilocano
ang kakulang,cebuano
kapasukan,tagalog
paghatag bili,cebuano
Alemania,tagalog
ibagay,ilocano
gabot,cebuano
kanyon ng baril,tagalog
imitahin,tagalog
yulog iti sabali a pagsasao,ilocano
paghangos,cebuano
lunas,tagalog
pasibsib,cebuano
napakahapdi,tagalog
ligamento,tagalog
hiraman,tagalog
naghigos,cebuano
magtunaw,tagalog
dramang,cebuano
istan,cebuano
yunâ,hiligaynon
salúgsug,hiligaynon
hulas,cebuano
hinambog,cebuano
gilotina,tagalog
bingwit,cebuano
katupong,cebuano
magkakasalungat,tagalog
arkeolohiya,tagalog
pahibalo,cebuano
bánsil,hiligaynon
tataghay,tagalog
damba,tagalog
laspa,cebuano
pagdilaab,cebuano
mukha,tagalog
binatin,tagalog
panangtulad,ilocano
takob,tagalog
múdu,cebuano
halangan,tagalog
inupung,cebuano
tawa,tagalog
pagtan-aw,cebuano
namarku,cebuano
panablay,tagalog
komang,tagalog
pinuno,cebuano
dúug,cebuano
kabanay,cebuano
sóklà,hiligaynon
maniningil,cebuano
tinidur,cebuano
komiko,cebuano
naan-anay,ilocano
hunong,cebuano
manlason,tagalog
lamaw,cebuano
napapasuka,tagalog
pagbato,tagalog
agriminsur,cebuano
kumpusitur disapátus,cebuano
balilingin,tagalog
palangri,cebuano
súpan,cebuano
búyot,hiligaynon
kumbaba,tagalog
kapok,tagalog
atip,tagalog
anhà,cebuano
sampuin,tagalog
uhaw,cebuano
hínat,hiligaynon
mamaybay,tagalog
laguyluy,cebuano
undù,cebuano
tuwang-tuwa,tagalog
pagbiyahe,cebuano
humpak,tagalog
languyin ang kabila,tagalog
amiga,cebuano
gímuk,cebuano
pagpapahayag,tagalog
pagarian,ilocano
kaluwasan,cebuano
anomometro,tagalog
magdaan,tagalog
maigmat,cebuano
magmongha,tagalog
mutsatsu,cebuano
banggiánay,hiligaynon
pakahikayatin,tagalog
hábug,hiligaynon
madagtaan,tagalog
ekstrakurikular,tagalog
pagalawin,tagalog
magpatong,tagalog
radyuhan,tagalog
babai,ilocano
buis,ilocano
símput,hiligaynon
sípuk,cebuano
kubirta,cebuano
lapisak,tagalog
tugaygayan,tagalog
abusada,tagalog
tugmadan,cebuano
kamayu,cebuano
disisyun,cebuano
makulay,tagalog
tumbalikin,tagalog
mamumupo,cebuano
sacupen,ilocano
pateg; gatadan iti nangato,ilocano
titi,cebuano
"píhu, píhù",cebuano
pag-inabtik,cebuano
kitaen,ilocano
isen,ilocano
yángub,hiligaynon
pagpuyo,cebuano
pintakasi,tagalog
bítay,hiligaynon
maging sanhi,tagalog
panagcaingas,ilocano
minúdu,cebuano
saróso,hiligaynon
kunyapit,tagalog
bigyang-hapis,tagalog
pagpapasustento,tagalog
tsamporado,cebuano
pagmamalas,tagalog
hagúbhub,hiligaynon
bulto,cebuano
sapaw,cebuano
balkón,hiligaynon
madali,tagalog
pagsugok,cebuano
palala,tagalog
gusód,hiligaynon
batang babaye,cebuano
panaganong paturol,tagalog
mapanatili,tagalog
lapyahan,cebuano
magkambiyo,tagalog
apula,tagalog
nawala,tagalog
puna,tagalog
dalan,ilocano
sálad,hiligaynon
balatan,tagalog
muslak,tagalog
manghahalal,tagalog
bakasiyun,cebuano
pagyagban,tagalog
molabaw sa,cebuano
parmaseutika,tagalog
hilód-hílod,hiligaynon
tíma,cebuano
tinalikdan,cebuano
sanípa,hiligaynon
kuwitis,tagalog
sumailalim,tagalog
ríhas,hiligaynon
bitlingan,tagalog
ihawan,tagalog
hinát,hiligaynon
gumigiling,ilocano
pagpatay,cebuano
mammadles,ilocano
kagitlahan,tagalog
gáb-ul,hiligaynon
húndak,hiligaynon
sibilyan,tagalog
paibabawan,tagalog
sinulat,cebuano
agaw,cebuano
sághid,hiligaynon
asuwang,tagalog
ipagtingi,tagalog
nacabus busor,ilocano
taliwtiw,cebuano
sukisoken,ilocano
istátik,cebuano
maisupiat,ilocano
matinguhaon,cebuano
mapera,tagalog
manggas,cebuano
búyung,cebuano
kadete,cebuano
berdigáy,hiligaynon
glória,hiligaynon
lumikas,tagalog
beisbolan,tagalog
bingkil,cebuano
magubaon,cebuano
láruk,cebuano
"labnub, labnug",cebuano
sumping,tagalog
bug-óngan,hiligaynon
linab,tagalog
sulugálan,hiligaynon
halubagat,tagalog
butáka,cebuano
binágtong,hiligaynon
tog-ab,cebuano
lugo,tagalog
"bulaus, buláus",cebuano
ipangulo ti trabajo ti oficina,ilocano
tagadukot,tagalog
luwa,cebuano
pang-uupasala,tagalog
nacababin,ilocano
papagliyabin,tagalog
bilhad,cebuano
kagamitang-pandigma (mga -),tagalog
pagyukdo,tagalog
bungon,ilocano
iskuwadrun,cebuano
papaya,tagalog
uláb,hiligaynon
ilung,cebuano
matanggap,tagalog
balo a lalaki,ilocano
radyograp,tagalog
"labag, lábag",cebuano
bumawas,tagalog
bakir,ilocano
kubkub,cebuano
apinahin,tagalog
dugang,cebuano
makaluluoy,cebuano
ispúku,cebuano
galúng,hiligaynon
pang-uuyam,tagalog
tagarepaso,tagalog
bagransiya,cebuano
makapagpapusyaw,tagalog
salas,cebuano
al-allia,ilocano
oficial,ilocano
úling,hiligaynon
ragragsac,ilocano
salima-óhon,hiligaynon
pagsagol,cebuano
magpapuhunan,tagalog
pasumbingay,cebuano
angawen,ilocano
pagbutog,cebuano
sígpaw,hiligaynon
kaliksi,cebuano
wágak,hiligaynon
hara,cebuano
salusoy,tagalog
barbil,cebuano
gastahon,cebuano
tagapangulo,tagalog
pagsiko,cebuano
patirahan,tagalog
mababata,tagalog
mithi,cebuano
um-um,cebuano
tunggal maysa,ilocano
kartutso,tagalog
nami,tagalog
tambulero,tagalog
sulisog,ilocano
dikay,tagalog
maibigin,tagalog
punasan,ilocano
sihít,hiligaynon
sangapulo ket walo,ilocano
inang-bayan,tagalog
kagyo,cebuano
paus-us,cebuano
gulilat,tagalog
panagbinuosor,ilocano
awang,tagalog
karlang,cebuano
panghinaot pangandoy,cebuano
panagtapok,cebuano
paling,tagalog
sarhan,tagalog
unggà,cebuano
maglayas ng babae,tagalog
gúnda,hiligaynon
niya,cebuano
bíba,hiligaynon
langit,ilocano
salángyat,hiligaynon
curiat,ilocano
háyà,hiligaynon
pagpakita,cebuano
gumáa,hiligaynon
mahuthutan,tagalog
"gawal, gáwal",cebuano
makumpiska,tagalog
pagkaitan,tagalog
cumanong,ilocano
ispatlayit,cebuano
pahúlì,cebuano
gapas,tagalog
ulimpíkir,cebuano
tunga,cebuano
Nini,tagalog
pungil,cebuano
talinig,tagalog
maidaramudom,ilocano
katahapan,cebuano
sa pamatasan,cebuano
nabungsot,ilocano
dagiti letra manipud a inggana iti z,ilocano
awutsayid,cebuano
silinyasi,tagalog
patamaan,tagalog
samad,cebuano
naiyayus,ilocano
pagsapulan,ilocano
makuha pag-usab,cebuano
pagkahutukin,tagalog
catugangan (a lalaki),ilocano
drowing,tagalog
kaha,cebuano
sumupiat,ilocano
pagpapatinda,tagalog
ulípon,hiligaynon
taan,tagalog
hinagap,tagalog
mabulo,tagalog
sikúp,hiligaynon
papamiliin,tagalog
tilawan,cebuano
ladawan,ilocano
lagyan ng entrepanyo,tagalog
malikayon,cebuano
katakáta,cebuano
sukárap,cebuano
búnok,hiligaynon
háylo,hiligaynon
salá-sála,hiligaynon
sawî,hiligaynon
istorya,cebuano
kinakailangan,tagalog
babaye nga manlalaba,cebuano
almuháda,cebuano
"ulíhi, ulihí",hiligaynon
capasanglay,ilocano
hagkot,cebuano
sanglitanan,cebuano
digri,tagalog
belbet,tagalog
bassit a balay,ilocano
igid,ilocano
gumilid,tagalog
pinagkakatiwalaan,tagalog
dismayar,cebuano
ang paggiya sa sakyanan,cebuano
talged,ilocano
direktoryo,tagalog
kuteho,tagalog
babáylan,hiligaynon
kaiihi,tagalog
nguni't,tagalog
balintúwad,cebuano
pangiumay,cebuano
kolasyon,tagalog
mahapo,tagalog
casasaad,ilocano
kiyud,cebuano
Punsiyu Pilátu,cebuano
bokál,hiligaynon
madaling iagpang,tagalog
ti immuna,ilocano
úlaw,cebuano
taga baryo,cebuano
makra,cebuano
import,tagalog
báwal,hiligaynon
panuga,tagalog
panagpangato wenno panagbaba ti danum ti baybay,ilocano
pakaluskusin,tagalog
sumalo,tagalog
bangut,cebuano
sanglitánan,hiligaynon
artista,cebuano
mouli,cebuano
magdalihan,tagalog
álum,cebuano
komisyon,tagalog
ipacaamo,ilocano
tigbayad sa bangko,cebuano
paghagawhaw,cebuano
sungkod,cebuano
danggà,cebuano
mandukit,tagalog
bung-aw,cebuano
upakan,tagalog
pagtumod,cebuano
lawom,cebuano
gamu,cebuano
sumpang,cebuano
wáwha,hiligaynon
agente ti seguro,ilocano
karun,cebuano
gorgoríta,hiligaynon
magkulti,tagalog
lihok,cebuano
talken,ilocano
sinsus,cebuano
tula,tagalog
tabî-tábì,hiligaynon
pagbugaw,tagalog
bítbit,hiligaynon
termometro,tagalog
ulog-ulog,cebuano
estenopgrapya,tagalog
pagtitiltil,tagalog
tandang,cebuano
baril,cebuano
gidaghanon,cebuano
patimog,tagalog
pagsalisihin,tagalog
ibig,tagalog
gábaw,hiligaynon
empleada,tagalog
karning-baboy,tagalog
plantsang de-koryente,tagalog
hatag,cebuano
magbuslog,tagalog
lalaki,cebuano
síok,hiligaynon
gunimbilang,tagalog
nutisya,cebuano
dayag,cebuano
usdu,cebuano
kawastuan,tagalog
bakunahan,cebuano
panangabac,ilocano
uliran,tagalog
dispinsasiyun,cebuano
panggigilalas,tagalog
silipálon,hiligaynon
minutero,tagalog
"búsà, búsa",hiligaynon
samót,hiligaynon
pumuga,tagalog
addaan adu nga asawa,ilocano
makahiyà,cebuano
managpilit,ilocano
pagmantala,cebuano
munitur,cebuano
salagyáwan,hiligaynon
nagtakilid,cebuano
hingapusán,hiligaynon
mustása,cebuano
saan a casapulan,ilocano
sari,tagalog
salítre,hiligaynon
pahatid sa radyo,tagalog
etiketa,tagalog
básul,cebuano
hábò,hiligaynon
suráb,hiligaynon
kyamud,cebuano
bartuníku,cebuano
masala,tagalog
kapangahasan,tagalog
wala'y kaarang,cebuano
usdu,cebuano
gumiwang-giwang,tagalog
torre,ilocano
kahilayan,cebuano
ulípon,hiligaynon
punsiyun,cebuano
pumawi ng uhaw,tagalog
lutahan,cebuano
aluwíhaw,cebuano
sunúd-sunúd,hiligaynon
búkag,hiligaynon
"sagráda, -o",hiligaynon
delantal,tagalog
mapipigilan,tagalog
basuin,tagalog
desk,tagalog
casapulan,ilocano
bató,hiligaynon
kawalang-tiyak,tagalog
maskin,cebuano
dugangan,cebuano
abtik,cebuano
sukwahi,cebuano
inaina,cebuano
agcucuyog nga agbanniaga wenno lumasat iti nawatiwat a tanap,ilocano
maparurusahan,tagalog
pagpalig-on,cebuano
mag-ama-amahan,tagalog
casla di agpayso,ilocano
pasasa,tagalog
motorciclo,ilocano
imbudo,tagalog
inbuyis,cebuano
maysa a kita ti ay-ayam,ilocano
nabiit pay,ilocano
lihat,cebuano
salapwang,cebuano
umayuda,tagalog
sámbit,hiligaynon
quiso,ilocano
mag-akma,tagalog
ginhawaan,cebuano
súrù,cebuano
paladigma,tagalog
balisawsawin,tagalog
salaysalay,tagalog
gikinahanglan uyamot,cebuano
sutuy,cebuano
magkarera,tagalog
sugat,tagalog
reunyon,tagalog
tsart,cebuano
anding,cebuano
lang-aben,ilocano
empleado ti banco,ilocano
pagkatao,tagalog
ighuhupay,cebuano
muskulado,tagalog
tagahatol,tagalog
nacagura,ilocano
hangdál-hángdal,hiligaynon
hulát,hiligaynon
pagsasao,ilocano
tambal sa malarya,cebuano
oberkot,tagalog
pigit,tagalog
kalit,cebuano
gayong,cebuano
tabyun,cebuano
pabalúnan,cebuano
"balilikid, balilíkid",cebuano
kamping,tagalog
pamimitig,tagalog
dilaab,cebuano
nalabhan,tagalog
maton,tagalog
rápir,cebuano
lángay,cebuano
mambiro,tagalog
ngumanga,tagalog
linay,tagalog
"dusáus, dusáhus, dusáwus",cebuano
batuta,cebuano
panangkap,tagalog
lúyang,cebuano
abakada,tagalog
nagdaan,tagalog
púsu,cebuano
mabini,tagalog
prisidint,cebuano
aramaten,ilocano
trinserahan,tagalog
imitasyon,tagalog
"sísì, sîsî",hiligaynon
agpalpalama,ilocano
"seladór, seladóra",hiligaynon
blater,tagalog
takad,tagalog
wasigán,hiligaynon
apugan,tagalog
kaloob-looban,tagalog
sa malapit doon/roon,tagalog
butanganan,cebuano
rumipeke,tagalog
tuway,cebuano
uláwa,hiligaynon
iktin,cebuano
bag-o pa,cebuano
sindakin,tagalog
kunínit,cebuano
pagcalatcatan,ilocano
nakalimtan,cebuano
nagsimang nga dalan,cebuano
pandaw,tagalog
manraket,tagalog
ipanalo,tagalog
maglakad,tagalog
wánang,cebuano
magkulupon,tagalog
pagbuludan,ilocano
húkay,hiligaynon
bantilíngon,hiligaynon
pathaw,cebuano
natalged,ilocano
makilumpon,tagalog
hanúl-an,hiligaynon
pili,tagalog
hakúb-hakúb,hiligaynon
baríkas,hiligaynon
klír,cebuano
pagpangita,cebuano
desesperada,tagalog
dayukdok,tagalog
yanà,cebuano
iklisyastiku,cebuano
tali a naiparaut iti aso,ilocano
simbágo,hiligaynon
habid-habid,tagalog
panghihipo,tagalog
mabuhay,tagalog
pagtatanghal,tagalog
mamarak,tagalog
himala,tagalog
pannacakigtot,ilocano
regla,tagalog
pagkakasuwato,tagalog
saríg-sárig,hiligaynon
paglaoken,ilocano
di-sibilisado,tagalog
wakya,tagalog
dinakpan,cebuano
but-uk,cebuano
malingka,cebuano
Romano,tagalog
walang-laman ang ulo,tagalog
bakho,cebuano
catengngaab,ilocano
pantasma,cebuano
sampúngan,hiligaynon
hiliúgyon,hiligaynon
sánggol,hiligaynon
hábnus,hiligaynon
delingkuwente,tagalog
marca,ilocano
tasa,tagalog
enerhiya,tagalog
kuwanggol,cebuano
kaalam,tagalog
tandugon,cebuano
nacascasdaaw,ilocano
basisig,tagalog
munisyones,tagalog
tawen,ilocano
malígas,cebuano
simotsimot,ilocano
kabilinggan,cebuano
badyet,cebuano
kumpiyansa,cebuano
buás,hiligaynon
managdakes,ilocano
daginot,cebuano
salákot,hiligaynon
sakop,tagalog
hakog,cebuano
adal,ilocano
luro,tagalog
hoón-hóon,hiligaynon
agnanayon,ilocano
mapasayluon,cebuano
artesyano,tagalog
gakáp,hiligaynon
tarúngan,cebuano
kalampagan,tagalog
sambahan,tagalog
magrebisa,tagalog
balangáw,hiligaynon
kabat,cebuano
ubánon,hiligaynon
may-pasubali,tagalog
dumumi,tagalog
napartac,ilocano
mabatukon,cebuano
iungag,cebuano
pastos,cebuano
lista naummong a pacaammo,ilocano
hukó,hiligaynon
tawing,tagalog
pagpuno,cebuano
subhan,tagalog
paghawa,cebuano
bágay,hiligaynon
hinúnlan,hiligaynon
burántoy,hiligaynon
paghatag katungod,cebuano
sirib,ilocano
guhák,hiligaynon
buot ipasabot,cebuano
petrolyo,cebuano
sanggà,cebuano
payag sa mga indyano,cebuano
umangan,tagalog
magpalaganap,tagalog
ihawak,tagalog
panangipalgac,ilocano
patuluan,tagalog
muskit,cebuano
matríru,cebuano
makabuti,tagalog
tukul,cebuano
sáklit,hiligaynon
nabatian,cebuano
hungút,hiligaynon
banhaan,cebuano
pagbalikas,cebuano
pagsundot,tagalog
convencion,ilocano
map-aubsanon,cebuano
katakut-takot na tao,tagalog
likyad,cebuano
hugot,cebuano
arithmetika,tagalog
sárà,hiligaynon
inlards,cebuano
yumamot,tagalog
yacayaken,ilocano
simhuta,cebuano
agtungpal,ilocano
palakpakan,tagalog
pagkabasag,tagalog
magdurado,tagalog
paralis,tagalog
nakalalasing,tagalog
binlid,tagalog
madaling tablan,tagalog
magpapatigayon,cebuano
ingon,cebuano
dangarag,cebuano
pátirn,cebuano
pagbinawo,cebuano
"balikótot, balikotót",hiligaynon
wálak,hiligaynon
kalat,tagalog
kustabularya,cebuano
kahang bakal,tagalog
maghinuha,tagalog
pagbili,tagalog
pupunta,tagalog
mabingas,tagalog
panaglpon,cebuano
mamula-mula,tagalog
alipatpat,cebuano
kalaskálas,cebuano
síd-an,hiligaynon
siripálon,hiligaynon
documento ti linteg,ilocano
dayaw,ilocano
Amerisyum,tagalog
panyuelo,tagalog
lente sa mga mata,cebuano
minuto,tagalog
mamahay,tagalog
translation,tagalog
masakiton,cebuano
kainaman,tagalog
karo,cebuano
Enero,cebuano
kumaskas ng takbo,tagalog
brigada,cebuano
pangulo,cebuano
ammuen,ilocano
káru,cebuano
walang-wakas,tagalog
úd-ud,hiligaynon
harákay,hiligaynon
sámad,hiligaynon
gana,cebuano
naannad,ilocano
nalaing,ilocano
rúsdak,hiligaynon
paseo,tagalog
ilag,tagalog
absulutismo,tagalog
lalong kanais-nais,tagalog
hili,tagalog
babaye nga dumianon,cebuano
bitlag,tagalog
"báslan, baslánay",hiligaynon
nadapatan,cebuano
butay,cebuano
heruhan,tagalog
hólhol,hiligaynon
prupyidad,cebuano
maghimo,tagalog
maayo'g dungog,cebuano
magsupling,tagalog
palutaw,cebuano
sáklay,hiligaynon
aluhánay,cebuano
noon pa man,tagalog
kanduli,tagalog
kapi,cebuano
responsoryo,tagalog
antagunismu,cebuano
sapulen,ilocano
kalagsik,cebuano
balintúwad,hiligaynon
hardinéro,hiligaynon
sa kasagaran,cebuano
lohika,tagalog
pagpusipusen,ilocano
magpaikut-ikot,tagalog
salindánaw,cebuano
katrato,tagalog
mídi,cebuano
balibay,cebuano
bistahan,tagalog
kingki,cebuano
paingay,tagalog
mahayag,cebuano
sinsilyo,tagalog
tupus,cebuano
murádu,cebuano
embestidura,tagalog
páris,cebuano
kinaawan naguneg,ilocano
hamuy,cebuano
ipagsopas,tagalog
tadyang,tagalog
lapalapa,cebuano
silaw,ilocano
usa ra,cebuano
híro,hiligaynon
umiskor,tagalog
absuweltuhin,tagalog
talatuntunan,tagalog
kalantari,tagalog
"salad-ángan, saládngan",hiligaynon
itala ang bayad,tagalog
nagasat,ilocano
pagpabatiran,tagalog
núrul,cebuano
awan ti uray siasino man,ilocano
pakikipagkita,tagalog
panangagaw,ilocano
tramo,tagalog
agsasabali a dirrecion,ilocano
bóg-oy,hiligaynon
hikot,cebuano
palamayanan,tagalog
dumaplis,tagalog
pagbalda,cebuano
eksplotasyon,tagalog
magpahinguto,tagalog
"bínlan, bínli, etc.",hiligaynon
sa may,tagalog
kalkag,cebuano
ballena,ilocano
binasang habol,cebuano
muntiin,tagalog
kalibutanon,cebuano
biks,cebuano
pahawin,cebuano
tubal,tagalog
ipamatay,tagalog
ugáling,hiligaynon
paghihimagsik,tagalog
makipagboksing,tagalog
balanságon,hiligaynon
makasalok,tagalog
bandejado,ilocano
pipis,cebuano
lisian,ilocano
mag-almusal,tagalog
hunahunaon,cebuano
rotonda,tagalog
magbalintuwad,tagalog
binaba,cebuano
tumatapos,cebuano
kandado,cebuano
plitsa,cebuano
bulihala,tagalog
bugalón,hiligaynon
datapuwa,tagalog
paghihilik,tagalog
pagbabagong idrotermal,tagalog
haykapanayanon,tagalog
sugpà,cebuano
karinyoso,tagalog
imbabaw,tagalog
dumihan,tagalog
perpetwa,tagalog
tunga,cebuano
bakól,hiligaynon
sangsang,cebuano
tulung-tulong,tagalog
magsirko,tagalog
lyábi,cebuano
magkaupong,tagalog
pumusta,ilocano
opal,tagalog
"bubúng, bubungán",hiligaynon
uwag-úwag,cebuano
nabasa,ilocano
sisiw na kalapati,tagalog
arapal,cebuano
matagpo,tagalog
wala'y sapot,cebuano
katampalasanan,tagalog
gansà,cebuano
kabling,tagalog
salamankíro,hiligaynon
siroc,ilocano
hulagway,cebuano
sihang ladlad,tagalog
pagliwat,tagalog
Pascua,ilocano
baybay,tagalog
buyangyang,tagalog
biglang paglitaw,tagalog
bastos,tagalog
sayási,hiligaynon
irugi,ilocano
kanonikal,tagalog
maghikaban,tagalog
dalusan,ilocano
Mataas na Kapulungan,tagalog
pannakisao,ilocano
bús-og,hiligaynon
pagbuntog,cebuano
tinagsip,cebuano
kuyamas,cebuano
bákud,cebuano
garóti,hiligaynon
pagtanum,cebuano
magbigay-lugod,tagalog
magpaengkargo,tagalog
binunyágan,hiligaynon
linteg,ilocano
Adbiyento,tagalog
rimarim,tagalog
wala'y lami,cebuano
V. agayus,ilocano
makaligo,tagalog
paggitgit,tagalog
agannad,ilocano
sapatirya,tagalog
pagbatikos,tagalog
ruot,ilocano
capitulo,ilocano
padamdam,tagalog
galít,hiligaynon
mangmangged,ilocano
hinimóan,hiligaynon
kalo,cebuano
proverbo,ilocano
tabangkà,cebuano
isilid,tagalog
itudla,tagalog
gihít,hiligaynon
mahulaan,tagalog
kamulatan,tagalog
agbambantay,ilocano
umasal,tagalog
instinto,tagalog
úkdan,hiligaynon
mabunsol,tagalog
pintas,ilocano
tabón-ak,hiligaynon
sapâ-sápà,hiligaynon
tigpud,cebuano
binakak,cebuano
salig,cebuano
gawas,cebuano
bumale,tagalog
hánap,hiligaynon
hangúl-hangúl,hiligaynon
huwisyo,tagalog
bigay-bahala,tagalog
rám-os,hiligaynon
pamalatian,cebuano
pagkatuklas,tagalog
curang,ilocano
hinubón-húbon,hiligaynon
magwisik,tagalog
túnik,cebuano
suluayón,hiligaynon
barumbáda,hiligaynon
priparatúri,cebuano
pangkis,ilocano
buhanginan,tagalog
gansílyo,hiligaynon
kapaagihan,cebuano
hinámà,hiligaynon
pumalakat,tagalog
naan-anay,ilocano
makapakurat,cebuano
badaybaday,cebuano
anting,cebuano
licensia,ilocano
bukás,hiligaynon
may mukhang tapat,tagalog
haluan,tagalog
talasok,tagalog
palso,tagalog
cargador cadagit vapor,ilocano
batong mahal,cebuano
walang-kagana-gana,tagalog
sumuloy,tagalog
páding,cebuano
barás,hiligaynon
ayab,ilocano
bungi,tagalog
bálud,hiligaynon
lagas,tagalog
dyam,cebuano
sita,tagalog
pagsisinghut-singhot,tagalog
daculap kita ti cayo a cas ti niog,ilocano
bigo,tagalog
takapan,tagalog
lingkud,cebuano
magkonsulta,tagalog
bágsang,hiligaynon
duldol,tagalog
himul-áwon,hiligaynon
saan a pannacapnec,ilocano
homóy-hómoy,hiligaynon
imbǐs,cebuano
bíntay,hiligaynon
paroonan,tagalog
sumibad,tagalog
dibuhayin,tagalog
ricnaen,ilocano
limbo,tagalog
kurdun,cebuano
balahibo,tagalog
sirbísa,cebuano
pagdigusan a siled,ilocano
makisilingan,cebuano
paglasi,tagalog
biráw,hiligaynon
magpatakbo,tagalog
manlinlang,tagalog
hímbis,hiligaynon
lipak-lipak,tagalog
tono,tagalog
kading,cebuano
rubál,hiligaynon
pagkukunwa,tagalog
karne,tagalog
patpatgen,ilocano
portiko,tagalog
sagay,cebuano
lakwanan,cebuano
capada,ilocano
tawiden,ilocano
"wátwat, wát-wat",hiligaynon
limatik,tagalog
gágo,hiligaynon
baybay,ilocano
multo,cebuano
ikom,tagalog
uhipan,cebuano
pakikipagdamayan,tagalog
duhay kahulogan,cebuano
iuli,cebuano
pangrugyan,ilocano
mabusisi,tagalog
yutyut,cebuano
agpada,ilocano
plamingku,cebuano
sunggo,tagalog
magpabuwis,tagalog
palawag a naisurat ken sinapataan,ilocano
ulalóng,hiligaynon
tiglaroylaroy,cebuano
nasudlan og ispirito,cebuano
gargantilya,tagalog
capote,ilocano
lechonen,ilocano
awasanan sa hugaw,cebuano
rayos-ekisin,tagalog
dackel,ilocano
maliyo,tagalog
gulapay,tagalog
harína,cebuano
pinakamakapangyarihang puno,tagalog
híwat,hiligaynon
ukát-úkat,hiligaynon
balabala,ilocano
suput,cebuano
bálud,hiligaynon
lundagin,tagalog
bunga,ilocano
pagdaot,cebuano
langgung,cebuano
gubán,hiligaynon
gatangen babaen ti correo,ilocano
daga,ilocano
pagkubkob,tagalog
maayo kaayo,cebuano
tripulanti,cebuano
sírik,hiligaynon
bantíling,hiligaynon
adurnu,cebuano
pagpapalagay,tagalog
bálang,hiligaynon
tuliruhin,tagalog
bangug,cebuano
udáyhon,hiligaynon
awahi,cebuano
propeso,tagalog
canta,ilocano
amáyung,cebuano
pulseras,tagalog
sandíya,hiligaynon
lalab,tagalog
daling mabuak,cebuano
bugtaw,cebuano
acero,ilocano
naganac a saanna a tiempo,ilocano
pagpapawalang-sala,tagalog
calgaw,ilocano
balda,cebuano
alagay,cebuano
ligtas,tagalog
hunglus,cebuano
di makahimo,cebuano
búdlò,hiligaynon
paglililok,tagalog
hugas-bigas,tagalog
sagbuton,cebuano
palingal-lingal,tagalog
ulímpay,hiligaynon
magpaalab,tagalog
"híras, hirás",hiligaynon
família,hiligaynon
tungkos,tagalog
wágay,hiligaynon
istapbul,cebuano
pangaplag,cebuano
pananamba,tagalog
holóy,hiligaynon
iccaten,ilocano
pagurayan,ilocano
madalawit,tagalog
hulo,tagalog
tag-iya sa yuta,cebuano
magkakapantay,tagalog
batirya,tagalog
kumanlong,tagalog
mahunahunaon,cebuano
pagdaot,cebuano
banál,hiligaynon
saylub,cebuano
magbuntot,tagalog
makasasala,cebuano
lípak,cebuano
síot,hiligaynon
panagbaba,ilocano
panang-limlimo,ilocano
kumunismo,tagalog
puyo,tagalog
paghikay sa panid,cebuano
kunya,cebuano
pukupúku,cebuano
tindog,cebuano
sosyuhan,tagalog
warâ ti,hiligaynon
batirplay urkids,cebuano
dayon,cebuano
sínta,hiligaynon
busáag,hiligaynon
sakáb,hiligaynon
sibáy,hiligaynon
sangadocena,ilocano
ambas,cebuano
aplayan,tagalog
dugo't laman,tagalog
huraráy,hiligaynon
matag adlaw,cebuano
butâ-bútà,hiligaynon
paghagit,cebuano
mungha,cebuano
matanghalianan,tagalog
himabúyan,hiligaynon
búnak,hiligaynon
likod-bahay,tagalog
hán-aw,hiligaynon
Habanesa,tagalog
gasket,tagalog
paniguro,cebuano
kinudkod,tagalog
paggahasa,tagalog
"pulmun, pulmunya, pulmuníya",cebuano
siál,hiligaynon
busawan,cebuano
magmangmang,tagalog
kinahanglanon,cebuano
naladngit,ilocano
ulutangán,hiligaynon
paina,tagalog
angkin,tagalog
kolehiyala,tagalog
iwacsi,ilocano
mabaghan,tagalog
urkiyu,cebuano
pamaayo,cebuano
iutos,tagalog
báy-ad,hiligaynon
kasabihan,tagalog
hambog,tagalog
satellite,tagalog
baguneta,tagalog
pagpaurong,cebuano
eskorbuto,tagalog
milyunarya,tagalog
bugang,tagalog
pagdiit,tagalog
bunggoy,ilocano
báhan,cebuano
súrok,hiligaynon
dadael,ilocano
pag-alima,cebuano
isu (babai),ilocano
kunhod,cebuano
pangal,tagalog
bugkos,cebuano
helmet,tagalog
habáy,hiligaynon
tahod,cebuano
sánto,hiligaynon
gutubgutub,cebuano
kunin,tagalog
suson,tagalog
nalinsad,tagalog
burunál,hiligaynon
confesar,ilocano
di-marinig,tagalog
dangan,cebuano
sangay,cebuano
kinasadut,ilocano
botas,cebuano
pakanan,tagalog
trinsas,cebuano
limahan,cebuano
súmpà,hiligaynon
panawen ti panagubing,ilocano
ráning burd,cebuano
gitahasan,cebuano
salisalen,ilocano
papagkasunduin,tagalog
dimdim,cebuano
ngil-ad,cebuano
retratista,tagalog
ritúki,cebuano
sara,ilocano
ipag-agam-agam,tagalog
sálwan,hiligaynon
balantay,tagalog
baki,cebuano
balónos,hiligaynon
lalas,tagalog
diriksiyun,cebuano
dahil sa,tagalog
sagálsal,hiligaynon
kambang,tagalog
sinípa,hiligaynon
badya,tagalog
dangatan,cebuano
propyetarya,tagalog
ihimatong,tagalog
hulúng,hiligaynon
sulát,hiligaynon
rosason,cebuano
pambalani,tagalog
bawnus,cebuano
limite,tagalog
nung,cebuano
pakamiganan,cebuano
wari-wari,tagalog
hanging sungsungon,cebuano
basabasa,cebuano
linso,tagalog
sagbayan,cebuano
núta,cebuano
mapaihi,tagalog
bútà,hiligaynon
hingabón,hiligaynon
magsadya,tagalog
nalayus,ilocano
paghiging,tagalog
naliday,ilocano
kaldereta,tagalog
suma,cebuano
balon,cebuano
kahanas,cebuano
puno ng kahulugan,tagalog
bugun,cebuano
magkasinghaba,tagalog
hánot,hiligaynon
mahigop,tagalog
subída,cebuano
kalisto,cebuano
kadtu,cebuano
bangun,cebuano
kab-ang,cebuano
urong,tagalog
wala'y panimuot,cebuano
kapwa bata,tagalog
babaw,cebuano
pikpik,cebuano
teleponista,tagalog
kágaw,cebuano
balatiágon,hiligaynon
masalaypon,cebuano
bául,hiligaynon
naikeddeng a paginggaanna,ilocano
bolkán,hiligaynon
ebakwasyon,tagalog
usig,tagalog
miilog,cebuano
dayaen,ilocano
"hagúrut, hagurút",hiligaynon
buaya,cebuano
gipalpal,tagalog
daling maligid,cebuano
húmbak,hiligaynon
luso,cebuano
kahinahunan,tagalog
taras,tagalog
bungahoy ingon sa ubas,cebuano
hospitál,hiligaynon
sabaran,tagalog
kawalang-bahala,tagalog
duga,cebuano
síklat,hiligaynon
gratipikasyón,hiligaynon
klats,cebuano
dama-rama,tagalog
duol,cebuano
pabor,cebuano
koloran,tagalog
musmos,tagalog
kakarampot,tagalog
watí,hiligaynon
bín-bin,hiligaynon
itaas,cebuano
loro,ilocano
pusa,tagalog
lista,tagalog
fiscál,hiligaynon
gínang,hiligaynon
nasaysayaat,ilocano
magbuwag,tagalog
hinaharap,tagalog
ligsa,tagalog
búnlaw,hiligaynon
apid,tagalog
binatî-bátì,hiligaynon
sikrotóy,hiligaynon
háplos,hiligaynon
atraktibo,tagalog
mabutbuteng,ilocano
bilanggoan,cebuano
witwit,cebuano
pumento,tagalog
pagbuntog,cebuano
masusing pag-iisip,tagalog
dakes a tiempo,ilocano
balíkdò,hiligaynon
kosmetik,tagalog
pamasko,tagalog
tagumpay,cebuano
ikapagdimiti,tagalog
iraked,ilocano
balitók,hiligaynon
magtaboy,tagalog
guwarnisyon,tagalog
patawa,tagalog
hanggang sa kasalukuyan,tagalog
magniig,tagalog
bidâ,hiligaynon
panggepen,ilocano
mangasiwa,cebuano
pay-ut,cebuano
báid,hiligaynon
estrikto,tagalog
sipyat,cebuano
alum-om,cebuano
mabulukon,cebuano
kasiyahang-loob,tagalog
tigbas,cebuano
barátu,cebuano
managdacdakes,ilocano
pag-andar,tagalog
pacada,ilocano
kalis,cebuano
init,ilocano
napalubosan,ilocano
bungóton,hiligaynon
uslub,cebuano
bínlud,hiligaynon
butangan,cebuano
pananakit,cebuano
aportunado,tagalog
buágas,cebuano
hámlok,hiligaynon
pagdawat,cebuano
kaeksaktuhan,tagalog
dugmun,cebuano
giho,tagalog
waklay,cebuano
cerveza,ilocano
bárì,hiligaynon
mag-akay,tagalog
calintegan,ilocano
manlamlam,tagalog
manikis,tagalog
pangimayan,tagalog
gramar,tagalog
inaganan,ilocano
puwi,cebuano
isukbit,tagalog
macaawis,ilocano
dili matarong,cebuano
bugkos,cebuano
malukong,tagalog
huput,cebuano
bungog,cebuano
pagkakawatak-watak,tagalog
balatásan,hiligaynon
paninguha,cebuano
bag-ídan,hiligaynon
sulúypon,hiligaynon
iket,ilocano
guránit,hiligaynon
balagsang,cebuano
saling-uwang,cebuano
dibuho,tagalog
pagkikiskis,tagalog
wáling,hiligaynon
sangay,tagalog
híngubás,hiligaynon
malimbungon,cebuano
Maryúsip,cebuano
pagsaliksik,tagalog
húlyo,hiligaynon
hugnát-húgnat,hiligaynon
larawan,tagalog
nataengan,ilocano
kumapit,tagalog
dalo,tagalog
sumangguni,tagalog
macasalacnib,ilocano
entablado,cebuano
ang sulod,cebuano
anag,ilocano
sinip-ak,cebuano
bólo,hiligaynon
dumuduaw,cebuano
maipapan iti mata,ilocano
imatangan,ilocano
dumaing,tagalog
pagtaguan,tagalog
adlaw sunod ugma,cebuano
robin,ilocano
kilos-babae,tagalog
takúbu,cebuano
mangmangged,ilocano
búyuk,cebuano
binuang,cebuano
kislap,cebuano
"balikwáng, balíkwang",hiligaynon
pagsalaula,tagalog
nurmal,cebuano
yaman,ilocano
madaplisan,tagalog
tagagapas,tagalog
saláid,hiligaynon
reklamasyon,tagalog
duplikado,tagalog
dakop,cebuano
samalági,hiligaynon
ingkurdun,cebuano
suburno,cebuano
paabot,cebuano
tingkal,cebuano
báhoy,hiligaynon
butig,cebuano
makaranas,tagalog
kita,cebuano
bumalákal,hiligaynon
alisin sa tungkulin,tagalog
wiít,hiligaynon
sugilagming,cebuano
mangarga,tagalog
pantot,tagalog
pagpapaalis,tagalog
ilado,cebuano
panuyo,cebuano
pagsagop nga lumad-molupyo,cebuano
bákal,hiligaynon
gibwangán,hiligaynon
hikain,tagalog
naalluad,ilocano
takúgan,cebuano
bagáng,hiligaynon
anaa siya?,cebuano
medyaagwa,tagalog
hagnaw,cebuano
tapakan,tagalog
supiaten,ilocano
tulay,tagalog
renta,cebuano
paburítu,cebuano
panangsupiat,ilocano
mahunahuna,cebuano
tsinelasan,tagalog
balayoón,hiligaynon
burusánggal,hiligaynon
bútas,cebuano
panghingutas,cebuano
"hiwálà, panghiwálà",hiligaynon
hubkas,cebuano
balíkas,hiligaynon
úkut,hiligaynon
nalupoy,ilocano
alakan,cebuano
kasi,tagalog
libas,cebuano
tunokon,cebuano
magsanib,tagalog
yamugon,cebuano
agsakit,ilocano
magbakam,tagalog
palimos,cebuano
sagóp,hiligaynon
nakahihiya,tagalog
singkawan,tagalog
ampon,tagalog
sálà,hiligaynon
bántay,hiligaynon
umpok,tagalog
plag,tagalog
pagbuhatan,tagalog
alaen; iserrac; aramaten,ilocano
maragsacan,ilocano
lupaining dagatan,tagalog
enginiero,ilocano
nagasugod,cebuano
agwadur,cebuano
kalabaw,cebuano
auto,ilocano
pananagumpay,tagalog
nacaang-angaw,ilocano
gayat-gayat,tagalog
magmarangya,tagalog
tikyaub,cebuano
bulbúlan,hiligaynon
saluyson,tagalog
pag-itsa,cebuano
lagiw,cebuano
rigarás,hiligaynon
uyap,cebuano
komplikasyon,tagalog
maysa a kita ti cayo,ilocano
halos,cebuano
kondisyunal,tagalog
palanggana,tagalog
kitkit,cebuano
pariho,cebuano
sanga,cebuano
hormáhan,hiligaynon
Mantak,tagalog
purunggo,tagalog
palamiisen,ilocano
pertilayser,tagalog
hagiyos,cebuano
paanyagan,cebuano
baríri,hiligaynon
labak,cebuano
mapag-iwanan,tagalog
nurti,cebuano
igalot,ilocano
iggem,ilocano
pagkakabos,cebuano
rúbas,hiligaynon
agad-agad,tagalog
iparinig,tagalog
di-pagkaibig,tagalog
katulgon,cebuano
iccaten,ilocano
bando,tagalog
sulínga,hiligaynon
gísok,hiligaynon
yamungmong,tagalog
mabigyang-katwiran,tagalog
serenáta,hiligaynon
mapiskay,cebuano
mangsalda,ilocano
Kanadyano,tagalog
gúlung,hiligaynon
batsi,cebuano
panunot,ilocano
suyud,cebuano
tahuri,tagalog
antipara,cebuano
masisi,tagalog
magtika,tagalog
bandurin,cebuano
dagkot,cebuano
hanás,hiligaynon
sihág,hiligaynon
hilábong,hiligaynon
didtu,cebuano
goma,ilocano
minugbong sinulat,cebuano
ananangkil,cebuano
tagamtam,cebuano
paborito,cebuano
gántang,hiligaynon
tallo pulo,ilocano
kan-on,cebuano
bata nga masuso,cebuano
kabit,cebuano
buluarán,hiligaynon
kabukiranin,tagalog
malipong,cebuano
nasiit,ilocano
nasinggit,ilocano
estaka,tagalog
pagbakho,cebuano
paglikom,tagalog
súndol,hiligaynon
puan,cebuano
sampayód,hiligaynon
barína,hiligaynon
hilágus,hiligaynon
bantuk,cebuano
lamian,cebuano
Artiko,tagalog
naariweng,ilocano
managbuteng,ilocano
bulalakaw,cebuano
nagtatanong,tagalog
bandoléro,hiligaynon
bakóko,hiligaynon
may magandang-loob,tagalog
limay,tagalog
paglipad,cebuano
hukbong-panghimpapawid,tagalog
embalsamahin,tagalog
behuko,tagalog
makasalanta,tagalog
tahandas balindas,tagalog
salansanin,tagalog
baláyran,hiligaynon
bakasi,cebuano
pagdani,cebuano
inaramid ti ima,ilocano
kita,cebuano
gúnhat,hiligaynon
di-kinakalawang,tagalog
klip,cebuano
surubakô,hiligaynon
arugain,tagalog
balâ-balâ,hiligaynon
unya,cebuano
ambisyon,tagalog
plastico,ilocano
manadya,tagalog
sariwa,tagalog
salagin,tagalog
seglar,tagalog
labahin,tagalog
bantugan,cebuano
bisto,tagalog
rosal,cebuano
putos,cebuano
alaot,cebuano
dagiti saan a mamati iti Dios,ilocano
kadakilaan,tagalog
parasparas,cebuano
agsuysuyaab,ilocano
pagkatay,cebuano
komposisyon,cebuano
timbaya,cebuano
kanawin,tagalog
búgway,hiligaynon
langgam martinis,cebuano
táb-ang,hiligaynon
isdanlaringlaring,tagalog
mabination,cebuano
dackel nga igges,ilocano
kabansagan,tagalog
magtuwalya,tagalog
kasadya,cebuano
Viernes,ilocano
gipahayag,cebuano
heringgilya,cebuano
krema,cebuano
tacdang,ilocano
silat,tagalog
ginamos,cebuano
laagan,cebuano
pisngi,tagalog
gatangen,ilocano
girian,tagalog
paghubad,cebuano
dili pa dugay,cebuano
dayagnus,cebuano
mahinagap,tagalog
kabubut-on sa Diyos,cebuano
napakalasa,tagalog
tangkal,tagalog
kada gabii,cebuano
tumatub,cebuano
pulis,cebuano
uhog,tagalog
imaskara,tagalog
mag-espiya,tagalog
paglacuan,ilocano
uwian,tagalog
pilya,cebuano
kusbat,cebuano
blakrámi,cebuano
sira,cebuano
úl-ul,hiligaynon
"golpeáda, golpiyáda",hiligaynon
gotás,hiligaynon
astrunumíya,cebuano
umamen,tagalog
may-bisa,tagalog
awis,ilocano
tinedor,ilocano
mabdus,cebuano
damili,ilocano
relohería,hiligaynon
gádlas,hiligaynon
nickel,ilocano
pag-ahit,tagalog
pagtiponen,ilocano
ugat,cebuano
kúpug,cebuano
bansíkul,cebuano
sampútan,hiligaynon
upod,cebuano
bumarik,tagalog
kamot,cebuano
maghininga,tagalog
lahi,cebuano
balangkas,tagalog
drowingan,tagalog
may-kalyo,tagalog
sihílo,hiligaynon
bukawi,tagalog
nadumaduma,ilocano
tapusuk,cebuano
paggapang,tagalog
ngilngig,cebuano
ungos,tagalog
tsíning,cebuano
kaugma,tagalog
protesta,cebuano
looban,tagalog
salungkawit,tagalog
letteg,ilocano
sa kanunay,cebuano
umuy,cebuano
pagkadungo,tagalog
supút,hiligaynon
bayóko,hiligaynon
lumamog,tagalog
nailangitan,ilocano
wala mag-atiman,cebuano
gáid,hiligaynon
gúray,hiligaynon
ignorant,tagalog
kinalalabasan,tagalog
putugrapiku,cebuano
luminaryo,tagalog
gansung,cebuano
húkip,cebuano
maalinsangan,tagalog
pagdili,cebuano
napungot,cebuano
súgba,hiligaynon
magtungkod,tagalog
basa-basa,tagalog
kurtapluma,tagalog
amil,tagalog
pitagan,tagalog
napudaw,ilocano
hukbo,cebuano
baí-bái,hiligaynon
panahong hurasiko,tagalog
singkulyágas,cebuano
libelo,tagalog
ginsáng-an,hiligaynon
"buluhatón, buluháton",hiligaynon
bumalukag,tagalog
mas gantong,cebuano
sigud a cababalin,ilocano
hamókon,hiligaynon
panghadlang,tagalog
karitíla,cebuano
yasang,tagalog
palaisdaan,tagalog
bináboy,hiligaynon
halwat,tagalog
kuwartel-heneral,tagalog
liclican,ilocano
baláyhan,hiligaynon
kaayup-ayop,tagalog
kabot,cebuano
tahol,tagalog
sópsop,hiligaynon
nadagsen a panateng,ilocano
hudnohan,cebuano
mapuknat,tagalog
kasugiran,cebuano
firma,ilocano
mersenaryo,tagalog
masaklaw,tagalog
pulúhu,cebuano
palakpakan,tagalog
mainat,cebuano
kana,tagalog
laksot,cebuano
butil-butil,tagalog
napeggad,ilocano
balasaw,tagalog
ubús,hiligaynon
samok,cebuano
saliabgaw,cebuano
anay,ilocano
igam,ilocano
pagsalig,cebuano
puloy-anan,cebuano
upuan,tagalog
mula nga agcalatcat,ilocano
súnggò,hiligaynon
banig sa salok,cebuano
dehestyon,tagalog
biyudo,cebuano
gantun,cebuano
terasa,tagalog
matutù,cebuano
ipagitan,tagalog
dugmok,cebuano
"bungansíso, bungansísò",hiligaynon
cumadua,ilocano
tuso,tagalog
alerta,tagalog
siyerto,tagalog
lumabaga,ilocano
bantam wit,cebuano
kaligutgot,cebuano
singkuwinta,cebuano
dispensa,cebuano
sa-op,cebuano
masibugon,cebuano
tingkoy,cebuano
sáksak,hiligaynon
salawayon,cebuano
anglit,tagalog
may-kakayahan,tagalog
panghihiya,tagalog
salapid,cebuano
ambus,tagalog
magkaluban,tagalog
makicadua,ilocano
pagniningas,tagalog
panagwaywayas,ilocano
kaburaraan,tagalog
mas bantugan,cebuano
plumáhi,cebuano
yamíg,hiligaynon
sílik,hiligaynon
bulúgkáyog,hiligaynon
hilbanahan,tagalog
makapinon,cebuano
iya nga,cebuano
kabighanian,tagalog
"baluárte, balwárte",hiligaynon
subáng,hiligaynon
natured,ilocano
batahin,tagalog
gunuk,cebuano
ukúb-úkub,hiligaynon
pagpakapin,cebuano
dangàdangà,cebuano
sinóndan,hiligaynon
umaninaw,tagalog
kawkaw,tagalog
sapiring,cebuano
hasug,cebuano
kasuko,cebuano
sulat,cebuano
lagaring panistis,tagalog
playa,tagalog
hayag na,tagalog
rínda,hiligaynon
úghad,hiligaynon
benepisyarya,tagalog
sama,cebuano
makuyaw,cebuano
higantihan,tagalog
údal,hiligaynon
turil,cebuano
palwa,cebuano
tumila,tagalog
perdyem,tagalog
bisan diin,cebuano
palatahap,cebuano
sekso,cebuano
at saka,tagalog
maasin,tagalog
súlut,cebuano
ugnat,cebuano
ungdan,cebuano
labing diyutay,cebuano
úgsad,hiligaynon
pangkalahatan,cebuano
bula,cebuano
lansa,ilocano
hagawhaw,cebuano
mailigtas,tagalog
pundok sa sundalo,cebuano
pantina,tagalog
kaparis,tagalog
"kahíra, kahíru",cebuano
iccan,ilocano
tambayáwan,cebuano
panganan,ilocano
saan a naitumpong iti rumbeng a panawen,ilocano
saan a padapada,ilocano
pagsupsop,cebuano
silindrón,hiligaynon
bugsuk,cebuano
dalyang,cebuano
kabanasan,tagalog
wala'y katin-awan,cebuano
líkid,cebuano
awtokrata,tagalog
baraen,ilocano
bangî,hiligaynon
pinasanginlan,cebuano
harag,cebuano
panagcusit,ilocano
byátu,cebuano
walang-lingunlikod,tagalog
lislis,tagalog
mangangaliwa,tagalog
sapì,cebuano
pagpadala,cebuano
malitin,cebuano
walang-pakundangan,tagalog
ipamuhonan,cebuano
basisaw,ilocano
busug-busugán,hiligaynon
pannaca-urnos,ilocano
saan a tumutop,ilocano
pana,ilocano
hupak,tagalog
konsuylo,cebuano
turog,ilocano
balinguyngoy,tagalog
magasin,tagalog
kabaong,tagalog
burá,hiligaynon
unugan,cebuano
dungkà,cebuano
wayá-wayá,hiligaynon
dilinyante,tagalog
talcum,tagalog
pagpapaunti,tagalog
pingga,cebuano
bóklod,hiligaynon
ipabuya,ilocano
kaang,tagalog
hugkas,cebuano
buúng,hiligaynon
bunot,ilocano
pustura,tagalog
tango,tagalog
pabhas,cebuano
batúnis,cebuano
cumacanta,ilocano
iawang,tagalog
umuna,ilocano
husto,cebuano
tumamis,tagalog
hinalígi,hiligaynon
magitgitan,tagalog
walang-hanggan,tagalog
pagkawala'y pagbati,cebuano
kompiyansa,tagalog
tatak-koreo,tagalog
pasabut,cebuano
diri,cebuano
kabílaw,cebuano
minimaag,ilocano
matapos,cebuano
lumalangoy,tagalog
papagliwanagin,tagalog
awanan iti pateg,ilocano
garus,cebuano
canal,ilocano
medalya,cebuano
kabarkada,tagalog
malas,cebuano
mimiha-miha,tagalog
mangan,ilocano
pagpaparatang,tagalog
kurdísu,cebuano
pag-uyon,cebuano
kinabagan,cebuano
panagani,ilocano
lupa,tagalog
dapo,tagalog
Teknisyum,tagalog
lawag,ilocano
relyebe,tagalog
pagtakas,cebuano
mas lawum,cebuano
higot,cebuano
puweblo,tagalog
wala'y sukod,cebuano
nagpanalipud,cebuano
hanálì,hiligaynon
namin,tagalog
gul-anan,cebuano
taban,cebuano
ang pagkabuwag,cebuano
natalged,ilocano
nang buong pananabik,tagalog
pangsapaw,cebuano
pagwawagi,tagalog
bukáyù,cebuano
armada,ilocano
kalesero,tagalog
hilig-makalupa,tagalog
tagibi,ilocano
alkumbra,cebuano
nalatac,ilocano
hulubarán,hiligaynon
harsi,cebuano
pagpatay ug tawo,cebuano
baling na dagitab,tagalog
sa binabaay,cebuano
napakalinaw,tagalog
pagkiskisin,tagalog
walang-katapusan,tagalog
magpasunod,tagalog
tuslak,cebuano
huyáhoy,hiligaynon
pamagatan,tagalog
bandilaan,tagalog
malatinduk,cebuano
sagílit,cebuano
untop,cebuano
pag-imbaw,tagalog
gobernadór,hiligaynon
ruruot,ilocano
didal,tagalog
haplas,cebuano
naisayangguseng,ilocano
tumambang,tagalog
goma ti auto,ilocano
pusta,tagalog
salukan,tagalog
"ulóhan, ulohán",hiligaynon
andap,tagalog
kulbásà,cebuano
gantindusa,tagalog
makabaho,tagalog
garahe,cebuano
puli,cebuano
lagay,tagalog
ab-ab,cebuano
padapa,tagalog
bulág,hiligaynon
sa ganang sarili,tagalog
kasi,tagalog
superintendente,ilocano
pulbura,tagalog
sa linog,cebuano
makasama,tagalog
Layo,tagalog
buaya,ilocano
humubli,tagalog
residensiyal,tagalog
lawasan,cebuano
anghit,tagalog
pagdalaw,tagalog
magpatanda,tagalog
báskug,hiligaynon
magkagiliwan,tagalog
itlugan,tagalog
rugu,ilocano
bagyú,hiligaynon
íluk,cebuano
magaling-galing,tagalog
kúnut,cebuano
kini,cebuano
"hingúrut, hingurút",hiligaynon
makiunod,cebuano
pagbuntunan,tagalog
bánggad,hiligaynon
sawi,cebuano
galan,tagalog
sulápgot,hiligaynon
usahay,cebuano
mithi,cebuano
hapóy-hapóyon,hiligaynon
kawas,tagalog
pagpapatalastas,tagalog
bitóg-bitóg,hiligaynon
pagpapaumat,tagalog
ubáy,hiligaynon
mag-aalahas,ilocano
nabatasan,cebuano
kita ti sasacayan wenno vapor,ilocano
tudyuk,cebuano
umdas,ilocano
iya nga,cebuano
pasayaaten,ilocano
abada,ilocano
pasurayin,tagalog
bunga,cebuano
tantan,cebuano
aspiksya,tagalog
sultan,cebuano
alílis,cebuano
bawúnus,cebuano
magbanta,tagalog
taklay,cebuano
dutdot,ilocano
barog,cebuano
tan-awa,cebuano
agente,ilocano
bihasa,tagalog
hatag,cebuano
bayugbug,cebuano
panligtas-buhay,tagalog
rúntay,hiligaynon
ulianón,hiligaynon
kínut,cebuano
agut,cebuano
tuto,cebuano
kílay,cebuano
magunggon,ilocano
kamaya,cebuano
pag-angkon,cebuano
hitabo,cebuano
halik,tagalog
medya,tagalog
hari,cebuano
salabíhon,hiligaynon
balókoy,hiligaynon
lamparúnis,cebuano
kagulumihanan,tagalog
palas,tagalog
huksáray,hiligaynon
galít-galít,hiligaynon
bangon,tagalog
makabaril,tagalog
rugit,ilocano
luyluy,cebuano
gawang-paloko,tagalog
sáto,hiligaynon
sinangá-sánga,hiligaynon
dakes a gasat,ilocano
rahâ,hiligaynon
utlanan,cebuano
magbahagi,tagalog
misa,ilocano
toniko,tagalog
busdik,cebuano
batong kristal,tagalog
pasaklolohan,tagalog
agalibungubong,ilocano
ibilanggo,cebuano
proa,tagalog
kinabuhi sa olitawo o dalaga,cebuano
sapatos,cebuano
sisipen,ilocano
sakbat,cebuano
pagtsitsismisan,tagalog
"limunsítu, limunsítus",cebuano
sable,tagalog
puno,cebuano
bilitayán,hiligaynon
lusero,tagalog
buboy,tagalog
maberde,tagalog
agandaandap,ilocano
calagdaan,ilocano
igagaw,cebuano
bulutángan,hiligaynon
sapínit,hiligaynon
ibaile,tagalog
pagbalik sa katungdanan,cebuano
katingalahan,cebuano
awanan iti rugit,ilocano
malingawon,cebuano
paya,cebuano
katamanan,tagalog
sugdan,cebuano
sánduk,hiligaynon
temperature,tagalog
angay,cebuano
balibung,cebuano
mahari-hariong,cebuano
bináryo,hiligaynon
engkahe,tagalog
tunton,tagalog
muntinglúpà,cebuano
taktak,cebuano
suga,cebuano
pamalaoranan,cebuano
bungáyngay,hiligaynon
abenturosa-so,tagalog
kabyára,cebuano
wala na,cebuano
háplik,hiligaynon
gisi,cebuano
kiat,cebuano
umpù,cebuano
solaót,hiligaynon
pulseras,ilocano
tában,hiligaynon
magtugma,tagalog
salík,hiligaynon
diyip,tagalog
lalaking gansa,tagalog
saan a pudno,ilocano
laroy-laroy,cebuano
saripsipón,hiligaynon
paglalarawan,tagalog
balay pangaserahan,cebuano
bútas,hiligaynon
ulán,hiligaynon
tiktikan,tagalog
maganap,tagalog
pilátu,cebuano
gawa,tagalog
wiski,cebuano
dawaten,ilocano
kasipagan,tagalog
halay,tagalog
sapal,cebuano
masabi,tagalog
mali,cebuano
magkalakalan,tagalog
bungabunga,cebuano
nagcuco a saca ti ayup,ilocano
yútik,cebuano
bandyu,cebuano
pagkakambas,tagalog
pilosopohin,tagalog
orden,tagalog
kargadung-kargado,tagalog
talahuluganan,tagalog
kastidad,tagalog
ulúron,hiligaynon
kalang,tagalog
pasdec ti comercio,ilocano
sanggol,cebuano
ling-et,ilocano
himúnaw,hiligaynon
maicawalo,ilocano
kolono,tagalog
buhung,cebuano
katsa,tagalog
pare,tagalog
magpawi,tagalog
gangrína,cebuano
magapas,tagalog
cadagiti,ilocano
manghibo,tagalog
"gáring, garíng",hiligaynon
ugíut,cebuano
kamatayon,cebuano
timec,ilocano
midyu-midyo,tagalog
esperto,tagalog
radiator,tagalog
asiro,cebuano
inda,tagalog
huramentado,tagalog
adingmasin,cebuano
rág-ol,hiligaynon
agalon,cebuano
"bákiaw, bakiáw",hiligaynon
sandágan,hiligaynon
haléa,hiligaynon
panghambog,cebuano
biyolinista,tagalog
gitgit,tagalog
apog,tagalog
manigid,tagalog
magkalog,tagalog
caduan,ilocano
"ulóhan, ulohán",hiligaynon
puyrut,cebuano
sopéra,hiligaynon
hamóok,hiligaynon
pagbalik,tagalog
gupák,hiligaynon
wanglô-wánglò,hiligaynon
kumiling,tagalog
paigahin,tagalog
lumiksyon,tagalog
yátì,cebuano
matalag,cebuano
hígin,hiligaynon
sirí-síri,hiligaynon
paghupot,cebuano
lumput,cebuano
mambabalarila,tagalog
iputíka,cebuano
kinaan-anay,ilocano
ikasa,tagalog
kinalamuyot,ilocano
nagbansiwag,cebuano
sidsid,cebuano
batangbátang,cebuano
sapulin,tagalog
ngabngab,cebuano
patag,cebuano
tagasara,tagalog
melon,cebuano
bagsak,cebuano
tabyug,cebuano
pumirma,tagalog
batá-báta,hiligaynon
kabalisaksakan,tagalog
napundo,ilocano
suntokay,cebuano
byantì,cebuano
patnugot,tagalog
camangan,ilocano
balay,cebuano
pareho,tagalog
lokal,tagalog
mangasera,tagalog
tinggil,cebuano
kasal,cebuano
bíbi,hiligaynon
binúgwang,hiligaynon
hánghang,hiligaynon
diro,ilocano
hándal,hiligaynon
bangkílan,hiligaynon
mag-ansikot,tagalog
panagguyab,ilocano
maging marapat,tagalog
kayugot,cebuano
pag-abuso,cebuano
natay,ilocano
agpabaro,ilocano
antíhay,cebuano
pinsalain,tagalog
sóbrekáma,hiligaynon
nasaysayaat no wenno,ilocano
sili limed,ilocano
maicapat a paset,ilocano
diperensya,tagalog
búknit,hiligaynon
kulob,tagalog
pagkapikal,cebuano
pagpapanuto,tagalog
kota,tagalog
samu,cebuano
ngabngabin,tagalog
mabaihinon,cebuano
paagi,cebuano
kasuklaman,tagalog
inútil,cebuano
bikílan,hiligaynon
kayung,cebuano
bulíng-bulíngon,hiligaynon
laglag,cebuano
buluhinán,hiligaynon
kaduha,cebuano
pagsumpo,cebuano
nagloriaan,ilocano
kasuko,cebuano
iksit,cebuano
kasamok,cebuano
balinónas,hiligaynon
bohód,hiligaynon
báhas,cebuano
sungrod,ilocano
balut,cebuano
amas,tagalog
pagtukaw,cebuano
siging pagdugo,cebuano
batong-kiskisan,tagalog
tindak,cebuano
palabasen; iccan iti palubos,ilocano
alaen,ilocano
mabatid,tagalog
magpaangkat,tagalog
pyísa,cebuano
sab-ag,cebuano
pagnayonen,ilocano
bílog,hiligaynon
asiman,tagalog
magahi,cebuano
pana,cebuano
kukurtinahin,tagalog
dayawen,ilocano
bán-aw,hiligaynon
sumaksak,tagalog
itsiban,cebuano
agtà,cebuano
gíning,hiligaynon
tunelan,tagalog
pagyagubyob,cebuano
soda,tagalog
hurápsay,hiligaynon
bantay,cebuano
ista,tagalog
"silabó, silabô",hiligaynon
hiyang-hiya,tagalog
agad sa panahon,cebuano
hangyo,cebuano
górdo,hiligaynon
humati,tagalog
baladaw,cebuano
lambatin,tagalog
kartilya,tagalog
hádal,hiligaynon
kapig-ot,cebuano
Mannacamalin Amin,ilocano
tapolan,cebuano
bilí,hiligaynon
pulmon,tagalog
asintado,tagalog
nakasusuyang tao,tagalog
ganso a lalaki,ilocano
bulsilyo,tagalog
waraswáras,cebuano
parada,tagalog
sanggahan,tagalog
boxingero,ilocano
lungad,tagalog
pag-agwanta,cebuano
pagkatapos,cebuano
hapung-hapo,tagalog
papagkamalaying-tao,tagalog
malabsak,tagalog
sa ubos,cebuano
agbunga,ilocano
puntud,cebuano
Nangagkakaisang Bansa,tagalog
puroc,ilocano
soón,hiligaynon
umali,tagalog
hágkot,hiligaynon
kubiku,cebuano
halánig,hiligaynon
tighud,cebuano
segída,hiligaynon
kinababatayan,tagalog
mirasul,cebuano
tikaruy,cebuano
hinúl-an,hiligaynon
poto,tagalog
sumbálì,hiligaynon
súbak,hiligaynon
isagot,tagalog
bántang,hiligaynon
dakes,ilocano
kiwag,cebuano
pirimyu,cebuano
lupad,cebuano
gáplang,hiligaynon
nasayaat,ilocano
batbat,cebuano
baginás,hiligaynon
pagluag,cebuano
ang sulod,cebuano
nagliko-liko,cebuano
lituhin,tagalog
maysa,ilocano
walang-pamagat,tagalog
duot,cebuano
dutdut,cebuano
batí-báti,hiligaynon
napudno,ilocano
simbuyo,tagalog
Sirkonyum,tagalog
hampil,cebuano
katalo,tagalog
"hibók-hibók, hibók-híbok",hiligaynon
mariníra,cebuano
balay ti lawwalawwa,ilocano
Vaticano,cebuano
tindog,cebuano
padalapusan,ilocano
sakdaw,cebuano
aramid,ilocano
kinaimut,ilocano
tanos,cebuano
pagsasaritaan,ilocano
biti,cebuano
linsad,tagalog
singitan,tagalog
bautistéryo,hiligaynon
aksidu,cebuano
maingel,ilocano
biolohia,tagalog
patirahin,tagalog
dala,cebuano
búray,hiligaynon
simpatiku,cebuano
anhing,cebuano
siga,cebuano
unang,cebuano
hánag,hiligaynon
hinalúp,hiligaynon
nagsosolo,tagalog
kaliwat,cebuano
kaulilahan,tagalog
magbura,tagalog
manadyer,tagalog
binaríta,hiligaynon
putos,cebuano
kalù,cebuano
habilhábil,cebuano
milon,tagalog
mapinsala,tagalog
sárà,hiligaynon
"tabô, tabû",hiligaynon
beclat,ilocano
babassit a rayray,ilocano
sudlanan,cebuano
kawas kon,cebuano
masub-anon,cebuano
dinalian,cebuano
pampahilo,tagalog
kongratulasyon,tagalog
karumata,cebuano
makahupay,cebuano
managalis,ilocano
upaw,cebuano
Ingles,tagalog
ulugtásan,hiligaynon
tagubilinan,tagalog
linuto nga itlog nga binatil,cebuano
pagtungo,tagalog
lingagngag,cebuano
pagpugong,cebuano
musiko,tagalog
bilát,hiligaynon
hámlan,hiligaynon
tagasalo,tagalog
yuring,cebuano
suprema,tagalog
suroten,ilocano
bugtù,cebuano
napartac,ilocano
páyut,cebuano
hibalo,cebuano
sandúgò,hiligaynon
baliálà,cebuano
pasactan,ilocano
kaluwasan,cebuano
dagat-kipot,tagalog
yágsim,hiligaynon
iyágak,cebuano
kanahan,cebuano
mangingilak,tagalog
bakíntol,hiligaynon
metal,tagalog
hinúbig,hiligaynon
pagpangutana,cebuano
labhak,cebuano
bilóg,hiligaynon
pagpakita,cebuano
líbu,cebuano
mapabalik,tagalog
magbaling,tagalog
pagsangahin,tagalog
diíni,cebuano
bumaba,ilocano
paghunong,cebuano
manggilis,cebuano
balintawák,hiligaynon
pagkahanda,tagalog
yari sa goma,tagalog
ipitin,tagalog
itaas,cebuano
bagansiya,cebuano
ihiga,tagalog
salosa,cebuano
pasarinig,tagalog
sanaying mabuti,tagalog
ubing,ilocano
grádo,hiligaynon
tultol,tagalog
tibugsuk,cebuano
hiratáy,hiligaynon
salagimsim,tagalog
lala,cebuano
kalaban,cebuano
pagkopya,tagalog
ganggananaet,ilocano
huyáp,hiligaynon
saba,tagalog
mangabac,ilocano
sád-in,hiligaynon
pagbati,cebuano
bulalóy,hiligaynon
barî,hiligaynon
hámham,hiligaynon
magkaugnay,tagalog
hangyo,cebuano
sapin,tagalog
himnasyo,cebuano
busíksik,hiligaynon
plata,tagalog
granátsa,hiligaynon
súb-an,hiligaynon
ay-ay-ayam,ilocano
pamumugang,tagalog
paghiapil,cebuano
balay,ilocano
tabunan,tagalog
karurukan,tagalog
mag-aplay,tagalog
katungud,cebuano
ilalin,tagalog
korona,cebuano
"halalábon, halalabón",hiligaynon
pagpapasigla,tagalog
empresaryo,tagalog
nalilingkis,tagalog
amirol,tagalog
bakas,tagalog
limbas,cebuano
paset ti sinurutan,ilocano
pirgis,ilocano
ráad,hiligaynon
kabíkag,cebuano
kinamulatan,tagalog
tamális,cebuano
sitasiyun,cebuano
aksidente,tagalog
agsacsi,ilocano
bumaon,tagalog
gasolína,hiligaynon
matinaburon,cebuano
pagdait,cebuano
magbubulaklak,tagalog
baklaran,tagalog
tagapagbili,tagalog
ukun-úkun,cebuano
panghalili,cebuano
maggitling,tagalog
magpalipad,tagalog
cas iti,ilocano
mahinay,cebuano
bihisan,tagalog
rabaken,ilocano
hingúndang,hiligaynon
susic,ilocano
dutoken,ilocano
pagdidiyeta,tagalog
saládang,hiligaynon
húlio,hiligaynon
mapatawad,tagalog
panlabuin,tagalog
mahagiton,cebuano
piliting magsundalo o magmarino,tagalog
dumbol,cebuano
nakaratay,tagalog
madauton,cebuano
pagkaanaa,cebuano
liso,tagalog
kinahiladman,cebuano
narugit,ilocano
mainit-init,cebuano
balúng,hiligaynon
pità,cebuano
suway,cebuano
lilas,cebuano
hánhan,hiligaynon
sugo sa pagdakop,cebuano
di-matutulutan,tagalog
panlabindalawa,tagalog
irurumen,ilocano
magsimot,tagalog
lampas,tagalog
arterya,tagalog
sampalan,tagalog
údyak,hiligaynon
pangmamata,tagalog
panagcacadua,ilocano
hulagway,cebuano
lúgit,cebuano
bukáka,hiligaynon
pinihig,cebuano
síne,hiligaynon
canawan,ilocano
di-kawasa,tagalog
balhibo sa karnero,cebuano
pála,cebuano
labni,cebuano
karete,tagalog
nalamiis,ilocano
huyút-húyut,hiligaynon
bukya,cebuano
aluniging kidkid,tagalog
hatag,cebuano
makahahadlok,cebuano
yagabyab,cebuano
bánol,hiligaynon
buntut-buntutan,tagalog
duwahug,cebuano
ápir baks,cebuano
ulísi,cebuano
kusganon,cebuano
ibut,cebuano
magkadurug-durog,tagalog
diskutik,cebuano
suklì,cebuano
dagiti maaramat a pagputed,ilocano
alpa,tagalog
pakiluoy,cebuano
báwa,hiligaynon
binbimin,tagalog
sirib,ilocano
mang-ulo,tagalog
panungawan,tagalog
kahapunon,cebuano
gásang,cebuano
minuyongan ti ili&&&sabong,ilocano
paglungoy,tagalog
napigsa,ilocano
sunganga,tagalog
bítay,cebuano
lima pulo,ilocano
balà,cebuano
maglirip,tagalog
busak,cebuano
busbusin,tagalog
kapayakan,tagalog
kitig,tagalog
hanig,cebuano
timbangan,tagalog
mangabac,ilocano
takilyera,tagalog
hábiog,hiligaynon
hatáas,hiligaynon
panali,tagalog
magbulalas,tagalog
yúkdò,hiligaynon
tigri,cebuano
bentánà,hiligaynon
háplay,hiligaynon
tutuldok,tagalog
matuluyan,tagalog
camcamen,ilocano
sampal,tagalog
saksi,cebuano
casapula,ilocano
Waray,cebuano
paingkang-ingkang,tagalog
kahakog,cebuano
maipanggep kencuana,ilocano
Diciembre,ilocano
bayó,hiligaynon
niknik,tagalog
maarira,tagalog
yúbit,hiligaynon
paghinto,tagalog
marcaan,ilocano
hámpang,hiligaynon
kasangkapan sa balay,cebuano
awisen,ilocano
mamaraka,tagalog
kumitil,tagalog
panghimaraot,cebuano
sungkit,tagalog
solido,cebuano
rigám,hiligaynon
magpirat-pirat,cebuano
pamumukadkad,tagalog
mandalúsa,cebuano
balok,tagalog
bugkus,cebuano
awan ti maayna,ilocano
gatang,tagalog
bíslug,hiligaynon
baldi,cebuano
idad,cebuano
nasukir,ilocano
benneg,ilocano
magsusulat,cebuano
sa labing madali,cebuano
gisáw,hiligaynon
casia burburtia naricut,ilocano
singî-síng-i,hiligaynon
"wíswis, wís-wis",hiligaynon
maibagay,ilocano
bukana,tagalog
inspiksiyun,cebuano
tumunaw,tagalog
mapag-asa,tagalog
bungkusin,tagalog
batik,tagalog
dapal,tagalog
isulti,cebuano
kuha agi sa limbong,cebuano
umap-apuy,ilocano
paaanyaya,tagalog
úbus,cebuano
magkabalang,tagalog
pamitluen,ilocano
sama-sama,tagalog
balúghan,hiligaynon
magsabon,tagalog
parasparas,cebuano
búlkat,hiligaynon
kantinera,tagalog
mangipatacder,ilocano
napaka-di-makatarungan,tagalog
pagdarasal,tagalog
magpahilaga,tagalog
ingon sa,cebuano
maglarawan,tagalog
malaylay,ilocano
barkílyo,hiligaynon
karbon,cebuano
panagtengngel,ilocano
gáyo,hiligaynon
láhung,cebuano
suca,ilocano
pighati,cebuano
sa masayon,cebuano
itlog sa laki,cebuano
botanika,tagalog
walo,ilocano
magipit,tagalog
kumunsulta,cebuano
mailhanon sa utang-buot,cebuano
hánlud,hiligaynon
umatake,tagalog
sapakat,tagalog
pagdani,cebuano
biyáyà,hiligaynon
mahait og panan-aw,cebuano
baníklan,hiligaynon
wagas,cebuano
galúng,hiligaynon
upos,cebuano
ukoy,cebuano
dagup,ilocano
pasalig,cebuano
magtampo,tagalog
kahiladman,cebuano
pumapatay,cebuano
kolokablido,cebuano
naigang,tagalog
siasino man,ilocano
hukás,hiligaynon
sig-angón,hiligaynon
gimaw,cebuano
kettlen,ilocano
pagaraban dagiti ayup,ilocano
bundat,tagalog
martines,tagalog
hurágok,hiligaynon
magsalsal,tagalog
timbog,tagalog
rago,ilocano
pagtubo nga mauswagon,cebuano
tama,tagalog
panloob na salikop,tagalog
bangâ,hiligaynon
pinaghalong sustansiya,tagalog
siyamnaraan,tagalog
pungua-punguan,ilocano
gitugotan,cebuano
sumang-at,ilocano
malayagin,tagalog
pablisiti,cebuano
sampunáya,hiligaynon
pagsusumbong,tagalog
pasasaan,tagalog
pahagkan,tagalog
ikahadlok,cebuano
pitúgu,cebuano
apáli,cebuano
ipaganap,tagalog
bastunera,tagalog
hirbabuéna,hiligaynon
dismáyu,cebuano
darak,tagalog
katawhan,cebuano
hákhak,hiligaynon
lamù,cebuano
halín-hálin,hiligaynon
gráma,hiligaynon
sun-adán,hiligaynon
Kuwaresma,tagalog
ginarís,hiligaynon
kurom,cebuano
kinaadman,cebuano
bágsat,hiligaynon
salalígan,hiligaynon
papel,ilocano
laban,cebuano
makipagtunggali,tagalog
kalit lamang,cebuano
manuskrito,tagalog
walang-kaba,tagalog
muselina,tagalog
sambag,cebuano
suluk-ítan,hiligaynon
mang-bato,tagalog
estenograper,tagalog
trahedya,cebuano
takna sa ataki,cebuano
lírung,cebuano
taga-away,ilocano
kalunasan ng sanlupalop,tagalog
Britanya,tagalog
dasdas,tagalog
wala'y halaga,cebuano
kasalbahihan,tagalog
buhay na buhay na salat,tagalog
tiktik,cebuano
Inggles,tagalog
ilipant wuk,cebuano
sinugdan,cebuano
pagkaunawa,tagalog
palaos,cebuano
humaginit,tagalog
magpasimula,tagalog
pakawan,cebuano
pamamahagi,tagalog
Ehipsiya,tagalog
anabyong,tagalog
sona,cebuano
aradur,cebuano
makipagbaka,tagalog
sumsúman,hiligaynon
nakipet a yan ti danum,ilocano
hulpa,cebuano
kumintaryu,cebuano
subíng,hiligaynon
membro,cebuano
hátaw,cebuano
asignasyon,tagalog
patay,cebuano
bulan,ilocano
maalimahon,cebuano
ulang,cebuano
tapdawun,cebuano
buhô-buhô,hiligaynon
búhì,hiligaynon
hákbut,hiligaynon
dukutin,tagalog
pagkamakasarili,tagalog
kahanggahan,tagalog
tilansik,tagalog
malimbungon,cebuano
pamamasyal,tagalog
angkunon,cebuano
lawig,cebuano
bálsamo,hiligaynon
tipak,cebuano
bakak,cebuano
madanihon,cebuano
pagbabatay,tagalog
paghalad,cebuano
tagpi-tagpi,tagalog
agsurat,ilocano
turung,cebuano
ang kamaulawon,cebuano
buyâ,hiligaynon
ulút,hiligaynon
pagdaisin,tagalog
paghumol,cebuano
eskala,tagalog
pagiging tatlo,tagalog
magtanong,tagalog
iskuwelahan,tagalog
wati,cebuano
kasahulan,tagalog
magparis,tagalog
tigpanglupig,cebuano
hagad,cebuano
úyat,cebuano
úkut,hiligaynon
binalighotán,hiligaynon
paswit,tagalog
ngipin sa ngipin,tagalog
beberón,hiligaynon
hayâ,hiligaynon
canalbuong,ilocano
gapak,tagalog
súntok,hiligaynon
bombaen,ilocano
ikiskis,tagalog
pantukso,tagalog
napatad,ilocano
pagsasao,ilocano
kantidad,cebuano
pabulukin,tagalog
bungangínit,hiligaynon
pagsaysayan,tagalog
takiang,cebuano
makinilya,cebuano
haláwig,hiligaynon
patagalan,tagalog
karmin,cebuano
kalyuhin,tagalog
subo,cebuano
paghilis,cebuano
duminar,cebuano
suwelto,tagalog
sagirít,hiligaynon
isuro,ilocano
mutia,ilocano
unsa,cebuano
alaen,ilocano
kinahangian kanunay,cebuano
hagtub,cebuano
asadahin,tagalog
purga,tagalog
pamatnugutan,tagalog
upusisiyun,cebuano
pagkaloka,tagalog
síra,hiligaynon
purwac,ilocano
maimpluwensiyahan,tagalog
amin a banag,ilocano
tudo,ilocano
rúmbo,hiligaynon
nacuyem; nasipnget; nacudrep,ilocano
halúp,hiligaynon
pagtitiis,tagalog
desembarke,tagalog
rewuma sa bat-ang,cebuano
banco,ilocano
usa ka tawo,cebuano
maicatlo,ilocano
pangkol,tagalog
rimasâ,hiligaynon
bitik,cebuano
arku,cebuano
panangliput,ilocano
espouma,tagalog
agcarayam,ilocano
prospekto,tagalog
atibás,cebuano
sibatin,tagalog
Saturno,tagalog
bantay-pinto,tagalog
agta,cebuano
di malimtan,cebuano
agan-andap,ilocano
kubul,cebuano
tubo,cebuano
tenneben,ilocano
silá,hiligaynon
matulog,tagalog
ikyas,cebuano
taong masiba,tagalog
milyun,cebuano
palong,cebuano
maghigab,tagalog
umuri,tagalog
corona,ilocano
mahita,tagalog
sálap,hiligaynon
ikatunaw,cebuano
sarík,hiligaynon
rebosahin,tagalog
aklat,tagalog
hilók-hílok,hiligaynon
hikot,cebuano
kape,cebuano
magsumamo,tagalog
pagkakahanay,tagalog
tadyùtù,cebuano
nagdagsang,cebuano
kulampit,cebuano
ispunghar,cebuano
sulákwid,hiligaynon
"hangínan, hanginán",hiligaynon
umumit,tagalog
pagtama-tamain,tagalog
masulob-on,cebuano
tanyag,tagalog
patakbuhin,tagalog
katunugan,tagalog
busa,cebuano
lug-ang,tagalog
diyíta,cebuano
hagdô-hágdò,hiligaynon
pidídu,cebuano
sagsag,tagalog
kuha pag-usab,cebuano
puka,cebuano
rúpak,hiligaynon
isang daan,tagalog
manipud ditoy,ilocano
murahan,tagalog
híngus,cebuano
balutan,tagalog
tárì,cebuano
balun,tagalog
kuyamoy,cebuano
libang,tagalog
balantikí,hiligaynon
balaníon,hiligaynon
cabaelan,ilocano
ricna,ilocano
mas guot,cebuano
kliente,tagalog
ubúd-uburán,hiligaynon
bayki,tagalog
mannakiapa,ilocano
dibuynas,cebuano
simbad,tagalog
uray pa,ilocano
dingding,tagalog
agtigerger,ilocano
"muskuládu, muskuláwu",cebuano
Hantanum,tagalog
sursuro,ilocano
kahiya-hiya,tagalog
pamalong sa suga,cebuano
Amirikánu,cebuano
binuslanáy,hiligaynon
sinam-it,ilocano
basúra,hiligaynon
slya,cebuano
arang,cebuano
yokô,hiligaynon
agas-as,tagalog
basbassit,ilocano
panagtaray,ilocano
wala,tagalog
elebeytor,tagalog
pabago-bago,tagalog
kilum kilum,cebuano
binuhat,cebuano
transpigurasiyun,cebuano
awan patinggana,ilocano
lubong,ilocano
sál-ang,hiligaynon
benditahán,hiligaynon
piris wil,cebuano
kulismut,cebuano
sakbatin,tagalog
tilagpak,tagalog
maagaw,tagalog
disipado,tagalog
tabi,tagalog
sulát-súlat,hiligaynon
ginikanánhon,hiligaynon
"pinsar, pinsǎr",cebuano
bátas,hiligaynon
panlipunan,tagalog
milyonarya,tagalog
pantug,cebuano
mandù,cebuano
hinhin,cebuano
sunítu,cebuano
gádim,cebuano
gabún,hiligaynon
rosa,ilocano
sigúru,cebuano
distínu,cebuano
itayo,tagalog
sab-uy,cebuano
lantot,tagalog
kabiya,tagalog
igalis,ilocano
itiíti,cebuano
gúna,hiligaynon
sandúkò,hiligaynon
iccan iti basol,ilocano
pisáda,cebuano
atubangan,cebuano
báwis,cebuano
mag-eksperimento,tagalog
lapi,tagalog
panginginday,tagalog
pagtarung,cebuano
sághap,hiligaynon
pananangis,tagalog
palakaw,tagalog
yangot,tagalog
kolehiyo,tagalog
sáko,hiligaynon
"andu, andù",cebuano
pagalagadan linteg,ilocano
humapon,tagalog
mapakinabang,tagalog
wanang,cebuano
tarundon,tagalog
sustansiya,cebuano
basag-ulo,tagalog
ubúd-ubúd,hiligaynon
magsumbrero,tagalog
magmaktol,tagalog
tábing,hiligaynon
gábnot,hiligaynon
nilalakad,tagalog
insumáda,cebuano
karamílu,cebuano
gútlò,hiligaynon
kataw,cebuano
balat ng itlog,tagalog
pagkamaimot,tagalog
pagkapadistiyero,tagalog
hiwáos,hiligaynon
kakabos,cebuano
negatibo,tagalog
diamante,tagalog
nagkakaisa,tagalog
abat,tagalog
tagtagainep,ilocano
Critiano,ilocano
patacder,ilocano
halí,hiligaynon
publasiyun,cebuano
sublì,cebuano
padilaab,cebuano
úngud,cebuano
pampananalapi,tagalog
sáplud,hiligaynon
insultu,cebuano
bána,hiligaynon
intunsis,cebuano
gastusen,ilocano
magyoyo,tagalog
paglutang,tagalog
salapong,tagalog
tábun,cebuano
undang,cebuano
kabtol,tagalog
balitádhan,hiligaynon
buwa,tagalog
kulang-palad,tagalog
liwaliw,tagalog
tigulang,cebuano
ilin-ílin,cebuano
pagkunhod,cebuano
pagwari-wari,tagalog
last,cebuano
kalungkutan,tagalog
pannacagugor,ilocano
ilawit,tagalog
hiluhin,tagalog
pagpahimutang sa husto,cebuano
ragragsac,ilocano
sugír-om,hiligaynon
tukbuy,cebuano
pagkauntos,tagalog
lagpakan,tagalog
pigket,ilocano
nagubsang,ilocano
pagwatas-watas,cebuano
tadyaw,cebuano
gabok,tagalog
ganting-loob,tagalog
buntug,cebuano
madayganon,cebuano
kalatugin,tagalog
asurin,tagalog
isiping,tagalog
búlbul,hiligaynon
banag,ilocano
tubas,cebuano
pag-amoy,tagalog
sagatà,cebuano
kumpay,tagalog
sirbyente,tagalog
adhetibo,cebuano
sumbiráw,hiligaynon
pagpalis,tagalog
kati,tagalog
uísit,hiligaynon
duay-ay,cebuano
impedimento,tagalog
agilaw,ilocano
isinop,tagalog
hindi masusunog,tagalog
artista a babai,ilocano
gulwà,cebuano
nacabutbuteng nga ayup,ilocano
magluwal,tagalog
tulisan,ilocano
bumalik,tagalog
dakog kaon,cebuano
bangkrap,cebuano
tunghay,tagalog
kastiguhin,tagalog
rikulúta,cebuano
bolahin,cebuano
makiangkas,tagalog
ti agcamang,ilocano
mútà,cebuano
nagdaygay,cebuano
samakalawa,tagalog
mangpapintas iti cuco,ilocano
lipun-lipon,tagalog
bunga,ilocano
komboy,tagalog
liso,tagalog
paghisgutay,cebuano
paricut,ilocano
pagsusuob,tagalog
manghihibok,tagalog
kasiya-siya,tagalog
tunga-tunga,cebuano
hinúgyaw,hiligaynon
binalúndò,hiligaynon
mangkimangki,cebuano
ang nakaayo,cebuano
bangkaw,cebuano
abriguhan,tagalog
salagiwít,hiligaynon
bárak,hiligaynon
semantika,tagalog
cudil,ilocano
kimpal-kimpalin,tagalog
dánag,cebuano
losa,tagalog
túdus,cebuano
kulípad,cebuano
hándus,hiligaynon
rúpday,hiligaynon
kalmutin,tagalog
síkmat,hiligaynon
biktorya,tagalog
kusang-gawa,tagalog
húgaw,hiligaynon
pagdalus,ilocano
pamahayan,tagalog
ramák,hiligaynon
hunúb,hiligaynon
talong,tagalog
pagkamagdaraya,tagalog
gireseta,cebuano
búyut,cebuano
agrerian,tagalog
búlhug,hiligaynon
dagisik,tagalog
sa hingpit,cebuano
nakakauhaw,tagalog
kabaraha,tagalog
mabain,ilocano
panglimbasog,cebuano
isut gapuna castoy,ilocano
maysapay,ilocano
nanamay,ilocano
yungyungan,tagalog
kalantugin,tagalog
magmurang-kamatis,tagalog
buluhatán,hiligaynon
aligáya,cebuano
usúus,cebuano
papigsaen ti nakem,ilocano
sukatan,tagalog
birás,hiligaynon
gaya,tagalog
kaskas,tagalog
"bibliyutika, bibliyutíka",cebuano
kakanin,tagalog
sa usa ka gatus,cebuano
anggulo,tagalog
nagasilaw,cebuano
bínda,hiligaynon
gilis,cebuano
nakababagot,tagalog
sanlapang,tagalog
bagin,tagalog
tumigatig,tagalog
rucoden,ilocano
pahit,tagalog
kataw-anan,cebuano
"budhión, budhíon",hiligaynon
iparehistro,tagalog
hágan,hiligaynon
kinacurang,ilocano
fráile,hiligaynon
bíyà,cebuano
kasalikupan,tagalog
katakos,cebuano
ulutanón,hiligaynon
sálsal,hiligaynon
patuloy,tagalog
sángal,hiligaynon
pangbatid,cebuano
sakto,cebuano
padikitan,tagalog
kaasiman,tagalog
sugat,ilocano
talagsaon,cebuano
sinuitihan,cebuano
demonyuhin,tagalog
muling buhay,tagalog
pagpunuan,tagalog
suminghal,tagalog
kurnit,cebuano
lumapit-lapit,tagalog
namaag,ilocano
"silak, sílak",cebuano
kalye,cebuano
takingking,cebuano
razon,ilocano
lusog,tagalog
pagkalipol,tagalog
kalit,tagalog
ramí-rámi,hiligaynon
hungkag,cebuano
pagkakagayon,tagalog
túbil,cebuano
pangkay,cebuano
hoyo,tagalog
sangkiyud,cebuano
lapwa,cebuano
hísà,hiligaynon
kaalaman,tagalog
mapiki,cebuano
bukas-makalawa,tagalog
butaróg,hiligaynon
suluk-áyon,hiligaynon
siprés,hiligaynon
pag-utang,cebuano
tiple,tagalog
napudno,ilocano
butáka,hiligaynon
fiadór,hiligaynon
mabuhol,tagalog
bahô-sálong,hiligaynon
ikmat,cebuano
bentosa,tagalog
linagang manok,tagalog
gipák,hiligaynon
"saután, sa-után",hiligaynon
hiplos,cebuano
umingar,ilocano
panumpa,cebuano
pagbulok,cebuano
tabal-ak,cebuano
taada,ilocano
magpatingin sa doktor,tagalog
semináryo,hiligaynon
"lutya, lutyà",cebuano
sápol,hiligaynon
butang,cebuano
panangagas,ilocano
hilô,hiligaynon
búlbug,hiligaynon
karong,cebuano
halalarán,hiligaynon
igo nga,cebuano
baraka,tagalog
gul-anan,cebuano
komidor,tagalog
bacnang,ilocano
matured,ilocano
bala ng betavideo,cebuano
"istandar, istandard",cebuano
pag-iwas,tagalog
halo-halo,cebuano
magpalaba,tagalog
minakinilya,tagalog
magyumukyok,tagalog
tan-aw,cebuano
solô,hiligaynon
diborsyo,tagalog
pamahay,tagalog
hawán-háwan,hiligaynon
nakahahapo,tagalog
asul,ilocano
"gúod, gúom, gúop, gúos, gúot",hiligaynon
taod-taod,cebuano
rúb-as,hiligaynon
wangì,cebuano
dili utokan,cebuano
birína,hiligaynon
tunga,cebuano
adda iti lawlaw,ilocano
gámà,hiligaynon
sambutin,tagalog
gas mask,cebuano
kakimian,tagalog
sista,cebuano
gagahin,tagalog
daig,tagalog
pagpakaylap sa sakit,cebuano
isu (lalaki),ilocano
síndot,hiligaynon
nakapanghihilakbot,tagalog
mapait,tagalog
habang-daan,tagalog
emblematiko,tagalog
gamáting,cebuano
"bóka de páto, bokápáto, bóka y páto",hiligaynon
balatonán,hiligaynon
rugi,ilocano
"karab, kárab",cebuano
bulingon,cebuano
bingíg,hiligaynon
mitru,cebuano
balinguynguyin,tagalog
capitalista,ilocano
bakód,hiligaynon
bayáw,hiligaynon
umoc,ilocano
"balábà, balabá",hiligaynon
artilyeriya,cebuano
banggì,cebuano
panecnecan,ilocano
salíngsing,hiligaynon
limpik,tagalog
maquinista,ilocano
maliksi,cebuano
pakupak,cebuano
manariwa,tagalog
wala mosalig,cebuano
surindir,cebuano
tacawan,ilocano
mambibiro,tagalog
kasaya,cebuano
báyà,hiligaynon
ipsut,cebuano
ipabulkanays,tagalog
ulú-úlu,hiligaynon
lasenggo,tagalog
pagtangtang,cebuano
plúting rít,cebuano
magkakaanib,tagalog
hungihong,cebuano
pag-agi,cebuano
biglang lublob,tagalog
humáy,hiligaynon
sikrotót,hiligaynon
pag-undang,cebuano
yéso,hiligaynon
likas,tagalog
hayop,cebuano
dagdagan,tagalog
"libun, líbun",cebuano
"bilyár, bílyar",hiligaynon
tamaraw,tagalog
yuta,cebuano
labnawan,tagalog
ikmuhan,tagalog
integral,tagalog
sagópra,hiligaynon
salóg,hiligaynon
tubtub,cebuano
mapandomina,tagalog
singsing,ilocano
súlung,hiligaynon
may-kasarinlan,tagalog
pingk,cebuano
salapyaw,cebuano
asusínas,cebuano
ingato,ilocano
pagkabuhat,cebuano
kabutang,cebuano
buhanginbato,tagalog
simód,hiligaynon
binulád,hiligaynon
"bigól, bígol",hiligaynon
masunurin,tagalog
gumitgit,tagalog
magakgak,tagalog
gadóy,hiligaynon
"tangad, tángad",cebuano
pátak,cebuano
maglahok,tagalog
mananso,tagalog
"salád-ang, saládang",hiligaynon
demostrasyon,tagalog
búkles,hiligaynon
húpà,hiligaynon
toys,cebuano
palakhin,tagalog
managicaro,ilocano
nága,cebuano
pagkatawo,cebuano
baratahin,tagalog
bayi,tagalog
magkasunod,tagalog
tambayáyung,cebuano
canal,ilocano
ipacaamo,ilocano
paggula,cebuano
hisálò,hiligaynon
amuyen,ilocano
hústo,hiligaynon
malabon,tagalog
kinaiya,cebuano
natayag,ilocano
mabugnaw,cebuano
wangsà,cebuano
dyip,tagalog
talidhay,cebuano
amac,ilocano
báhas,hiligaynon
pángus,cebuano
naisalumina,ilocano
búnga,hiligaynon
búay,hiligaynon
trampolin,tagalog
pacaibabainan,ilocano
mahagkot,cebuano
halibukay,tagalog
pinesa,tagalog
agpapaudi; adyan iti licudan,ilocano
butang makapahinumdom,cebuano
angkas,cebuano
háyop,hiligaynon
birurucong,ilocano
wala'y kangho,cebuano
magkapeklat,tagalog
bátul,cebuano
lab-ang,cebuano
relihión,hiligaynon
seksi,cebuano
tagataong-bahay,tagalog
sereno,tagalog
unos,tagalog
aldaw ti panagwaywayas,ilocano
katulong,cebuano
akademya,tagalog
pagurnongan iti danum,ilocano
soból-soból,hiligaynon
kataliman,tagalog
hisuan,tagalog
maharlika,tagalog
kúpas,cebuano
pampasinaya,tagalog
embajador,ilocano
kinahanglanon,cebuano
guba,cebuano
tawar,ilocano
hiringgíru,cebuano
udág,hiligaynon
ukay,cebuano
pagtatapon,tagalog
paglamay,tagalog
naliday,ilocano
bulak nga puti,cebuano
sungkit,cebuano
pasanin,tagalog
agcameng,ilocano
sileng,ilocano
sángal,hiligaynon
mahigpit na sumalakay,tagalog
mapiit,tagalog
kaigoan,cebuano
cuarentenas,ilocano
tadtaden,ilocano
sa pamamagitan ng,tagalog
halasohasánan,hiligaynon
liksyunin,tagalog
maghampasan,tagalog
igagaw igtagsa,cebuano
sinehán,hiligaynon
sapóti,hiligaynon
tumalilis,tagalog
hinuróng,hiligaynon
awumbak,cebuano
rebelyon,tagalog
magtadyakan,tagalog
dandani,ilocano
riles,cebuano
hilós,hiligaynon
taayon,cebuano
kalíring,cebuano
palaputin,tagalog
bughan,tagalog
sulpà,cebuano
watí-watí,hiligaynon
sín-o,hiligaynon
kulawin,tagalog
paglihok,cebuano
wilihin,tagalog
butang-butang,cebuano
pang-ukol,tagalog
puno sa panakot,cebuano
sugakúd,hiligaynon
magpakasanay,tagalog
magsarili,tagalog
payanpayan,cebuano
kencuana (lalaki),ilocano
kalutasan,tagalog
ipirme,tagalog
abrasadurin,tagalog
sápak,hiligaynon
kisákit,cebuano
dimisyon,tagalog
ugaga,tagalog
papanlabuin,tagalog
talínum,cebuano
hamúot,hiligaynon
hingalág,hiligaynon
mapa,cebuano
gisaw,cebuano
makaraig,tagalog
pugto,ilocano
namanangallilaw,ilocano
iyagak,cebuano
tumangken,ilocano
timaud,cebuano
inton bigat,ilocano
hanóg,hiligaynon
nagaspang,ilocano
mabiyak,tagalog
magsiste,tagalog
súok,hiligaynon
disdis,cebuano
sinúgba,hiligaynon
tridayminsiyun,cebuano
nagdahunog,cebuano
pugon,ilocano
pinapuputukan,tagalog
pukan,cebuano
natimbeng,ilocano
tahas na tablay,tagalog
ipupoc,ilocano
pagtanyag,cebuano
panimpla,tagalog
pagturogan a siled; siled a pagiddaan,ilocano
nangayed,ilocano
kahimtang,cebuano
paak,cebuano
pilian,tagalog
mapatingala,tagalog
maipagkakapuri,tagalog
górò,hiligaynon
pagtusok,cebuano
bághot,hiligaynon
hawá-hawá,hiligaynon
bugating,tagalog
mambusabos,tagalog
pagkagamit,tagalog
sikágon,hiligaynon
pannacapaay,ilocano
sukong,tagalog
pagkakasagot,tagalog
adwana,tagalog
mag-iba,tagalog
entrega,tagalog
hangál,hiligaynon
pamuspusan,ilocano
encanto,ilocano
maitulad,tagalog
yanâ,hiligaynon
tunggal panawen wenno ania man a tiempo,ilocano
tayming,cebuano
bungat,cebuano
ubra,cebuano
kasinatian,cebuano
inadlaw,cebuano
himúg-ot,hiligaynon
pagtuo,cebuano
puta,cebuano
syúap,cebuano
lumusob,tagalog
úd-ud,hiligaynon
mag-aral,cebuano
kabulusan,tagalog
salag-un,cebuano
kahimatngonan,cebuano
madaling iangkop,tagalog
bórò,hiligaynon
mangunahan,cebuano
hulagpos,tagalog
grawundid,cebuano
bata lalaki,cebuano
súbaw,cebuano
magpakasaya,tagalog
tigre,ilocano
upos,tagalog
paglilibing,tagalog
kompiskado,tagalog
hálhal,hiligaynon
paláran,cebuano
sanatoryo,tagalog
pamantungan,tagalog
sápang,cebuano
agpamhan,ilocano
háplik,hiligaynon
habál-hábal,hiligaynon
tiwali,tagalog
panggama,cebuano
bayawang,tagalog
pagbati,cebuano
narugit,ilocano
makikampi,tagalog
demonyohon,cebuano
nacacatcatawa,ilocano
baláyung,cebuano
paglaki,tagalog
pagbulong,cebuano
guyúd,hiligaynon
maayo kaayo,cebuano
magputul-putol,tagalog
piryudista,cebuano
panaderya,tagalog
riwasa,tagalog
maipapan iti rabii,ilocano
langaw,cebuano
pag-uban,cebuano
maminsan iti dua a bulan,ilocano
grábas,hiligaynon
magsalin,tagalog
haso-hasohán,hiligaynon
pagkahibang,tagalog
salabsabin,tagalog
sayurin,tagalog
inaganan,ilocano
pagalit,tagalog
ilemmes,ilocano
hanogón,hiligaynon
sumbreruhan,tagalog
maris ti dapo,ilocano
tusukan,tagalog
magtalaukan,tagalog
naaakma,tagalog
panag,cebuano
langit,cebuano
bansálan,hiligaynon
hatáy-hátay,hiligaynon
dumdum,cebuano
murtal,cebuano
ságdan,hiligaynon
farmaceutico,ilocano
masaya,tagalog
kalag,cebuano
pangbulok,cebuano
prupitaryu,cebuano
misulti,cebuano
panroskas,tagalog
aspaltuhan,tagalog
pagkakasulat,tagalog
ulúnlan,hiligaynon
nangangalirang,tagalog
managpanunot,ilocano
pagapu,ilocano
panghadlok,cebuano
limud,cebuano
masyaw,cebuano
bángog,hiligaynon
súgud,hiligaynon
nakadudusta,tagalog
pumarak,tagalog
sadlukin,tagalog
gíphang,hiligaynon
busog,tagalog
magilakon,cebuano
panabut,cebuano
pirasong yta kasiwil sa lain,cebuano
láway,cebuano
narucop,ilocano
sáblig,hiligaynon
gimáw,hiligaynon
maghugos,tagalog
igid ti carayan,ilocano
pantay,tagalog
kauban sa dula,cebuano
galak,tagalog
triplikado,tagalog
sinina,cebuano
"karkulu, karkúlu",cebuano
pagtiyagaan,tagalog
dakes a panggep,ilocano
masintahin,tagalog
hilera,tagalog
bíkrat,hiligaynon
pitong libo,tagalog
sigalbo,tagalog
uliuli,tagalog
bisan unsang,cebuano
panudlo,cebuano
kasuutang pantrabaho,tagalog
hamlag,cebuano
kurukunghu,cebuano
buyang-ang,cebuano
balúnggay,hiligaynon
mga butang nanaglibot,cebuano
pingkas,tagalog
pagpasulod,cebuano
balusbos,tagalog
áping,cebuano
ugut,cebuano
epileptik,tagalog
sagap,tagalog
maobliga,tagalog
paglibang,tagalog
pangagpas banaba,cebuano
báyò,hiligaynon
sumalig,tagalog
palamanan,tagalog
konsonante,tagalog
pagtipak,tagalog
ríras,hiligaynon
madaingin,tagalog
yan-anninaw,ilocano
aglawag,ilocano
sinan-tao,ilocano
páhat,cebuano
mahingi,tagalog
andù,cebuano
modelo,tagalog
attiddug,ilocano
hindi gawi,tagalog
rupsa,ilocano
labis,tagalog
amimislon,cebuano
sagíng-sagíng,hiligaynon
agarin,tagalog
mahaling,tagalog
nakahahalina,tagalog
napta,cebuano
bulpin,cebuano
espia,ilocano
maltratar,cebuano
ipagtapat,tagalog
tibaw,tagalog
agayaywan cadagiti carnero,ilocano
lútus,cebuano
kayumad,tagalog
kiluin,tagalog
pustorawo,cebuano
salangkúgi,hiligaynon
gilaw-gilaw,cebuano
papa,ilocano
bitin,tagalog
harípo,hiligaynon
labsak,tagalog
síhà,hiligaynon
kaliskisan,tagalog
batbat,cebuano
gabi-gabi,tagalog
mangaibigan,tagalog
laminit,cebuano
pabalatuhin,tagalog
biyanang-lalaki,tagalog
pagtitingi,tagalog
pagdurungkal,tagalog
naanus,ilocano
casla babai,ilocano
malagpos,tagalog
nacacaasi,ilocano
iluklok sa tungkulin,tagalog
ikakaulaw,cebuano
dalaydayan,tagalog
timplit,cebuano
mandarambong,tagalog
kabalbalan,tagalog
balátik,hiligaynon
buráw,hiligaynon
pasiklabin,tagalog
makalilisang,cebuano
taon,tagalog
kumalog,tagalog
bágkos,hiligaynon
umit,tagalog
sábay,hiligaynon
búntug,hiligaynon
korte,tagalog
piston,tagalog
ipagyarda,tagalog
súroy,hiligaynon
ikagasto,cebuano
súpak,cebuano
ságul,cebuano
silot,cebuano
subó,hiligaynon
palìpì,cebuano
kalaghala,tagalog
umaraw,tagalog
silawan,ilocano
hán-an,hiligaynon
hupút,hiligaynon
tagaw,cebuano
labsan,tagalog
pannacaisubli,ilocano
dagpì,cebuano
"ungkad, ungkag",cebuano
magkautal-utal,tagalog
milagru,cebuano
sulapa,tagalog
humimod,tagalog
bagwísan,cebuano
rúsas,cebuano
úbung,hiligaynon
bumiyada,tagalog
padasen,ilocano
sukal,tagalog
wakwak,cebuano
dumiga,tagalog
aramad,ilocano
bátang,cebuano
kulisaw,tagalog
bírhen,hiligaynon
mamatahaon,cebuano
kita,ilocano
lahok,tagalog
bulok salmon,cebuano
bakasyon,cebuano
putítu tri,cebuano
ngiwngiw,cebuano
tíkug,cebuano
manalapi,tagalog
kalig-on,cebuano
pagkawangki,tagalog
Aleman,cebuano
indak,tagalog
úlaw,hiligaynon
pagpala,cebuano
dingag,cebuano
mataas na presyon (ng dugo),tagalog
may-ari ng bahay,tagalog
torre,ilocano
balúyot,hiligaynon
mangalakal,tagalog
magalaw,tagalog
gánga,hiligaynon
hódhod,hiligaynon
híbok,hiligaynon
igo na,cebuano
yutyut,cebuano
agup-op,cebuano
magkatulung-tulong,tagalog
kuyawanon,cebuano
tugtog,tagalog
gitlapi,tagalog
milagro,ilocano
kasosama,cebuano
pagdumong,cebuano
cuarta,ilocano
sáw-a,hiligaynon
makatumbas,tagalog
gangháan,hiligaynon
gago,cebuano
tupiku,cebuano
magremedyo,tagalog
nandon,tagalog
atsi,cebuano
súmad,cebuano
sodó-sódo,hiligaynon
balúkhay,hiligaynon
benepisyo,cebuano
bastón ni San Hosé,hiligaynon
tampi,cebuano
himúgo,hiligaynon
karent,tagalog
maliputo,tagalog
plurlídir,cebuano
róskas,hiligaynon
magsusugid,cebuano
búkhay,hiligaynon
timpuho,tagalog
miniature,tagalog
gastahin,tagalog
dumayal,tagalog
bikákà,hiligaynon
atsuytis,cebuano
kaskádu,cebuano
pagsupak,cebuano
himáklang,hiligaynon
dalagangdang,cebuano
nabuak,cebuano
pikutin,tagalog
alap,tagalog
"kupa, kupà",cebuano
selyuhan,tagalog
dagup,ilocano
balantúgon,hiligaynon
Tuluyum,tagalog
balikukuan,tagalog
sanat,ilocano
bóklon,hiligaynon
pabuya,ilocano
ramay ti seca,ilocano
sóso,hiligaynon
guyoden,ilocano
kúup,cebuano
mamulagat,tagalog
bukambibig,tagalog
walang-utak,tagalog
sáysay,hiligaynon
bayáw,hiligaynon
liskúhag,cebuano
gíray,hiligaynon
malikmata,tagalog
pagpanild,cebuano
mamugot,tagalog
pahiyas,cebuano
silí,hiligaynon
mahayag,cebuano
maglangis,tagalog
barli,tagalog
kabakla-bakla,tagalog
dawu-,cebuano
bígà,hiligaynon
bastón,hiligaynon
kuwentong romansa,tagalog
laterita,tagalog
bueltá-buélta,hiligaynon
pagsambog,cebuano
salabutan,cebuano
bínting,hiligaynon
panig,tagalog
candado,ilocano
magbubulit,cebuano
batád,hiligaynon
sapak,tagalog
gigikanan,cebuano
ságbot,hiligaynon
banáwog,hiligaynon
panggugubat,tagalog
pagpapasikat,tagalog
ninenerbiyos,tagalog
dumarup,ilocano
nanababa,ilocano
híl-o,hiligaynon
tribo,ilocano
masakiton,cebuano
duhiras,cebuano
parmasya,tagalog
bulák-búlak,hiligaynon
lagian,tagalog
bestida,tagalog
agút,cebuano
daghan,cebuano
sabór,hiligaynon
pag-lubong,cebuano
sóhot,hiligaynon
patabingiin,tagalog
dako-dako,cebuano
sa usa ka dapit,cebuano
kalapukan,cebuano
hilingabút,hiligaynon
mortwaryo,tagalog
sámpak,hiligaynon
hinanarám,hiligaynon
hágrak,hiligaynon
istampǎr,cebuano
bakláw,hiligaynon
handurawan,cebuano
bangkulungin,tagalog
bitóla,hiligaynon
tukma,cebuano
wist layin,cebuano
pundok,cebuano
anglawan,tagalog
layag,ilocano
lubalob,tagalog
tirána,cebuano
caucus,tagalog
napapanahon,tagalog
lana,tagalog
pating,tagalog
nabasag,cebuano
liwaliwan,tagalog
kwinta,cebuano
magpalagitik,tagalog
bigóng,hiligaynon
pagbiya,cebuano
talikop,tagalog
bata nga gamay,cebuano
tunung,cebuano
hilimbíson,hiligaynon
unay,cebuano
manalanta,tagalog
binatasán,hiligaynon
dalusan,ilocano
paghuli,tagalog
silag,cebuano
maiz,ilocano
sakbay,tagalog
banga,cebuano
samaing-palad,tagalog
kotipot,cebuano
katiting,tagalog
"síbtan, etc.",hiligaynon
aríba,cebuano
kahayag sa adlaw,cebuano
tabúg-lamók,hiligaynon
sikigan,ilocano
colegio,ilocano
natured,ilocano
idiay ruar,ilocano
paghuhulog sa ibang wika,tagalog
magpalutang,tagalog
yuód-yúod,hiligaynon
tatsa,cebuano
sueldo,ilocano
"bîbî, bíbì",hiligaynon
kaliwat,cebuano
suluguon,cebuano
lumimas,tagalog
ganutin,tagalog
bahay-panuluyan,tagalog
ubod ng sama,tagalog
ortopediko,tagalog
magborador,tagalog
anaa siya?,cebuano
Muslim,cebuano
nagsilpuan,ilocano
araling-pambahay,tagalog
caycay,ilocano
banáta,cebuano
galán,hiligaynon
pabulad,cebuano
balda,cebuano
hinayang dagan,cebuano
hikítà,hiligaynon
himúlung,hiligaynon
básbas,hiligaynon
ang katakus,cebuano
sanggapulo a centimos,ilocano
pagbabalik,tagalog
táwun,cebuano
"bìbián, bibián",hiligaynon
íbug,cebuano
magdama,tagalog
bokóg,hiligaynon
nabatad,ilocano
patiwasin,tagalog
agbambantay,ilocano
kumbinasyun,cebuano
leeg ng damit,tagalog
unanut,cebuano
batuytuy,cebuano
dalluyon,ilocano
hinánggup,hiligaynon
haníg,hiligaynon
gil-ud,cebuano
saan a mabannog,ilocano
nagtengngaan,ilocano
Hudio,tagalog
ig-ig,cebuano
saloobin,tagalog
ibang bansa,tagalog
garaje,ilocano
gihapon,cebuano
buongen,ilocano
borók-borók,hiligaynon
kumapit,tagalog
nacacatcatawa,ilocano
andar,cebuano
koed,tagalog
bátik,hiligaynon
bacnang,ilocano
ámay,cebuano
san ketdi a,ilocano
pinilian,cebuano
papilahin,tagalog
pansud,cebuano
gawaing-bahay,tagalog
agriaw,ilocano
masakupan,tagalog
talilisan,tagalog
niyomatiks,tagalog
natay,ilocano
ularóy,hiligaynon
ignoranti,cebuano
patayen,ilocano
batíkbátik,hiligaynon
gangga-,tagalog
gusi,tagalog
pagtitipunen,ilocano
himúngot,hiligaynon
liklik,cebuano
astronaut,tagalog
unaweng,ilocano
tigpamuhonan,cebuano
kabubut-on,cebuano
husgǎr,cebuano
kapanaigan,tagalog
buhis,cebuano
beer,cebuano
kurpurasiyun,cebuano
katedral,tagalog
trayenta,cebuano
mabalo,tagalog
salabutan,cebuano
asalin,tagalog
malt,tagalog
segun sa,cebuano
gómok,hiligaynon
pagka-malapot,tagalog
gunung,cebuano
hindi maano,tagalog
kuminang,tagalog
bodega,ilocano
salíku,cebuano
bókod,hiligaynon
kunat,tagalog
kontrabida,cebuano
elektrisidad,cebuano
"sug-úton, sug-utón",hiligaynon
nars,cebuano
káras,cebuano
subdibisyon,tagalog
Yuropyum,tagalog
tagapagtapat,tagalog
tukob,cebuano
magkaligaw-ligaw,tagalog
salabáy,hiligaynon
kulaw,tagalog
tighim,tagalog
batsilér,hiligaynon
ruar,ilocano
pumisil,tagalog
payhag,cebuano
moskitero,tagalog
himalás,hiligaynon
pagmugna,cebuano
inapugan,tagalog
amin,cebuano
siemprebíba,hiligaynon
kaniguan,tagalog
batobalani,cebuano
bukáka,hiligaynon
ngulngol,tagalog
dili matabang,cebuano
sa hinay,cebuano
sampan,tagalog
sápal,hiligaynon
bárang,cebuano
pustri,cebuano
pagbaligkos,cebuano
busyo,tagalog
pag-umbang,tagalog
kondesa,tagalog
pasikaran,cebuano
asul-marino,tagalog
magpakabuti,tagalog
yaalsa ti agpaay iti vapor,ilocano
pumanaw,ilocano
mag-upak,tagalog
naulimec,ilocano
agpucaw,ilocano
pannacaibain,ilocano
dili pong,cebuano
búros,hiligaynon
mag-iwi,tagalog
kuríbut,cebuano
pagbuong sa dungog,cebuano
kágas,cebuano
manmano,ilocano
magigi,tagalog
mula kay,tagalog
tengnga,ilocano
duyas,cebuano
tulis-tulis,tagalog
tukibon,cebuano
salakbatin,tagalog
bangkay,tagalog
mákù,cebuano
pagsasamahan,tagalog
kusmud,cebuano
ang isa,tagalog
census,ilocano
magnegosyo,tagalog
"sigábung, sigabúng",hiligaynon
pagkakapigil,tagalog
umasping,ilocano
magdais,tagalog
bordáhi,hiligaynon
madaginuton,cebuano
panagtandi,cebuano
barína,cebuano
nabasa,ilocano
yelo,cebuano
huyágpà,hiligaynon
mayukmuk,cebuano
kanimog,cebuano
managricna,ilocano
garapito,tagalog
maghulog,cebuano
patusok,tagalog
baríl,hiligaynon
away,ilocano
proteksiyon,tagalog
ransu,cebuano
pílas,cebuano
ulubítan,hiligaynon
palda,cebuano
empleado,ilocano
gwarnasyon,cebuano
lima,ilocano
bambangin,tagalog
maling palagay/akala,tagalog
langis,cebuano
dili tinuyo,cebuano
atap,ilocano
súlay,hiligaynon
bugbugin,tagalog
tutol,cebuano
gáwì,hiligaynon
dúnguk,cebuano
baláw,hiligaynon
moretiro,cebuano
hindi makasarili,tagalog
rungkádol,hiligaynon
nasursuroc,ilocano
magbagong-kilos,tagalog
"sirbiéntes, sirbyéntes",hiligaynon
datig,tagalog
pangluto,cebuano
pagtatatarang,tagalog
hanas-hanasán,hiligaynon
nalabaga,ilocano
libak,cebuano
naganat,ilocano
Tabi,tagalog
isalukbit,tagalog
bolador,tagalog
butang,cebuano
dagkot,cebuano
besbol,tagalog
presupwesto,cebuano
pagkagawa,tagalog
dibuhong katawanan,cebuano
syát,cebuano
putlì,cebuano
rumbâ-rúmbà,hiligaynon
coro,ilocano
borkíl,hiligaynon
lingon,tagalog
séntro,hiligaynon
pagsulti,cebuano
ragá-rága,hiligaynon
bástos,hiligaynon
abitu,cebuano
birî,hiligaynon
modilaab,cebuano
kuminding,tagalog
ríngkab,hiligaynon
butá,hiligaynon
ihulog sa ibang wika,tagalog
hawakan,tagalog
ulung-bayan,tagalog
tubero,tagalog
pagtuo,cebuano
linisan,ilocano
padrastro,tagalog
masubo,tagalog
kumutan,tagalog
nacasusuron,ilocano
ngalumata,tagalog
bángol,hiligaynon
kaduolan,cebuano
biskotso,cebuano
ngayngay,tagalog
"tubitubi, tubìtubì, tubiltubil",cebuano
pagsandig,cebuano
"relóh, réloh",hiligaynon
búngag,hiligaynon
yokót,hiligaynon
naghimilhimil,cebuano
siláb,hiligaynon
arkaydi,cebuano
sumarínu,cebuano
gírhom,hiligaynon
saganang-sagana,tagalog
kunot,tagalog
kanya,tagalog
lipun-ug,cebuano
anikad,cebuano
itapon,tagalog
canito,ilocano
tabakin,tagalog
gliserina,tagalog
tahas,tagalog
aso nga agbantay,ilocano
siinayad,ilocano
alab,tagalog
gunút-gúnut,hiligaynon
botón,hiligaynon
masunok,tagalog
misis,cebuano
sípong,hiligaynon
lákit,cebuano
hayág,hiligaynon
balitaw,cebuano
sápò,hiligaynon
diptonggo,tagalog
kaligatan,tagalog
silya,tagalog
lapok kalapukan,cebuano
pati,cebuano
lisok,tagalog
pagpakisayod,cebuano
arawan,tagalog
sa ubos,cebuano
paraísu,cebuano
bisti,cebuano
pugita,tagalog
pagtuwang-tuwangin,tagalog
panangga sa bintana,tagalog
atubang,cebuano
ibalintuwad,tagalog
himan,cebuano
wala'y nahot,cebuano
buklad,cebuano
ceremonia,ilocano
mapagliklik,tagalog
ighahaling,cebuano
pagwawalang-bahala,tagalog
lampot,tagalog
kati,tagalog
iliktrisidad,cebuano
hudyánan,hiligaynon
sa labas,tagalog
sayaw,cebuano
daáni,cebuano
ulíbay,hiligaynon
kumpirma,cebuano
sarat,tagalog
kataasan,cebuano
pacaammuan,ilocano
pagkaakma,tagalog
rútay,hiligaynon
paysano,cebuano
diyas,tagalog
apay,ilocano
tápa,cebuano
mangulabat,tagalog
isentro,tagalog
pasyinti,cebuano
yarasaas,ilocano
kalubay,cebuano
daotan kaayo,cebuano
súdlut,hiligaynon
Abril,cebuano
salinyási,cebuano
dilaw na mura,tagalog
ulahi nga hunahuna,cebuano
buukin,tagalog
salapát,hiligaynon
tudu pudirúsu,cebuano
duot,cebuano
balda,cebuano
bilin,ilocano
biri,tagalog
mistisismo,tagalog
balingbing,cebuano
pagkaon,cebuano
ibati,ilocano
bíal,hiligaynon
manghuhula,tagalog
húbit,cebuano
ibato,ilocano
agda,cebuano
tálì,cebuano
tumimo,tagalog
agay-ayus,ilocano
bádlan,hiligaynon
kíkik,cebuano
masawata,tagalog
agturong idiay,ilocano
makapakitbi,cebuano
buang-buang,cebuano
latagaw,cebuano
garawen,ilocano
kalibkiban,tagalog
isaoras,tagalog
lansa,tagalog
agpauneg,ilocano
úbas,cebuano
umapuhap,tagalog
ukút,hiligaynon
sinkolyágas,hiligaynon
toy sipupudno,ilocano
sikuluhíya,cebuano
burúblag,hiligaynon
loro,tagalog
susyidad,cebuano
kadenilya,tagalog
ubálhang,hiligaynon
paghahambing,tagalog
distilerya,tagalog
púta,cebuano
pagpanganak,cebuano
higanting mananap,cebuano
pagkarikonosi,tagalog
tabúg,hiligaynon
Guhiting Venn,tagalog
magsungkad,tagalog
súsi,hiligaynon
riságo,hiligaynon
pumuksa,tagalog
bákuna,hiligaynon
ayuan,tagalog
dasig,cebuano
bulukután,hiligaynon
sorókton,hiligaynon
magpatrolya,tagalog
pagkalugod,tagalog
pagpugos,cebuano
mabasa,tagalog
pamintun,cebuano
rumor,tagalog
pagpapalagayang-loob,tagalog
magpabangkarote,tagalog
"gásod, gasód",hiligaynon
sonanoy,cebuano
baratilyo,cebuano
pamilihan,tagalog
risibi,cebuano
batihin,tagalog
sirkulo,tagalog
idrospera,tagalog
payin tri,cebuano
sintahan,tagalog
ilagak,tagalog
apil-apil,cebuano
nindot,cebuano
ramúskal,hiligaynon
marko,tagalog
probasyon,tagalog
súd-an,hiligaynon
nacamuleng-leng,ilocano
bangâ,hiligaynon
mahipnotismo,tagalog
"balagáhay, balagaháy",hiligaynon
sinágà,hiligaynon
panagsacay,ilocano
dangat,tagalog
hidapdápan,hiligaynon
gwánu,cebuano
hampas,tagalog
ságpon,hiligaynon
magkaakma-akma,tagalog
bugtai,cebuano
bádlong,hiligaynon
"hingúnud, hingunúd",hiligaynon
minaomao,cebuano
hanalî,hiligaynon
huyátid,cebuano
pang-itaas,tagalog
tanga,cebuano
yamot,tagalog
disorganisado,tagalog
magkunwa,tagalog
nabiyaan,cebuano
padasen,ilocano
likoan,cebuano
nagan,ilocano
bag-o,cebuano
panagmamaysa,ilocano
pangkabuntalaan,tagalog
ulang,cebuano
katarungan,cebuano
paganti,cebuano
palaganti,tagalog
maligasgas,tagalog
lúmad,cebuano
wala'y batasan,cebuano
damong-Bermuda,tagalog
sungkiub,cebuano
tumundok,tagalog
saludár,hiligaynon
kompaniya,cebuano
limong-limong,cebuano
kabal sa sakit,tagalog
unya lang,cebuano
sándad,hiligaynon
tibobos,tagalog
umikot,tagalog
pungkuy,cebuano
managringgor,ilocano
wala'y hibang-kaagan,cebuano
hugaw,cebuano
kakuwarto,tagalog
hiláw,hiligaynon
tampulung,cebuano
sapáy,hiligaynon
tagunggong,tagalog
mag-ang-ang,tagalog
nakdawon,cebuano
agbiag,ilocano
kumaladkad,tagalog
mula,tagalog
kalapayan,tagalog
yawihanan,cebuano
aristokrasiya,tagalog
bangkiling,cebuano
hingában,hiligaynon
may-kahirapan,tagalog
despalkuhin,tagalog
úbud,hiligaynon
suray,tagalog
batíl,hiligaynon
nacabutbuteng wenno naliday a pasamac,ilocano
uláng,hiligaynon
laylay kanta,cebuano
mutsu,cebuano
barbas,ilocano
tigpakigsabot,cebuano
kapanahunan,cebuano
ihalas,cebuano
naimas,ilocano
"lipáta, lipátà",cebuano
paipurin,tagalog
mahilis,cebuano
ihádu,cebuano
magbilad,tagalog
nakakalason,tagalog
bariwás,hiligaynon
hayhay,cebuano
napadasan,ilocano
cargada,ilocano
banglo,ilocano
pagkabig,cebuano
didikit,cebuano
pamigkis,tagalog
magpaibang-araw,tagalog
hídal,hiligaynon
beláda,hiligaynon
napardas ken di maawatan a panagsao,ilocano
umikit,tagalog
sinaló-sálo,hiligaynon
lusbog,cebuano
senyal,tagalog
embarguhin,tagalog
sólsol,hiligaynon
laya,tagalog
lubid,tagalog
hatól-hátol,hiligaynon
gumanap,tagalog
sáma,hiligaynon
nabuntog,ilocano
pusa a bassit,ilocano
lungkab,cebuano
tungaw,cebuano
ignorante,tagalog
napartac,ilocano
sibúkaw,hiligaynon
balalantì,cebuano
but-an,cebuano
biérde,hiligaynon
nadalus,ilocano
hibatian,cebuano
maabala,tagalog
kúkuks,cebuano
retráto,hiligaynon
udtong tutok,cebuano
banílad,hiligaynon
basilin,cebuano
luop,tagalog
manlupaypay,tagalog
kaarawan,cebuano
gutad,cebuano
langday,cebuano
pagpapatao,tagalog
kinaringgor,ilocano
ukis,ilocano
panon sa magtutudlo,cebuano
sapot,cebuano
barót,hiligaynon
magpalagutok,tagalog
buling,cebuano
buangít,hiligaynon
Aluminum,tagalog
animar,cebuano
hanaw,cebuano
hinagpis,tagalog
halúmhum,hiligaynon
unti,tagalog
mapanupil,tagalog
madamdamin,tagalog
distilahin,tagalog
pagbuga,tagalog
bánà,hiligaynon
pawikan,tagalog
ciudad,ilocano
dili kanunay,cebuano
hindi handa,tagalog
bálbal,hiligaynon
retratísta,hiligaynon
trahidiya,cebuano
aramiden,ilocano
ikola,tagalog
tapsak,tagalog
búyù,cebuano
masabut,cebuano
luplupot,ilocano
hulunán,hiligaynon
saduol,cebuano
pendola,tagalog
ensiklopedya,tagalog
saan a napateg,ilocano
babag,cebuano
Biyernes,tagalog
bayad,ilocano
bórnos,hiligaynon
pinasidunggan,cebuano
isuro,ilocano
sapatéro,hiligaynon
mahalimuyak,tagalog
Abril,cebuano
udiyung,cebuano
atangan,tagalog
tibuagya,cebuano
laghaw,cebuano
álim,cebuano
caputotan,ilocano
kurambúsà,cebuano
sasag,cebuano
grásya,hiligaynon
nangabac,ilocano
ginalóng,hiligaynon
patik,tagalog
bag-ódan,hiligaynon
tuhod,cebuano
tumayu-tayo,tagalog
gapangin,tagalog
kalipong,cebuano
gilok,cebuano
ipangmumog,tagalog
abot,ilocano
partuat,ilocano
medyas,cebuano
aprentis,tagalog
tintahan,tagalog
apan,cebuano
hutan,tagalog
magkapunit-punit,tagalog
"bris, brís",cebuano
langigngig,cebuano
sípad,hiligaynon
manunuligsa,tagalog
absulutista,tagalog
parola,tagalog
minatamis,tagalog
pasiyahan,tagalog
cuton,ilocano
palagutukin,tagalog
pagligo,cebuano
pagaramidan wenno pagtarimaanan iti vapor,ilocano
magpinsar,cebuano
ingangato,ilocano
kumalatis,tagalog
kasambahay,tagalog
pagtango,tagalog
pagtakbo,tagalog
apuhapin,tagalog
sud-ip,cebuano
panaguli,ilocano
bugon,cebuano
espongha,tagalog
magbangkete,tagalog
hut-ong,cebuano
kahiraman,tagalog
baoten,ilocano
magpahingi,tagalog
dasok,cebuano
sarípsip,hiligaynon
sa kainit,cebuano
bakpey,tagalog
yupi,tagalog
di-mapapatigil,tagalog
búksing,hiligaynon
paraya,tagalog
báy-ad,hiligaynon
sumikip,tagalog
naturalisahin,tagalog
kátig,cebuano
Indian,tagalog
nukanuka,cebuano
agrucob,ilocano
hililóong,hiligaynon
tiglinis,cebuano
tulig,tagalog
saklangan,tagalog
hanimun,cebuano
niya,cebuano
iksampul,cebuano
himayin,tagalog
atake personal,tagalog
uduy,cebuano
kasaliwa,tagalog
bumaba,ilocano
paghiram,tagalog
magningas,tagalog
abága,cebuano
yakà,cebuano
hagdan,tagalog
obispo,tagalog
kredo,tagalog
bassit a caycayo,ilocano
dili tinuod,cebuano
pagpasaylo,cebuano
sekular,tagalog
pagmalasakitan,tagalog
kural ng tupa,tagalog
sáyon,hiligaynon
saan a malisian,ilocano
uyon,cebuano
tigkampanya,cebuano
húy-od,hiligaynon
bumagtas,tagalog
ubul-úbul,cebuano
agcuyog,ilocano
salpokhan,tagalog
managaytay,tagalog
gâgâ,hiligaynon
gábun,cebuano
kagkag,cebuano
makiharlon,cebuano
bumtac,ilocano
panangrucod,ilocano
tabla,cebuano
ápaw,cebuano
banáhaw,cebuano
dungáwug,cebuano
uwaping,cebuano
asparagus,tagalog
ñgato,ilocano
bilídlan,hiligaynon
sabat,cebuano
baon,tagalog
bútwas,hiligaynon
duryan,cebuano
sástre,hiligaynon
karampag,cebuano
ipon,cebuano
rípa,hiligaynon
íkag,cebuano
manggagamod,ilocano
matay,cebuano
balinkinitan,tagalog
binaw,cebuano
mga tinda,cebuano
pangadlit,tagalog
dinamika,tagalog
lugay,tagalog
hain,cebuano
mag-iskursyon,tagalog
mag-abako,tagalog
magdako,tagalog
húmoy,hiligaynon
maiwaksi,tagalog
mahanay,tagalog
kuwanggol,cebuano
asáwa,cebuano
supirbisúri,cebuano
hingikî,hiligaynon
sakop,tagalog
hutál-hútal,hiligaynon
magkatabi-tabingi,tagalog
waag,tagalog
mangil-ad,cebuano
tugtug,cebuano
solápok,hiligaynon
pasangga,tagalog
kaguluhan,tagalog
paris,cebuano
makalaki,tagalog
balabagô,hiligaynon
húlwà,hiligaynon
yugtù,cebuano
ríma,hiligaynon
pulok,tagalog
alisuksuk,cebuano
kaláwat,cebuano
baboy,ilocano
pása,cebuano
sa malayo,tagalog
caduaen,ilocano
hinalabúab,hiligaynon
binástos,hiligaynon
disiplina,cebuano
walás-wálas,hiligaynon
pammatalged,ilocano
nombrahan,tagalog
salat-úmon,hiligaynon
kontra-sinyas,cebuano
lansi-lansinaan,tagalog
sarótsot,hiligaynon
libagin,tagalog
bagù,cebuano
pagkaospital,tagalog
mangmangged,ilocano
panagpuccaw,ilocano
húngit,hiligaynon
sumikat,tagalog
gurlis,tagalog
inton rabii,ilocano
magkabanggaan,tagalog
orbita,tagalog
lalo,tagalog
dodong,cebuano
pintor,tagalog
tolda,ilocano
makipot na butas,tagalog
baklasin,tagalog
rapido,tagalog
panagbettac,ilocano
kabyawan,tagalog
rasun,cebuano
katubusan,tagalog
paghahabilin,tagalog
bakíras,hiligaynon
kumikig,tagalog
palu-palo,tagalog
pilgo sa papel,cebuano
paingon sa,cebuano
panunuyo,tagalog
búgaw,hiligaynon
alagain,tagalog
pagbaluktot,tagalog
sinsiya,cebuano
balínsay,hiligaynon
ambangul,cebuano
ipabulod,ilocano
nanipud,ilocano
sagangat,cebuano
hiniwâ-híwà,hiligaynon
saan a maicari,ilocano
hindi gusot,tagalog
mahibalo,cebuano
pamahayin,tagalog
solókton,hiligaynon
buút,hiligaynon
gátal,cebuano
relihiyon,tagalog
pitikpitik,cebuano
silulucat,ilocano
hiringítyon,hiligaynon
mag-angkop,tagalog
gabara,tagalog
síad,hiligaynon
pagpapahinuhod,tagalog
magboda-de-oro,tagalog
ambaw,cebuano
sitsit,tagalog
gantso,tagalog
prupusisiyun,cebuano
lakarin,tagalog
alsa,cebuano
bótas,hiligaynon
sím-ong,hiligaynon
putul,cebuano
balbas,cebuano
maglipay,cebuano
suhup,cebuano
magpumilit,tagalog
sápsap,hiligaynon
kulut,cebuano
saba,cebuano
dako kaayo,cebuano
maka,cebuano
hinawa,tagalog
ummong,ilocano
háwla,hiligaynon
kirat,cebuano
pagsalipadpad,tagalog
naglacuan,ilocano
hukhuk,cebuano
saritaan,ilocano
hurapáy,hiligaynon
bílay,hiligaynon
gánas,cebuano
"krayula, krayúla",cebuano
hábay,hiligaynon
siphaw,tagalog
maglilinang,tagalog
makatiyad,tagalog
kamagsi,tagalog
rehas,cebuano
salsálon,hiligaynon
barásag,hiligaynon
uraw,tagalog
sángpad,hiligaynon
maaaring maraanan,tagalog
sísta,hiligaynon
pagpusas,cebuano
kubkob,tagalog
pahalipay,cebuano
haykapnayan,tagalog
aguting,cebuano
garotílyo,hiligaynon
palutpoten,ilocano
libiral,cebuano
katalagman,cebuano
babad,cebuano
motorsiklo,tagalog
sugal,tagalog
sapnan,tagalog
samporado,tagalog
piit,cebuano
akap,tagalog
hanggahan,tagalog
turúrut,cebuano
baho,cebuano
tesauro,tagalog
angin,ilocano
sesaryan,tagalog
wala'y batasan,cebuano
singayándágat,hiligaynon
kagawaran,tagalog
lusay,tagalog
kinaalsem,ilocano
tundù,cebuano
intay,tagalog
sumamsam,tagalog
caruscos,ilocano
magbalikuko,tagalog
"ulobánwa, uló-bánwa",hiligaynon
gúrung,hiligaynon
kanunay,cebuano
tihap,cebuano
luthang,cebuano
úlud,cebuano
kumprumísu,cebuano
ngulila,tagalog
sangka sa katarungan,cebuano
tugoy,tagalog
awanan iti nagan,ilocano
binitad,tagalog
pahinuhod,tagalog
bagong-panganak,tagalog
pagkakaalis,tagalog
sanepa,tagalog
ukyù,cebuano
"pangli, panglin",cebuano
dati-dati,tagalog
bándo,hiligaynon
bankíya,hiligaynon
pangalisagan,tagalog
pasabi,tagalog
singgalung,cebuano
hulusayón,hiligaynon
lumbang-banukalad,tagalog
úkbo,hiligaynon
sanga ti cayo,ilocano
"sángga, sánggà",hiligaynon
ik-ik,cebuano
maw-uy,cebuano
nakabibigla,tagalog
dalubhasa,tagalog
dimalas,cebuano
súka,hiligaynon
sóbsob,hiligaynon
sagsagan,tagalog
apuin,tagalog
luy-a,cebuano
ipanatag,tagalog
encantado,ilocano
pahimuot,cebuano
babay,cebuano
bulisik,tagalog
balábad,hiligaynon
grabado,tagalog
angka,cebuano
pyano,cebuano
suluksuluk,cebuano
dalan ti tren iti uneg ti daga,ilocano
karapat-dapat,tagalog
dalì,cebuano
nacaamamac a panangraut,ilocano
istambay,cebuano
magsuwatan,tagalog
pangabat,cebuano
kahapdos,cebuano
pagguho,cebuano
maliputo,tagalog
pagsuratan a papel,ilocano
bagátnan,hiligaynon
pahuy,cebuano
pangutseruhan,tagalog
úgtak,hiligaynon
barbon,tagalog
magbubukid,tagalog
lamang-lupa,tagalog
lipot,cebuano
panutsa,tagalog
mapagiray,tagalog
dependiyente,tagalog
salaan,tagalog
halaguyón,hiligaynon
maasahin,tagalog
naaya a mangkita wenno mangammo,ilocano
ihiram,tagalog
natimud,ilocano
átub,cebuano
pagakpak,tagalog
ibapuráda,cebuano
katatawanan,tagalog
kabaliwan,tagalog
lalabhin,tagalog
sa teyoriya,cebuano
malapason,cebuano
panagiggem,ilocano
balite,tagalog
kahibulongan,cebuano
kung gayon,tagalog
matiklop,tagalog
magpasagana,tagalog
kadunguan,tagalog
bili,cebuano
hagúmhum,hiligaynon
subó,hiligaynon
pasimano,tagalog
dímas,cebuano
billaay,ilocano
lagúsù,cebuano
agbalbalcot,ilocano
pagkainip,tagalog
garís,hiligaynon
apal,ilocano
sangga,cebuano
síkwan,hiligaynon
masusing paglilimi,tagalog
haling,tagalog
halap,tagalog
magkaanak,tagalog
gólgol,hiligaynon
degdegan,ilocano
haníb,hiligaynon
bumatak,tagalog
pagkabakla,tagalog
pagtuslob,cebuano
pagsisinaen,ilocano
sunod,cebuano
dahanan,tagalog
alunan,tagalog
sapípid,cebuano
gútung,hiligaynon
ikalamang,tagalog
pagmalabisan,tagalog
ripiri,cebuano
puno't dulo,tagalog
batok,cebuano
maka-,cebuano
magkabalakubak,tagalog
cayo,ilocano
napigsa,ilocano
sarming ti ridaw wenno tawa,ilocano
úkol,hiligaynon
manggad,cebuano
saclot,ilocano
gago,tagalog
tinyinti,cebuano
bungán-bungán,hiligaynon
napakahalaga,tagalog
tuba,tagalog
burec,ilocano
kung ihahambing,tagalog
managincucuna,ilocano
nag-ingon,cebuano
halâ,hiligaynon
kapitera,tagalog
túyuk,cebuano
alulusan,tagalog
sulod sa sakyanan,cebuano
pútut,cebuano
gatílyo,hiligaynon
gamot,tagalog
kuylaw,cebuano
pagluganan,ilocano
payapain,tagalog
hagmángun,cebuano
lubong,ilocano
ipalgac,ilocano
naayo,cebuano
lapukon,cebuano
palaríti,cebuano
bumenggansa,tagalog
matiwarik,tagalog
magwalang-imik,tagalog
labnaw,tagalog
escribiente,ilocano
saluwásid,cebuano
pagidulinan iti canen,ilocano
bunsud,cebuano
pababain,tagalog
balaho,tagalog
umimbento,tagalog
gilaay,cebuano
diri,cebuano
agianan sa ubos,cebuano
plantsa,tagalog
paglukso,cebuano
pagkakakilala,tagalog
maitutulad,tagalog
watsinanggu,cebuano
pagkaayo,cebuano
mantiquilla,ilocano
oktaba,tagalog
sambulawán,hiligaynon
panibughuan,tagalog
basang-sisiw,tagalog
umuna nga igaman,ilocano
tucactucac,ilocano
animo'y,tagalog
swápang,cebuano
ilayo,cebuano
salantà,cebuano
ápud,cebuano
di-nakagagalaw,tagalog
atraksiyon,tagalog
binggár,hiligaynon
yámo,hiligaynon
toxic,tagalog
dayan,cebuano
bánggos,hiligaynon
napaay,ilocano
gaba,cebuano
sághoy,hiligaynon
kupitin,tagalog
paagi,cebuano
pagkabakante,tagalog
kaaslom,cebuano
lipad,tagalog
pamilya,cebuano
guyoden,ilocano
kumulo,tagalog
gáway,hiligaynon
kapay-kapay,cebuano
krás,cebuano
kasuwitikan,tagalog
takos,cebuano
paghikab,tagalog
mapasayad,tagalog
cugtaran,ilocano
bata sa kaligo,cebuano
maalumamay,ilocano
"sáug, saúg",hiligaynon
matigal,tagalog
talamayon,cebuano
salindrun,cebuano
sálas,hiligaynon
naragsac,ilocano
biradónde,hiligaynon
háplit,hiligaynon
salapsap,tagalog
ilakip,cebuano
tatang,cebuano
piyon,tagalog
sagup,cebuano
sipak,cebuano
hitag-anan,cebuano
pagkadagma,cebuano
katarantaduhan,tagalog
pag-iipun-ipon,tagalog
agtas,tagalog
pirma,tagalog
mapabuyo,tagalog
kirida,cebuano
anghal,cebuano
haynayan,tagalog
iya na,cebuano
bólsa,hiligaynon
kompadre,tagalog
hugna,cebuano
upahan,tagalog
súmpak,hiligaynon
kalabugsok,tagalog
hánog,hiligaynon
ginigiliw,tagalog
iraman,ilocano
piki,cebuano
mag-ingay,tagalog
síbid,hiligaynon
maantak,tagalog
aguhon,tagalog
tag-upatay,cebuano
hinganúgon,hiligaynon
kumon,tagalog
nagkakaingay,tagalog
magtanim,tagalog
alo-alo,cebuano
makisarita,ilocano
ulus,cebuano
pahinumdum,cebuano
byábas,cebuano
saan a mmati iti Cristianismo,ilocano
bagókbok,hiligaynon
suluwayán,hiligaynon
dagiti maararamat,ilocano
kipot,tagalog
alangaang,tagalog
kwandig,cebuano
linlangin,tagalog
gápà,hiligaynon
sologoón,hiligaynon
háwhaw,hiligaynon
cadua,ilocano
kabuang,cebuano
tinta,ilocano
hamis,cebuano
bennaten,ilocano
ipadikdik,tagalog
pacalaglagipan,ilocano
sagákwal,hiligaynon
parituhan,tagalog
magpaltos,tagalog
supak,cebuano
"híngyo, híngyò",hiligaynon
búli,hiligaynon
bioléta,hiligaynon
isláyid,cebuano
hanáyap,hiligaynon
altar,ilocano
tangkas,cebuano
bínta,hiligaynon
bulús,hiligaynon
saan a mabalin,ilocano
trumpeta,cebuano
sánaw,hiligaynon
pagtatamad,tagalog
bundulin,tagalog
hingód-hingód,hiligaynon
bágnas,hiligaynon
risulusiyun,cebuano
Mahoma,tagalog
panawan,ilocano
pagbatiin,cebuano
kahibangan,tagalog
báklay,hiligaynon
kimpang,cebuano
kung paano,tagalog
teniente,ilocano
walang-kakasa-kasangkapan,tagalog
teoria,tagalog
angay,cebuano
hulút,hiligaynon
prolog,tagalog
sabalo,tagalog
síplat,hiligaynon
sungî,hiligaynon
Nitrohen,tagalog
mangalaga,tagalog
pagipatacderan,ilocano
agub-ub,cebuano
sarsyádo,hiligaynon
wala sa duha,cebuano
labaw sa,cebuano
pasalig,cebuano
biskù,cebuano
diyabetes,tagalog
pátas,cebuano
pagpangisip,cebuano
laseta,tagalog
gólpe,hiligaynon
gastár,hiligaynon
rami,tagalog
magpala,tagalog
pumimpintas,ilocano
santíkan,hiligaynon
bángkaw,hiligaynon
mamasyal-masyal,tagalog
balaoranan,cebuano
pagtuktok,tagalog
pakikipanayam,tagalog
umuna,ilocano
bakî-bákì,hiligaynon
mapalulong,tagalog
pagwagtang wagtangon,cebuano
balón-balonán,hiligaynon
sipat,ilocano
sekantihin,tagalog
salot,tagalog
tarigagay,ilocano
"súyà, suyâ-suyâ",hiligaynon
Yodin,tagalog
lapida,tagalog
pagpapahupa,tagalog
saway,cebuano
mecanico,ilocano
mandagarat,tagalog
upak,tagalog
mabawi,cebuano
habagatin,tagalog
hamíl,hiligaynon
sulyapan,tagalog
dugang pa,cebuano
ehekusyon,tagalog
pagsulbong,cebuano
liko,cebuano
managsarita,ilocano
aglidulsi,cebuano
huna,tagalog
takdo,cebuano
salimuáng,hiligaynon
maglimos,tagalog
kauban sa saring,cebuano
sieté-sieté,hiligaynon
panggamot,tagalog
malayang oras,tagalog
tabígi,hiligaynon
magmayabang,tagalog
pilitin,tagalog
séna,hiligaynon
suso,cebuano
katamlayan,tagalog
itingob,cebuano
gúnghaw,hiligaynon
arya,cebuano
"guláng-gúlang, guláng-guláng",hiligaynon
kaanghangan,tagalog
sayúp,hiligaynon
makatao,tagalog
plansa,cebuano
pagmanggad,cebuano
sabotahe,tagalog
nabato,ilocano
sadino,ilocano
nato,cebuano
tagapagdala,tagalog
desimpektado,tagalog
batok,cebuano
dúngan,cebuano
diyakono,tagalog
agtocar iti organo,ilocano
tungo,cebuano
bagyo,ilocano
lumayo,tagalog
"waláy, walá'y",hiligaynon
wala makabantay,cebuano
hinukuhan,tagalog
siudádnon,hiligaynon
hilágis,hiligaynon
baskag,tagalog
núdul sup,cebuano
sando,cebuano
carton,ilocano
pagtubos,cebuano
tabríya,hiligaynon
ibira,cebuano
nagsasarili,tagalog
princesa,ilocano
bakág,hiligaynon
"kugaw, kúgaw",cebuano
gaya,tagalog
magpatino,tagalog
doyli,tagalog
manghihimagsik,tagalog
almanake,tagalog
hígop,hiligaynon
mintira,cebuano
nagbukel,ilocano
hinúgang,hiligaynon
padaya,ilocano
gisantes,ilocano
"sulad, súlad",cebuano
banáta,hiligaynon
petrograpiya,tagalog
panagca rarag,ilocano
tambalanan,cebuano
súl-ub,hiligaynon
bukhad,cebuano
hamuk,cebuano
magkagayon,tagalog
bag-asón,hiligaynon
paikot na sukat,tagalog
hák-on,hiligaynon
úmud,cebuano
bisita,cebuano
nabangsit,ilocano
limba,cebuano
perpeksyon,tagalog
kanunay,cebuano
panaglinnawag,ilocano
pag-alima,cebuano
hilinguhaón,hiligaynon
hábas,hiligaynon
urlun,cebuano
pagkakatoliko,tagalog
mapaurong,tagalog
nacariing,ilocano
maghari,tagalog
paralisar,cebuano
panagdayaw,ilocano
hísà,cebuano
may ikahimo,cebuano
úgsod,hiligaynon
cabagyan,ilocano
serb,tagalog
ipapulot,tagalog
karabalyas,cebuano
damulag,tagalog
pagpuksa,tagalog
pagpigil,tagalog
naisambot a linged ken saripda cadagiti cabusor,ilocano
gihít-gíhit,hiligaynon
virgen,ilocano
labawag maayo,cebuano
maibalicas,ilocano
batubára,cebuano
sinam-it,ilocano
pagpanaw,cebuano
palabasin ang hangin,tagalog
penisilin,tagalog
yarian,tagalog
gotera,tagalog
tinuohan,cebuano
kasalanan,tagalog
sántol,hiligaynon
panangrugi ti nalpasen,ilocano
híkay,hiligaynon
di kapugngan,cebuano
waig,ilocano
paing-itlog,tagalog
arpa,cebuano
asawa a babai,ilocano
pagpapalinaw,tagalog
kinataccum,ilocano
"wáog, wá-og",hiligaynon
laki sa layaw,tagalog
paglurok,tagalog
magtubig-tubig,tagalog
paggarawen,ilocano
hamúok,hiligaynon
alimbúkad,cebuano
ulaw,ilocano
putiong mananap,cebuano
sukdulan,tagalog
kalingawan,cebuano
magsuno,tagalog
lamlam,cebuano
tampalasan,tagalog
sagbut,cebuano
suminghut-singhot,tagalog
paig,cebuano
parparmata,ilocano
nitsu,cebuano
ringgoren,ilocano
panagsangga,cebuano
sapátnon,hiligaynon
espia,ilocano
búnggit,hiligaynon
panagcaycaysa,ilocano
burda,tagalog
gáring,hiligaynon
paryente,cebuano
sulumbákì,hiligaynon
sa unahan kaayo,cebuano
ipit,tagalog
sigál-i,hiligaynon
panagway,cebuano
magsiga,tagalog
nasuko,cebuano
mambayani,tagalog
sesyón,hiligaynon
ingkantu,cebuano
sópas,hiligaynon
kumagat,cebuano
inyo,cebuano
anac,ilocano
uneg,ilocano
ritubar,cebuano
tikì,cebuano
katigasan ng ulo,tagalog
gisî,hiligaynon
mauyunon,cebuano
sopa,cebuano
sidahon,cebuano
macapainana,ilocano
liko,cebuano
uláyhon,hiligaynon
manunulad,tagalog
bayag,tagalog
kaimisan,tagalog
kumbensihin,tagalog
toalya,cebuano
paglalakbay-dagat,tagalog
sang,hiligaynon
bumaklas,tagalog
pahayag,cebuano
copia,ilocano
híya,hiligaynon
barong tagalog,cebuano
mundiyal,tagalog
pala,cebuano
magpatawag,tagalog
sangá,hiligaynon
kahimanan,cebuano
Magkakano?,tagalog
pagitnain,tagalog
paglimbong,tagalog
pagkagising,tagalog
hugós-hugós,hiligaynon
masakmal,tagalog
mas luag,cebuano
painisyalan,tagalog
apartment,cebuano
uhiya,tagalog
magdulo,tagalog
asoy,cebuano
buang-buang,cebuano
ibandeha,tagalog
mahinamon,cebuano
aslom,cebuano
pagkahilig,cebuano
dakop,cebuano
atug-atug,cebuano
umalam,tagalog
galingan,cebuano
apuyus,cebuano
húbung,cebuano
okasyon,tagalog
salog,tagalog
hángbas,hiligaynon
tugnaw,cebuano
kamalian,tagalog
giwa,tagalog
berso,tagalog
pagsuysoy,tagalog
onsa,cebuano
báklid,hiligaynon
tumalaga,tagalog
mímis,cebuano
abyirtu,cebuano
kidday,ilocano
dalayday,tagalog
bínsol,hiligaynon
banag a mangipalawag,ilocano
canito,ilocano
pagkaon,cebuano
asahan,tagalog
sanlibong-angaw,tagalog
magwawali,cebuano
gunâ,hiligaynon
agpasiar,ilocano
kulig,tagalog
wakwak,cebuano
paráyig,cebuano
úlang,hiligaynon
mamimili,tagalog
imposisyon,tagalog
koadyutor,tagalog
palmu,cebuano
kinatao (lalaki wenno babai),ilocano
matugkad,cebuano
sinili,tagalog
muhon,cebuano
pagbukbok,cebuano
inang dulangan,tagalog
turon,tagalog
sáang,hiligaynon
"lambanug, lambánug",cebuano
budóng,hiligaynon
estable,tagalog
girî,hiligaynon
tipan,tagalog
belasyón,hiligaynon
tápal,cebuano
dalub-ulnungin,tagalog
kapan-usan,cebuano
itagilid,tagalog
ság-id,hiligaynon
maibahan,tagalog
rítak,hiligaynon
pag-umangkon,cebuano
paburíta,cebuano
parakayda,cebuano
lisian,ilocano
armasan,tagalog
paghalili,tagalog
embahada,tagalog
gadímit,cebuano
wala'y kinutoban,cebuano
pungtanon,cebuano
tupad,tagalog
agsanud,ilocano
nabacnang,ilocano
"talábun, talábung",cebuano
mamaga,tagalog
prisohan,cebuano
respirador,tagalog
siasino man ang mangtamtaming iti maysa a patacder,ilocano
kalagsik,cebuano
magdadaldal,tagalog
pagdambong,tagalog
magwaldas,tagalog
búngkag nga ítlog,hiligaynon
láwag,cebuano
ipaanod,tagalog
taripnong,ilocano
hadô,hiligaynon
bisan unsaon,cebuano
búntal,hiligaynon
kalaputan,tagalog
tipun-ug,cebuano
"sólngan, sólngon, etc.",hiligaynon
pagtatalakayan,tagalog
masayang sumayaw-sayaw,tagalog
masayang lumuksu-lukso,tagalog
ibalik,tagalog
ang pagtugot,cebuano
hilibíon,hiligaynon
halumigmig,tagalog
agpaandar iti motor,ilocano
pahid,tagalog
bololághot,hiligaynon
macapadagsen,ilocano
nalaca,ilocano
wala'y ulaw,cebuano
putput,cebuano
nauyong,ilocano
dulhug,cebuano
tábay,cebuano
sugnay,tagalog
"sakayánáway, sakayán-áway",hiligaynon
wani,tagalog
rilikyas,cebuano
tinutungo,tagalog
dalusan,ilocano
ihalo,tagalog
rúbas,hiligaynon
báto,hiligaynon
agtengnga,ilocano
bayabas,cebuano
kundat,cebuano
masisante,tagalog
sumang-ayon,tagalog
ripínte,hiligaynon
oksidente,tagalog
mapag-aprobetsa,tagalog
baláyhan,hiligaynon
baniká,hiligaynon
pagtibayin,tagalog
pantat,cebuano
bikwad,cebuano
hikutar,cebuano
bustu,cebuano
kuhitin,tagalog
sakup,cebuano
klap,cebuano
hanúmdum,hiligaynon
bassit,ilocano
malipayon,cebuano
magkrokis,tagalog
úgsod,hiligaynon
pagtuman,cebuano
ginharían,hiligaynon
makilaban,tagalog
sa kinatibuk-an,cebuano
gálgal,hiligaynon
yarda,ilocano
tropeo,tagalog
mansa,cebuano
panti,cebuano
dalasin,tagalog
"maramà, marámà",cebuano
tinimbulan,cebuano
tanungan,cebuano
disorganisahin,tagalog
mangalatwat,tagalog
manggipit,tagalog
ikula,tagalog
terapeuta,tagalog
makúpa,cebuano
anggi,tagalog
singkwílan,hiligaynon
isplǐt,cebuano
tumalaktak,tagalog
sigáy,hiligaynon
daob,cebuano
cabayan a caballo,ilocano
papha,cebuano
Bisyâ,hiligaynon
graba,tagalog
ugput,cebuano
silungan,tagalog
sippit,ilocano
Binyagan,tagalog
may-banto,tagalog
kislot,tagalog
"bángkò, bángko",hiligaynon
bádlon,hiligaynon
siban,tagalog
hasol,cebuano
raháyráhay,hiligaynon
pagtangtang,cebuano
gatgat,tagalog
pabaunan,tagalog
kudkuran,cebuano
bálhin,hiligaynon
salóso,hiligaynon
balligi,ilocano
mahulog sa kamay ng pulis,tagalog
aktur,cebuano
limbong,cebuano
"ngiyaw, ngíyaw",cebuano
poker,cebuano
aparador,tagalog
dalaygon,cebuano
bátì,cebuano
kumadrona,tagalog
gigutom,cebuano
sige pa!,cebuano
búndul,hiligaynon
oligarkia,tagalog
taho,cebuano
bánting,hiligaynon
pammabalaw,ilocano
balbiki,tagalog
panandaliang magneto,tagalog
suagan,tagalog
itanong,tagalog
"balikwâ, balíkwà",hiligaynon
kiti,tagalog
susic,ilocano
dukuton,cebuano
pamahayan,tagalog
panrelihiyon,tagalog
bannog,ilocano
magtabingi,tagalog
utang,cebuano
magbugnos,tagalog
búrut,cebuano
ukang,cebuano
agsarwa,ilocano
kinagaspang,ilocano
papílis,cebuano
súguk,cebuano
supli,ilocano
angkakan,tagalog
gutúng,hiligaynon
hiligáynon,hiligaynon
hamô,hiligaynon
salamuánan,hiligaynon
busaan,tagalog
ngadto sa,cebuano
balunet wenno sagiped ti ridaw,ilocano
kabling,cebuano
palaw,cebuano
súmpò,hiligaynon
pigsa,ilocano
nobelista,tagalog
cailian,ilocano
matigilan,tagalog
sanggahin,tagalog
ubos,cebuano
ipag-abang,tagalog
kari,tagalog
yakap-yakap,tagalog
makapareho,tagalog
pasalimuutin,tagalog
agwanta,tagalog
salmón,hiligaynon
mahal,cebuano
mairurumen,ilocano
dilána,cebuano
giuhaw,cebuano
ibunga,tagalog
humagak,tagalog
ramanan,ilocano
ngalan,tagalog
pagkatuso,tagalog
gútù,cebuano
puyo,cebuano
sigabo,tagalog
gulat na gulat,tagalog
búlingón,hiligaynon
lumbágu,cebuano
halubaybay,tagalog
talikud,cebuano
panunudyo,tagalog
naik,tagalog
apo-co,ilocano
mapagsumikap,tagalog
mingaw,cebuano
bandéra espanyóla,hiligaynon
raya,tagalog
pamulatik,cebuano
pagsumpa,cebuano
papkorn,tagalog
maysa a kita ti cayo idiay America,ilocano
pagbitayan,ilocano
platilyo,tagalog
humok,cebuano
sagut,ilocano
fíltro,hiligaynon
Itoy,tagalog
pagyatak,cebuano
balúkag,hiligaynon
carsan,ilocano
mangawat,cebuano
iccaten ti bungon,ilocano
kaarang abilidad,cebuano
dalirot,tagalog
hingóto,hiligaynon
akinlaud,ilocano
kamakailan,tagalog
gitgit,tagalog
asino ti akincuana,ilocano
humanap,tagalog
nasicap,ilocano
hawod og salabutan,cebuano
bapur,cebuano
pagbag-o,cebuano
kamunggay,cebuano
singgil,cebuano
ngisngis,cebuano
sikat,cebuano
"banógon, banogón",hiligaynon
bílang,hiligaynon
sunay,ilocano
pagbulabog,tagalog
rumima,tagalog
himulús,hiligaynon
halampangánan,hiligaynon
haróthot,hiligaynon
biruin,tagalog
ug-og,tagalog
mag-isketing,tagalog
pilay,ilocano
salaping papel,tagalog
asong ulol,tagalog
pagya,cebuano
kinagamyan,cebuano
ngual,cebuano
umagad nga babaye,cebuano
silá-síla,hiligaynon
bakbak,cebuano
makapagpalakas,tagalog
magkahambing,tagalog
pagdadalamhati,tagalog
alhajas,ilocano
ginamús,hiligaynon
panagtinnarus,ilocano
di-mapigilan,tagalog
lingaw,cebuano
naata,ilocano
kargahan,tagalog
balakiin,tagalog
pag-iintindi,tagalog
taeng ti napanglaw,ilocano
bíknoli,hiligaynon
tabok,cebuano
tag-ulan,tagalog
"súmay, sumáy-súmay",hiligaynon
gáwa,hiligaynon
buntisin,tagalog
sudian,tagalog
sakúung,cebuano
uluyogón,hiligaynon
matrapiko,tagalog
mangispal iti biag,ilocano
titurun,cebuano
baláyo,hiligaynon
labing,cebuano
balún-ok,hiligaynon
wáding,hiligaynon
hikílo,hiligaynon
wala masamok,cebuano
iksakto,tagalog
sínko,hiligaynon
ángin,cebuano
botí,hiligaynon
bínggit,hiligaynon
gládì,hiligaynon
ginsugúran,hiligaynon
sumitsit,tagalog
akselerador,tagalog
tálab,cebuano
goróng-górong,hiligaynon
pagkinto,cebuano
kagisnan,tagalog
burburtia,ilocano
nguwal,cebuano
magpaurong,tagalog
iserrec,ilocano
kerida,cebuano
magawa,tagalog
latik,cebuano
balíngit,cebuano
pagtigmaanan,ilocano
húmon,hiligaynon
bag-ohánon,hiligaynon
atap a tao awanan iti religion,ilocano
buangon,cebuano
hingô,hiligaynon
proyektor,tagalog
bárba,hiligaynon
pinawa,tagalog
tagbaya,cebuano
kalmin,tagalog
tamlà,cebuano
átub,cebuano
dinha,cebuano
pagtambol,cebuano
lumatigo,tagalog
lamiran,tagalog
kiang,cebuano
pagkakalapit,tagalog
bampir,cebuano
magmisa,tagalog
tapok,cebuano
suga,cebuano
wala'y kagustohan,cebuano
nakit-an,cebuano
réyna,hiligaynon
pakawalan,tagalog
salwákì,cebuano
tupain,tagalog
sámwad,hiligaynon
brótse,hiligaynon
púngus,cebuano
dumilim,tagalog
kápa,cebuano
hamon,ilocano
ipahindi,tagalog
pagsagubang,cebuano
istasyon,tagalog
lumala,tagalog
kakilala,tagalog
paghinamad,tagalog
mangipatacder,ilocano
alimgas,cebuano
baradlísan,hiligaynon
humilik,tagalog
humagilap,tagalog
pagdaitan iti bado,ilocano
lumikot,tagalog
rúgnas,hiligaynon
mahadlukon,cebuano
mayang-kosta,tagalog
gamay nga bato,cebuano
matikud,cebuano
súr-o,hiligaynon
siryal,cebuano
"prumusyun síl, prumusyunal síl",cebuano
pamiga,tagalog
amyun,cebuano
makalito,tagalog
ipamana,tagalog
sambahan,tagalog
balángkà,hiligaynon
asúkal,cebuano
tan-aw,cebuano
úkap,hiligaynon
swipstik,cebuano
abay,tagalog
agansilio,ilocano
butíg,hiligaynon
disipulu,cebuano
mag-in-in,tagalog
súmat,hiligaynon
gíkos,hiligaynon
ipapilit,ilocano
betubeto,tagalog
gama,cebuano
nariri,ilocano
batikóla,hiligaynon
mag-ekskursiyon,tagalog
sikbit,cebuano
mirakul,cebuano
batuwang,cebuano
balát,hiligaynon
pagpahilayo,cebuano
"hitáo, hitáwo",hiligaynon
uminis,tagalog
banwa,cebuano
pig-it,cebuano
iukol,tagalog
pupo,tagalog
sakit,cebuano
chinelas,ilocano
sibáw,hiligaynon
somnambulismo,tagalog
matag,cebuano
pangawat,cebuano
salátan,cebuano
salingkapaw,cebuano
pangarapin,tagalog
antugan,cebuano
mulmul,cebuano
radyator,cebuano
hilitúpul,hiligaynon
sumagasa,tagalog
itulbec,ilocano
aksiyon,tagalog
magnumero,tagalog
tunog,tagalog
rólyo,hiligaynon
siilin,tagalog
pagrucod,ilocano
níla,cebuano
agbusbos,ilocano
nababa,ilocano
salón,hiligaynon
takilya,tagalog
pagbabataw,tagalog
maihian,tagalog
naghinagaping kasuko,cebuano
hagás,hiligaynon
pananacaawan,ilocano
lamísa,cebuano
tahiin,tagalog
salánà,hiligaynon
lílang,cebuano
matalaga,tagalog
mapuri,tagalog
ungto ti lubong,ilocano
papan,cebuano
akusar,cebuano
tigkuha sa butang sa uban,cebuano
huáran,hiligaynon
agnanayon,ilocano
balábaw,hiligaynon
alarmado,tagalog
bíntan,hiligaynon
úlang,hiligaynon
kasangyawan,cebuano
tubig na sinipsip,tagalog
salawíd,hiligaynon
buliskad,cebuano
sello,ilocano
tumacder,ilocano
pahalang,tagalog
hala,cebuano
sáwang,cebuano
hángdal,hiligaynon
paibaba,tagalog
untol,cebuano
maghalikan,tagalog
doctrina,ilocano
bagyuhin,tagalog
dama-dama,tagalog
gánsa,hiligaynon
di-maitatanggi,tagalog
úgoy,hiligaynon
tured,ilocano
bukid,tagalog
"suliping, sulíping",cebuano
kakulian,cebuano
idiskarga,tagalog
nasayaat,ilocano
"súdlan, etc.",hiligaynon
mabatikos,tagalog
pikadura,tagalog
sangapulo ket innem,ilocano
tarigagay,ilocano
gulub,cebuano
kapormalan,tagalog
tugsad,cebuano
maghapunan,tagalog
panangdillaw,ilocano
Matandang Tipan,tagalog
dungan,cebuano
pagtagna,cebuano
masirib,ilocano
hugis-rektanggulo,tagalog
dagitigalan,tagalog
pagsagi,tagalog
hopya,tagalog
baháy,hiligaynon
lungag,cebuano
patistis,tagalog
natural,cebuano
pagpahingahin,tagalog
búag,hiligaynon
sa luyo,cebuano
"mantinil, mantinir",cebuano
alkampur,cebuano
pabindisyunan,tagalog
amac,ilocano
bahin,cebuano
silindro,tagalog
sáng-ul,hiligaynon
Ilag!,tagalog
bernakulo,tagalog
makitalamitam,tagalog
balaslúkun,cebuano
híbas,hiligaynon
magdueto,tagalog
balaybay,ilocano
imon,ilocano
palatahap,cebuano
iccaten ti abbong,ilocano
dalius-us,cebuano
pusmastir,cebuano
hanginéra,hiligaynon
tambalanan,cebuano
akaunting,tagalog
ugma sa buntag,cebuano
gaano katagal,tagalog
sibut,cebuano
mapang-insulto,tagalog
pagkahinog,tagalog
disintirya,tagalog
sitsiríku,cebuano
larino,cebuano
istilítu,cebuano
dili sibilisado,cebuano
sód-o,hiligaynon
mamaliyan,tagalog
kagaslawan,tagalog
kutab,tagalog
palab-as,cebuano
pagsalikway,cebuano
ibaballaet,ilocano
kuratsa,cebuano
editor,ilocano
rítim,cebuano
Awstriyanhun,cebuano
dili kabilhan,cebuano
disinuybi,cebuano
pasangit,tagalog
sáray,hiligaynon
aywan,tagalog
takúpis,cebuano
magkapangasawahan,tagalog
pammacawan,ilocano
kúrus,cebuano
dagom,cebuano
diario,tagalog
donselya,tagalog
súngad,hiligaynon
talampakin,tagalog
pagdaghong,cebuano
laang-gugulin,tagalog
kadáding,cebuano
angguy,cebuano
pagparak,tagalog
tugtog,ilocano
kaumiran,tagalog
"yûyô, yúyò",hiligaynon
guyákab,hiligaynon
pagbuntog,cebuano
supil,cebuano
kadlo,tagalog
sintún,cebuano
hiwahiwa,cebuano
Kristiyanismo,tagalog
may kalagmitang,cebuano
Araw ng Pasasalamat,tagalog
tikas,cebuano
halídhid,hiligaynon
natirad; nalaing; natadem,ilocano
halos magputok ang dibdib,tagalog
pigapit,tagalog
sinap,tagalog
gayari,tagalog
maagap,tagalog
pagsambulat,tagalog
sabút,hiligaynon
dili buot,cebuano
biyahe,cebuano
balhin-balhin,cebuano
dukalin,tagalog
maysa a paset,ilocano
pangmatang,cebuano
bíngka,hiligaynon
duwa,cebuano
sonlogánon,hiligaynon
hinangát,hiligaynon
prinsipi,cebuano
imulsiyun,cebuano
hítà,hiligaynon
gitára,hiligaynon
balalasahón,hiligaynon
ang katingala,cebuano
minuyongan,ilocano
panagayat,ilocano
cochero,ilocano
holón-hólon,hiligaynon
dulúnà,cebuano
disgracia,ilocano
liwayan,ilocano
asterisk,tagalog
lagnut,cebuano
siásat,hiligaynon
rimin,cebuano
manirahan,tagalog
rúmud,hiligaynon
lumambot,tagalog
habón,hiligaynon
balasto,tagalog
kama,cebuano
ugdáng-úgdang,hiligaynon
síbid,hiligaynon
pag-usisa,cebuano
sápwa,hiligaynon
yalaúban,hiligaynon
bíkis,hiligaynon
magdesisyon,cebuano
labrador,cebuano
hing-an(→),cebuano
saramíhay,hiligaynon
kuha,cebuano
arktiko,tagalog
kulma,tagalog
frontál,hiligaynon
laynman,tagalog
ríka,hiligaynon
katulogon,cebuano
neyurologis,tagalog
caducuada,ilocano
talasukatan,tagalog
garahe,cebuano
tapang,cebuano
pangaman,tagalog
indibidwalista,tagalog
binulan,ilocano
sínghot,hiligaynon
pilo,cebuano
súra,hiligaynon
marikakaw,tagalog
ganus-a,cebuano
talaan,cebuano
kita,cebuano
pagkabit-kabitin,tagalog
kabli,cebuano
baláw,hiligaynon
bindítu,cebuano
sipilya,cebuano
hákug,hiligaynon
awtorisasyon,tagalog
hulam,cebuano
tugbang-pulong,cebuano
kayag-ang,cebuano
"síkyap, sík-yap",hiligaynon
"tumung, túmung",cebuano
sabong,ilocano
bulkan,cebuano
paandarin,tagalog
mapapalitan,tagalog
maibsan,tagalog
pasukuin,tagalog
saludsod,tagalog
balábag,hiligaynon
napartec,ilocano
kauban,cebuano
urdinar,cebuano
sab-ag,cebuano
Batikánu,cebuano
kurídas,cebuano
gaming,cebuano
yatyat,cebuano
pagsubay,cebuano
pag-uusig,tagalog
talian,ilocano
walang-kuwenta,tagalog
igo nga gidaghanon,cebuano
waig,ilocano
dalan,ilocano
paubos,cebuano
irekord,tagalog
bolitas,tagalog
pamaagi,cebuano
kabalyíti,cebuano
kiday,ilocano
batikos,tagalog
sumasala,ilocano
yánta,hiligaynon
ginadili,cebuano
"pulus, púlus",cebuano
kalabíra,cebuano
úl-ul,hiligaynon
pambuwisit,tagalog
esterilisador,tagalog
kalinis-linisan,tagalog
pana,cebuano
kumiskis,tagalog
waypir,cebuano
diyusísis,cebuano
linya,tagalog
kaliskis,tagalog
dugangan,cebuano
maya,cebuano
rabii,ilocano
inauna,ilocano
pagpugos,cebuano
slum,tagalog
himatúod,hiligaynon
inaldaw,ilocano
pundyi,cebuano
narucop,ilocano
lalaking-lalaki,tagalog
panagaramid,ilocano
awanggan,tagalog
diyes,tagalog
triyanggulu,cebuano
lingbáhun,cebuano
adilpa,cebuano
sángag,cebuano
mag-iskirol,tagalog
bunlay,cebuano
binignit,cebuano
paghilata,tagalog
nalawag,ilocano
bayonetahin,tagalog
umisisem,ilocano
paglantad,tagalog
magluko,tagalog
kababata,tagalog
tibalyaw,tagalog
hawát-hawát,hiligaynon
gákit,cebuano
búnga,hiligaynon
gato,tagalog
pagkokorek,tagalog
wayat maipapan ti ania man a banag,ilocano
manlilimbag,tagalog
rimórki,hiligaynon
híbun,cebuano
busisáw,hiligaynon
bóro,hiligaynon
paga-a,cebuano
mabagay,tagalog
bínggis,hiligaynon
palibog,cebuano
pasekreto,tagalog
salitaan,tagalog
dahilan,tagalog
trumpíti,cebuano
sotánghon,hiligaynon
kabtang,cebuano
kakteyl,tagalog
peyrol,tagalog
ugád-úgad,hiligaynon
gulípat,hiligaynon
halókhok,hiligaynon
tan-tarantan,tagalog
tuklaw,tagalog
ping-it,cebuano
taol,ilocano
kitiwkitiw,cebuano
sinkwílan,hiligaynon
manen,ilocano
punasa.,ilocano
poste,tagalog
pauntiin,tagalog
Dios,tagalog
temperatura,tagalog
pagbubutas,tagalog
caramutan,ilocano
bótbot,hiligaynon
gumasta,tagalog
kanus-a,cebuano
tiliskupyu,cebuano
babáeng' búhat,hiligaynon
garís,hiligaynon
maiwasan,tagalog
maitatagubilin,tagalog
hiriabút,hiligaynon
purok,cebuano
ugóy-úgoy,hiligaynon
hinunúd,hiligaynon
báta,hiligaynon
demokrata,tagalog
abut,ilocano
nalawag,ilocano
tungtungsnan,cebuano
gebarero,tagalog
sábak,hiligaynon
geyser,tagalog
nginig,tagalog
pusyaw,tagalog
katapatang-asal,tagalog
pag-utusan,tagalog
mahimsog,cebuano
lubid,cebuano
parusa ng langit,tagalog
dalayeg,cebuano
siripen,ilocano
layas,tagalog
pasa,tagalog
magtutudlo,cebuano
masiyahan,tagalog
pasalungat,tagalog
kabukutan,tagalog
balángon,hiligaynon
kahamakan,tagalog
kalipsu,cebuano
kunbuya,cebuano
tunganga,tagalog
insigniya,tagalog
kinaugalingon,cebuano
nangudel,ilocano
giyometri,tagalog
koedukasyon,tagalog
tistis,tagalog
pagsalig,cebuano
kasama,tagalog
namatikdan,cebuano
kadalian,tagalog
kalubkub,cebuano
depositante,tagalog
hipnosis,tagalog
padapada,ilocano
butáng-bútang,hiligaynon
hiliúsa,hiligaynon
guál-gúal,hiligaynon
búylog,hiligaynon
tipik sa buhatan,cebuano
panay,cebuano
pagpapasiklab,tagalog
giráy,hiligaynon
sakit ti ulo,ilocano
ahente,cebuano
talaarawan,tagalog
pung,cebuano
nasisiyahan sa sarili,tagalog
apaw,tagalog
icawes,ilocano
mabuot,cebuano
rawá-ráwa,hiligaynon
bulaw,cebuano
humbíya,hiligaynon
hugpungan,tagalog
naranghíta,cebuano
balanggáan,hiligaynon
segundo,cebuano
suweldo,cebuano
sikmura,tagalog
kahusayan,tagalog
pagkahumaling,tagalog
masirib,ilocano
ayun,cebuano
inayon,ilocano
sábun,hiligaynon
umampang-ampang,tagalog
sulong,cebuano
idawat,ilocano
patulungin,tagalog
ulipad,cebuano
muton,cebuano
soód-sóod,hiligaynon
hiatol uyon,cebuano
tonsilitis,tagalog
gram,tagalog
magtagal-tagal,tagalog
panambitan,tagalog
panala,tagalog
klum,cebuano
sapilitan,tagalog
balít-ad,hiligaynon
mag-agawan,tagalog
agidasar,ilocano
bátò,hiligaynon
ruangan; pagsercan,ilocano
gáwgaw,hiligaynon
pagsagip,tagalog
kinangato,ilocano
saan a naimpusuan,ilocano
acaba,ilocano
palus,cebuano
sikâ-sikâ,hiligaynon
inadlaw,cebuano
magsuplong,tagalog
panagpailailang,ilocano
kahinayan,cebuano
síbud,hiligaynon
pinta,tagalog
sagasaan,tagalog
mystery,tagalog
magpalabi-labi,cebuano
eskuylahanon,cebuano
ugáy,hiligaynon
híwos,hiligaynon
panubli-subli,cebuano
pasakay,tagalog
tourism,tagalog
adlawon,cebuano
butad,cebuano
ubing,ilocano
paham,tagalog
tighilabut,cebuano
silík-sílik,hiligaynon
agsuec,ilocano
buluntǎd,cebuano
síntak,hiligaynon
balaisán,hiligaynon
hampílò,hiligaynon
liwasan,tagalog
tagasamsam,tagalog
panggagalit,tagalog
sinígang,hiligaynon
gúyum,hiligaynon
utlánan,cebuano
pigúra,cebuano
panagsubli,ilocano
pampagunita,tagalog
pestehin,tagalog
umanga-anga,tagalog
iskúba,cebuano
úhung,cebuano
ipaglgac,ilocano
ratipikar,cebuano
"balatasón, balatáson",hiligaynon
lagadlad,tagalog
kilid,cebuano
paspas,tagalog
sodyo,cebuano
kuyaknit,cebuano
balón,hiligaynon
kaugalingong gama,cebuano
iwagayway,tagalog
katipunero,tagalog
pagkapigil,tagalog
nadayaw,ilocano
kobra,tagalog
payuan,cebuano
"katipúnan, katipuníru",cebuano
senyoríta,hiligaynon
manggagaga,tagalog
paggalam,cebuano
úbad,hiligaynon
badlungon,cebuano
human na,cebuano
nabaneg,ilocano
hilu,cebuano
Misa,tagalog
"tariya, taríya",cebuano
inum,cebuano
pananglagip,ilocano
súm-od,hiligaynon
hagawhaw,cebuano
lumiham,tagalog
mangingitlog,tagalog
pisak,tagalog
kadete,tagalog
pagkaligta,tagalog
sumilid sa isip,tagalog
timuden,ilocano
patulin,tagalog
kaalam,cebuano
masipag,cebuano
magpatalos,tagalog
binata og kaisipan,cebuano
kakulang,cebuano
ukon-ukon,cebuano
ululián,hiligaynon
paghuhubu't-hubad,tagalog
sulod,cebuano
mainit-init,cebuano
síbod,hiligaynon
bertikal,tagalog
sumandig,tagalog
pagkinnaawaten,ilocano
papatakin,tagalog
pagkusi,cebuano
auditibo,tagalog
rámay,hiligaynon
dimpol,tagalog
paulit,tagalog
pastang,cebuano
rulentas,cebuano
suhildu,cebuano
napacapsut,ilocano
inang-kasal,tagalog
tagihawat,tagalog
banta,tagalog
gíska,hiligaynon
nakalugmok,tagalog
magbalita,tagalog
maamo,tagalog
pagsalabid,tagalog
súngì,hiligaynon
magtampok,tagalog
borót-bórot,hiligaynon
destino,tagalog
isilpo,ilocano
háwag,hiligaynon
pagyanig,tagalog
atake serebral,tagalog
kiyapo,tagalog
sapsap,cebuano
tistisin,tagalog
mapasigaw,tagalog
borók-bórok,hiligaynon
ginaw,tagalog
singkamas,cebuano
sucat,ilocano
sulúptan,hiligaynon
magbuntunghininga,tagalog
púnas,cebuano
butonesan,tagalog
bado,ilocano
tibuláag,cebuano
apdo,cebuano
balióng,hiligaynon
tarong,cebuano
tedted,ilocano
tsampiyon,tagalog
nawawari,tagalog
pagbuklurin,tagalog
hikawan,tagalog
butî-bútì,hiligaynon
agkitkiti-kit iti cayo,ilocano
"halub, hálub",cebuano
bángan,hiligaynon
wígun,cebuano
brík,cebuano
tucot,ilocano
mamitas,tagalog
mapanlikha,tagalog
addan dayaw,ilocano
dosenahin,tagalog
natacneng,ilocano
pagpapabagsak,tagalog
isapit,tagalog
gábing,hiligaynon
mapuslanon,cebuano
trangkaso,tagalog
ihihip,tagalog
bokól,hiligaynon
asin,ilocano
kasuko,cebuano
agdaldalus,ilocano
balsa,cebuano
pagpapaikot,tagalog
báy-od,hiligaynon
giming,cebuano
pagbibigay,tagalog
sángdol,hiligaynon
hulukmóngan,hiligaynon
altar,cebuano
hawa,cebuano
resolusyon,cebuano
ibis,tagalog
higitin,tagalog
eoseno,tagalog
maysa a tao,ilocano
bérso,hiligaynon
aldaw ti pannacayanac,ilocano
dambahin,tagalog
asmahin,tagalog
sumunod sa bakas,tagalog
panit,cebuano
mug-uton,cebuano
bulsa,cebuano
mangumbida,tagalog
pamuno-lungod,cebuano
pasapitin,tagalog
pananalig,tagalog
bahay-aliwan,tagalog
bumaba,ilocano
úgtom,hiligaynon
bulíkat,hiligaynon
wala mabuhat,cebuano
udágan,hiligaynon
piangpiang,ilocano
lamas,tagalog
klasika,tagalog
biolín,hiligaynon
gisáng,hiligaynon
mahinay,cebuano
tamtaks,cebuano
walang-kabuluhan,tagalog
panangipato,ilocano
singô,hiligaynon
kasina,cebuano
marapa,tagalog
umili,ilocano
bilang na lantay,tagalog
kupit,cebuano
numipis,tagalog
sulukasók,hiligaynon
maluhaon,cebuano
maantuson,cebuano
kapanuluyan,tagalog
walang-pitagan,tagalog
pagtagbo,cebuano
kuha,cebuano
ibadya,tagalog
distribusyon,tagalog
batisan,tagalog
manmano,ilocano
hilian,tagalog
bibig,tagalog
cawesan,ilocano
Huwes-de-Pas,tagalog
síring,cebuano
bató-bató,hiligaynon
kristal,tagalog
gulot,tagalog
puyo,cebuano
puntiryahin,tagalog
bóro,hiligaynon
pugdul,cebuano
pundok,cebuano
sampa,tagalog
"munha, munhi",cebuano
kamayan,tagalog
pagtaghoy,cebuano
Hekan!,tagalog
búgtong,hiligaynon
umawat,tagalog
eskribaniya,tagalog
bungangkahoy,tagalog
pinakahuli,tagalog
agigísing,cebuano
briskas,cebuano
bangkang-may-layag,tagalog
haruhay,cebuano
sasan a mabalin a pagnaan,ilocano
kabibo,cebuano
utok sa bukog,cebuano
simót,hiligaynon
buliga,tagalog
mag-alila,tagalog
gáwa,hiligaynon
istimar,cebuano
wagtang,cebuano
gumipit,tagalog
gitlingan,tagalog
istri,cebuano
mapauntul-untol,tagalog
butilus,cebuano
wala'y hunong,cebuano
talupan,tagalog
gutlù,cebuano
pangasaw-unon,cebuano
nangina,ilocano
bántà,hiligaynon
nerbyusin,tagalog
sákwa,hiligaynon
lumaing,ilocano
ayad,cebuano
Hala,tagalog
kapatagang banlik,tagalog
bílang,cebuano
burígal,hiligaynon
puyasut,cebuano
sarlistun,cebuano
palango,tagalog
nagcuretret,ilocano
maggagamas,tagalog
dahon,cebuano
dumísing,cebuano
dikoy,tagalog
gárbo,hiligaynon
burúy-an,hiligaynon
eksplosyon,tagalog
pundok,cebuano
"igaiga, igà igà",cebuano
pigket,ilocano
kaparang,cebuano
bádù,hiligaynon
diyutay ug mabaga,cebuano
bátus,cebuano
mayurya,tagalog
pinkusyun,cebuano
bayakát,hiligaynon
rilihiyun,cebuano
rabaw,ilocano
hipsut,cebuano
kasosyo,cebuano
birina,tagalog
katitikan,tagalog
hapúlas,hiligaynon
buragós,hiligaynon
manok,tagalog
hádluk,hiligaynon
paking,tagalog
siding,ilocano
alangan,tagalog
buláklak,hiligaynon
biyolensya,tagalog
literatura,ilocano
umakap,tagalog
magkiskis,tagalog
itsahan,tagalog
tuuk,cebuano
buláknit,hiligaynon
magbalantay,cebuano
kalupitan,tagalog
pagkabakli,tagalog
timmangken,ilocano
pilikula,cebuano
lulinghayawan,cebuano
magpili,tagalog
isalimpyo,tagalog
cake,tagalog
nakabaton,cebuano
baríta,hiligaynon
tinacaw,ilocano
tangil,cebuano
hagáw,hiligaynon
hásong,hiligaynon
pamantalaan,cebuano
kukook,tagalog
bákyas,hiligaynon
diborsiyuhin,tagalog
ritubáda,cebuano
mang-iilit,tagalog
kibkib,cebuano
pangayam,cebuano
ulila,ilocano
tig-abiabi,cebuano
madanglog,cebuano
kilanlin,tagalog
nagsakdal (ang -),tagalog
pading,tagalog
binangíg-bángig,hiligaynon
gagamba,tagalog
pikul,tagalog
salábay,hiligaynon
atole,tagalog
naawas [ang -),tagalog
"kastanyíta, kastanyítas",cebuano
góta,hiligaynon
lantung,cebuano
sinarita,ilocano
alimungáwung,cebuano
santos,cebuano
ba-óg,hiligaynon
tumutop a tawen a pannakicallaysa,ilocano
maiyawaton,cebuano
caadduan,ilocano
kabtangan,cebuano
hirang,tagalog
tumakas,cebuano
balít-ad,hiligaynon
kahalibro,cebuano
pagbitay,cebuano
konsilyo,cebuano
pansu,cebuano
pagtangdo,cebuano
dili husay,cebuano
magpahindi,tagalog
cuerdas,ilocano
litograpya,tagalog
allilawen,ilocano
Usminya,cebuano
lúad,cebuano
lap-ut,cebuano
kapitalin,tagalog
dadaelen,ilocano
buhag,tagalog
rosaríto,hiligaynon
tatagukan,tagalog
panangsapul,ilocano
sál-ot,hiligaynon
nauneg nga abot,ilocano
mangamuyo,cebuano
panghalip,tagalog
ang kagahapon,cebuano
panagadu unay,ilocano
pulitika,tagalog
binta,cebuano
sagúnsun,hiligaynon
sinangúwà,hiligaynon
kasakitan,cebuano
iban,cebuano
mintis,tagalog
baróngbong,hiligaynon
susardeng,ilocano
banlawan,tagalog
pagtananan,tagalog
sámbri,hiligaynon
tan-awanan,cebuano
dadduma a canito,ilocano
paalunin,tagalog
mannaniw,ilocano
grabe,cebuano
pagsama,tagalog
ipagkasundo,tagalog
nakalulumbay,tagalog
carton,ilocano
pederal,tagalog
brokádo,hiligaynon
balik,tagalog
gastádo,hiligaynon
silot,cebuano
aliman,cebuano
hápyot,hiligaynon
pagserb,tagalog
bunsulin,tagalog
magtamad,tagalog
diglapbalaning pamatlig,tagalog
kawras,cebuano
ilig,tagalog
sánggot,hiligaynon
ulitan,cebuano
ad-ad,cebuano
suyla,cebuano
ticket,tagalog
itugot,cebuano
sigsag,cebuano
bagtasan,tagalog
naringgor a taripnong,ilocano
maraming mailululan,tagalog
balikù,cebuano
sultihanan,cebuano
pagkasakal,tagalog
umantala,tagalog
kaling,tagalog
ibag,tagalog
magnana,tagalog
liwat,cebuano
túray,cebuano
ukíuk,cebuano
biag,ilocano
pagbabaon,tagalog
búlhang,hiligaynon
kasimulan,tagalog
pakaon,cebuano
lúyung,cebuano
busawan,cebuano
yukbo,cebuano
anínu,cebuano
pangagpas,cebuano
padackelen,ilocano
katuhoan,cebuano
patulan,tagalog
macasapul,ilocano
porma,cebuano
bákat,hiligaynon
salárang,hiligaynon
kapangitan,tagalog
tumukoy,tagalog
suli,ilocano
kawalang-ayos,tagalog
daotang hitabo,cebuano
"dangug, dángug",cebuano
gunaguna,tagalog
pananglitan,cebuano
salab,tagalog
hínlaw,hiligaynon
batás,hiligaynon
siac,ilocano
bokód,hiligaynon
mapagbalatkayo,tagalog
kalamansi,tagalog
pyásat,cebuano
yagàyagà,cebuano
tiso,cebuano
pannacadadael,ilocano
usbong,tagalog
naila,cebuano
kalapdon,cebuano
baúg,hiligaynon
bíntay,hiligaynon
banhaan,cebuano
uknul,cebuano
tenglen,ilocano
tuboy,cebuano
parmasiyutika,tagalog
salas,cebuano
walang-anu-ano,tagalog
bagákay,hiligaynon
dagup,tagalog
úrung,cebuano
ilap,tagalog
matahin,tagalog
paskan,cebuano
pagtataob,cebuano
"sóktan, súktan, etc.",hiligaynon
magpalubag-loob,tagalog
baláklan,hiligaynon
ipatacder,ilocano
magkagrado,tagalog
pagsupak,cebuano
salamin,tagalog
kulugpuy,cebuano
pagbaludan,ilocano
sági,hiligaynon
tagasalubong,tagalog
pabalaka,cebuano
maintindihan,tagalog
magtambak,tagalog
empasis,tagalog
indeperensiya,tagalog
magsonda,tagalog
tutal,cebuano
Sesyum,tagalog
turkesa,tagalog
bárhong,hiligaynon
pamamaligpig,tagalog
maglambing,tagalog
sama ng katawan,tagalog
sumalákay,hiligaynon
binilánggò,hiligaynon
tagapagbunsod,tagalog
siit,tagalog
lalagyan,tagalog
bulagaw,tagalog
bayáni,cebuano
dalan ilalom sa yuta,cebuano
hulhol,cebuano
residensiya,tagalog
gusano,tagalog
madaugdaugon,cebuano
"bungagón, bungágon",hiligaynon
dagsang,cebuano
manggugukod,cebuano
ulínggan,hiligaynon
hinóon,hiligaynon
atindir,cebuano
magmanman,tagalog
pabuksan,tagalog
napartac,ilocano
pagkakahayag,tagalog
distraksiyon,tagalog
butbutin,tagalog
prima,tagalog
ilog na palikaw-likaw,tagalog
paglilingas,tagalog
nakamulagat,tagalog
kutihan,cebuano
optisyan,tagalog
sipet,ilocano
pinguspingus,cebuano
tuwid,ilocano
henerál,hiligaynon
nagtungpalan; gubuay,ilocano
nagdaut,cebuano
tanáman,cebuano
gurabis,ilocano
bálon,hiligaynon
sitasyon,tagalog
ukisan,ilocano
agcan,ilocano
nisnis,tagalog
sumukol,tagalog
igtatabang,cebuano
mag-usig,tagalog
langawin,tagalog
cabayatan,ilocano
nagtuadan,ilocano
batakin,tagalog
úghoy,hiligaynon
hónhon,hiligaynon
iitsa,tagalog
tila,tagalog
gigante,ilocano
lampágà,cebuano
pannaturog,ilocano
tipden,ilocano
pihak,cebuano
listaan ti utang; ti maipaulog a linteg iti legislatura,ilocano
abirids,cebuano
pagkasuko,cebuano
paghinayak,cebuano
konsumisyon,tagalog
pang-iwang,tagalog
rito,tagalog
pagkadiit,tagalog
bukaskas,tagalog
paghalili,cebuano
cheque,ilocano
paghahaka,tagalog
íp buy,cebuano
napanglaw,ilocano
parang peste,tagalog
imbitar,cebuano
daya,ilocano
magazine,ilocano
uhong,cebuano
palasyohon,cebuano
sangg,cebuano
ikapakita,cebuano
naridam,ilocano
apopleksi,tagalog
paghabol,tagalog
nakabaon,tagalog
salâ,hiligaynon
pagtan-aw,cebuano
taptap sa nawong,cebuano
sisne,tagalog
kurukutuk,cebuano
pagtatadhana,tagalog
kumalas,tagalog
inato,cebuano
bulásog,hiligaynon
pannacairuam,ilocano
hágung,hiligaynon
pápay,cebuano
baladlísan,hiligaynon
ismid,tagalog
pitisyon,tagalog
tuplak,cebuano
annongen rebbengen,ilocano
hayághag,hiligaynon
gaso,tagalog
putol,cebuano
igayang; ihato; pagunayen a cas bilog iti dagnum,ilocano
bituka,tagalog
dúrug,cebuano
mangapitbahay,tagalog
iti siasino,ilocano
búngkag nga ítlog,hiligaynon
paladaing,tagalog
rároy,hiligaynon
hubón-húbon,hiligaynon
walang-hinto,tagalog
mga maghuhukom,cebuano
pagsulod,cebuano
tao a mangallilaw,ilocano
igalut,ilocano
arkitekto,tagalog
pagpangkat-pangkatin,tagalog
mutyà,cebuano
bígà,hiligaynon
sipnayanin,tagalog
pagpatinggaan,ilocano
kugon,tagalog
mangislig,tagalog
tahong,tagalog
banaw sa dugo,cebuano
wala'y katapusan,cebuano
sa kasayon,cebuano
dákun,cebuano
bákà,hiligaynon
sáb-ong,hiligaynon
pumayag,cebuano
imbraimatsu,cebuano
pannacairacurac,ilocano
binatóbató,hiligaynon
ngalngal,tagalog
údak,hiligaynon
saan a macataina,ilocano
lumabas,ilocano
ipahiram,cebuano
bángtan,hiligaynon
antrasita,tagalog
sita,tagalog
sádngan,hiligaynon
ugánot,hiligaynon
bulukbuluk,cebuano
matang sa kahoy,cebuano
ilan,tagalog
halan-áyan,hiligaynon
awtomobil,cebuano
sálta,hiligaynon
katapangan,tagalog
magbawas,tagalog
labulabo,tagalog
kundatan,cebuano
Mandalúyung,cebuano
bassit a banag,ilocano
bara,ilocano
súlpà,hiligaynon
dangan,cebuano
sinagolag,cebuano
pagyango,cebuano
bikog,cebuano
malaway,tagalog
siól,hiligaynon
Juez de Paz,ilocano
bumaha,tagalog
lugnas,tagalog
panacasagana,ilocano
agayus,ilocano
lumundag,ilocano
abrasador,tagalog
niíri,cebuano
salangsang,tagalog
paggitaw,tagalog
gúra,hiligaynon
purok,cebuano
buluníyu,cebuano
yíbar,cebuano
simarón,hiligaynon
bilen mensaje,ilocano
deklarado,tagalog
estorya,tagalog
pamahiran ng paa,tagalog
balabag,cebuano
gíkab,hiligaynon
bigay-luwag,tagalog
gorót,hiligaynon
silíkpon,hiligaynon
nana,cebuano
dumama,tagalog
tugon,cebuano
galbanisado,tagalog
pagkaagnas,tagalog
alpilir,cebuano
panumpaan,tagalog
busilig,tagalog
dayag,cebuano
duling,cebuano
bátà,hiligaynon
pag-salop sa adlaw,cebuano
diyutay nga bahin,cebuano
úpal,cebuano
bato,tagalog
sarita,ilocano
hobót,hiligaynon
sidadakes,ilocano
linabaan,ilocano
kapunongan,cebuano
nabatiran,cebuano
pabutihin,tagalog
dako,cebuano
anyu,cebuano
arti,cebuano
libun,cebuano
pakikipagdigmaan,tagalog
pagtuyok,cebuano
lapuy,cebuano
litrato,tagalog
senigurong,cebuano
butilya,cebuano
makipaglaban,tagalog
kumpisur,cebuano
magsilong,tagalog
"sakayánhubút, sakayán-hubút",hiligaynon
baládin,cebuano
maghimay,tagalog
tábon,hiligaynon
tananan,tagalog
rigat,ilocano
hílab,hiligaynon
timawa,cebuano
umaalog,tagalog
inalipayon,cebuano
háwan,hiligaynon
panaginana,ilocano
amoy,cebuano
húl-an,hiligaynon
ayaw,cebuano
panagpadas,ilocano
hágwos,hiligaynon
mali-mali,tagalog
pagbunggo,tagalog
dalihin,tagalog
intráda,cebuano
bumulyaw,tagalog
pagpanayaman,tagalog
kusnot,cebuano
takna,cebuano
balágon,hiligaynon
magbasa,tagalog
pimiento,tagalog
sábad,hiligaynon
kahayag,cebuano
pawalang-halaga,tagalog
kakulian,cebuano
tanga,tagalog
itanikala,tagalog
dulug,cebuano
hiwa,cebuano
bukó,hiligaynon
parid,cebuano
búruy,cebuano
sumó,hiligaynon
sulúd,hiligaynon
garboso,cebuano
lambis,tagalog
agaw-tulog,tagalog
bombaen,ilocano
hokmánan,hiligaynon
"sinúgal, sinugál",hiligaynon
panag-ilis-ilis,cebuano
hánda,hiligaynon
natangken,ilocano
hukbong-kabayuhan,tagalog
diprimíra,cebuano
umedad,tagalog
palo,tagalog
dahon sa labaha,cebuano
mga pagligoy-ligoy,cebuano
tagpilaw,cebuano
bulahô,hiligaynon
graduhan,tagalog
mas mubo,cebuano
mag-ipod (nang unti-unti),tagalog
bakus,cebuano
kayasangan,tagalog
mortal,tagalog
napuscol,ilocano
malungkot,tagalog
baluti,tagalog
bodyguard,cebuano
minero,cebuano
narugit,ilocano
agumáa,cebuano
panagbaniaga,ilocano
laya,tagalog
mahalimbawa,tagalog
mikrobyo,tagalog
kumbútan,cebuano
bulunál,hiligaynon
Rotary,tagalog
daksipat,tagalog
sa tuong kamot,cebuano
isaklob,tagalog
bantilan,tagalog
kuwestiyon,tagalog
magnisya,cebuano
dipluy,cebuano
busa,tagalog
eliminado,tagalog
mga dad-onon,cebuano
hírà,hiligaynon
tulisan,cebuano
ulugtúmon,hiligaynon
sila,tagalog
bángkit,hiligaynon
tampiri,cebuano
trayanggulu,cebuano
igip,cebuano
no awan,ilocano
tanganan,tagalog
lampásu,cebuano
busáy,hiligaynon
malay-tao,tagalog
kawalang-kasiyahan,tagalog
mapang-api,tagalog
pagpatag,cebuano
pagbakasin,tagalog
panagpartac,ilocano
pagbahaginin,tagalog
kaliruyan,tagalog
inggráta,cebuano
kaluoy,cebuano
pammadayaw,ilocano
sípo,hiligaynon
suroc,ilocano
garami,ilocano
utangen,ilocano
basó-báso,hiligaynon
tagaktak,tagalog
organik,tagalog
bákid,hiligaynon
kalupi,tagalog
tinuturuan,tagalog
tagkaon og tawo,cebuano
bato,ilocano
dum-dumngeg,ilocano
tuwato,ilocano
sal-it,tagalog
sapól,hiligaynon
húngkoy,hiligaynon
ikatulig,tagalog
pamugwal,cebuano
umasisti,tagalog
kabataan,cebuano
teyoriya,cebuano
kagayutan,tagalog
papangayayatin,tagalog
ipatong ang singil,tagalog
pagtugawan,ilocano
sa tinuod,cebuano
unas,cebuano
karbonong hindi sumisingaw,tagalog
bungguan,tagalog
bumulas,tagalog
asuangin,tagalog
naatap,ilocano
ikapagpahamak,tagalog
kinaari,ilocano
tabiláng,hiligaynon
tabungós,hiligaynon
mantinihin,tagalog
bitík,hiligaynon
banlaw,cebuano
paniwala,tagalog
hántup,hiligaynon
naikeddeng a gasat,ilocano
Jueves Santo,ilocano
malarya,tagalog
salápò,hiligaynon
huntà,cebuano
nagagalaw,tagalog
tawak,tagalog
agtartarimaan cadagiti tubo ti danum,ilocano
matalisod,tagalog
bilakà,cebuano
amul,cebuano
bilin,cebuano
sampalok,tagalog
pagtataktak,tagalog
barogóok,hiligaynon
pagkatkat,cebuano
sabayin,tagalog
pag-alang-alanganan,tagalog
entremetido,tagalog
patubingi,tagalog
paniudto,cebuano
fálso,hiligaynon
talipapa,tagalog
dakes,ilocano
"atipú, atipúlu",cebuano
las-ut,cebuano
"sínodo, sinodó",hiligaynon
natutulog,tagalog
dawal,cebuano
mitik,tagalog
lamdaganan,cebuano
katog,tagalog
sihang,tagalog
bul-og sa dugo,cebuano
pamista,tagalog
kostilyas,tagalog
batan-on,cebuano
naminhod,cebuano
likidahin,tagalog
pag-isip,cebuano
maghahatsing,tagalog
kahanginan,cebuano
sinulat,cebuano
kun kinsay,cebuano
mapagnilay-nilay,tagalog
daghan,cebuano
pamatay ng mikrobyo,tagalog
dugan,cebuano
taning,tagalog
habol,tagalog
rispondér,hiligaynon
liwanag,tagalog
banwas,cebuano
"ulu-, -ulu-",hiligaynon
pagkurog,cebuano
mas nipis,cebuano
úlpuk,hiligaynon
bungad,tagalog
tápir wír,cebuano
pagpakyas,cebuano
pagduhaduha,cebuano
istuwardes,tagalog
kasalungat,tagalog
tayugtog,tagalog
pulu-pulutong,tagalog
dalunggan,cebuano
kusa,tagalog
hílak,hiligaynon
nota,tagalog
kampante,tagalog
galawhánon,hiligaynon
potostat,tagalog
magbalsa,tagalog
humalili,tagalog
salík-sálik,hiligaynon
pagsugid,cebuano
nacacaasi,ilocano
pandiling,ilocano
yásyas,hiligaynon
gusutin,tagalog
lutaw,cebuano
bulos,tagalog
deskuwento,tagalog
tubbog,ilocano
paitlugin,tagalog
maghayin,tagalog
karyot,tagalog
ranggasan,ilocano
basar,cebuano
hinungdan,cebuano
risáda,hiligaynon
karitun,cebuano
tahan,cebuano
ulikíd,hiligaynon
magpipis,tagalog
kárul,cebuano
langgilanggi,cebuano
kusang-loob,tagalog
tábas,cebuano
salapî,hiligaynon
bitik,cebuano
malumpagon,cebuano
tidisin,cebuano
pagsalamin,cebuano
pagtahod,cebuano
asistihan,tagalog
Sus!,tagalog
usisa,tagalog
mag-iitlog,tagalog
walang-lamang tangkas,tagalog
báwì,hiligaynon
eroplano,ilocano
amgid,cebuano
lámay,cebuano
islú drag,cebuano
pagtimbaya,cebuano
haraya,tagalog
lata,ilocano
bumulod,ilocano
bukálong,hiligaynon
panangipalawag,ilocano
rubdob,tagalog
sádia,hiligaynon
sáp-ong,hiligaynon
palakontra,tagalog
subpína,cebuano
sa nangaging mga katuigan,cebuano
húput,hiligaynon
birbu,cebuano
palagot,cebuano
mumù,cebuano
dáik,cebuano
húkson,hiligaynon
ramramit a landoc,ilocano
espedisyon,tagalog
kumkum,cebuano
dispinsaryu,cebuano
kangil-aran,cebuano
lunatiko,tagalog
kinabuhi,cebuano
pagpanaugan,tagalog
casla aso nga animal,ilocano
karanasan,tagalog
kanà,cebuano
bassit a bariles,ilocano
cagaten,ilocano
pagpauyon,cebuano
punyíta,cebuano
irubbuat,ilocano
salígwatóng,hiligaynon
pinuy-anan,cebuano
biktima,cebuano
bróas,hiligaynon
tupà,cebuano
di-normal,tagalog
pandaya,tagalog
komikero,tagalog
magputok,tagalog
búkò,hiligaynon
rangtay,ilocano
paghot,cebuano
sulyap,tagalog
kauban,cebuano
balikawkawin,tagalog
siyensya,tagalog
trambutsu,cebuano
makatatakod,cebuano
kaselosan,tagalog
init,cebuano
wala'y kaya,cebuano
hólon,hiligaynon
himút-ay,hiligaynon
magpaputi,tagalog
klinsing krim,cebuano
padilaab,cebuano
lumaplap,tagalog
tadiyaw,cebuano
mapagdabog,tagalog
sámput,hiligaynon
sumukut-sukot,tagalog
tuang,cebuano
bersyon,tagalog
bangkulíya,cebuano
asoy,cebuano
mugbong pinulongan,cebuano
binalántak,hiligaynon
uray ania,ilocano
aluhípan,cebuano
sunda,cebuano
langkob,cebuano
gatad precio,ilocano
namuyo sulod sa balay,cebuano
balingá,hiligaynon
etika,tagalog
panagsubli ti timec,ilocano
bungálngal,hiligaynon
paginnabacan,ilocano
kawalang-bisa,tagalog
sa pagkanasod,cebuano
makasampu,tagalog
halapad,cebuano
talumpok,tagalog
panagpalpalama,ilocano
tiliwen,ilocano
agdawat iti caasi,ilocano
lingla,cebuano
magkidkid,tagalog
kinaculbet,ilocano
marka,cebuano
"minimu, minimum",cebuano
hílut,cebuano
lipas,tagalog
tradisyon,cebuano
burdadora,tagalog
payuphu,cebuano
rehimiénto,hiligaynon
bisyâ,hiligaynon
dagiti taraken,ilocano
magkuto,cebuano
kárà,cebuano
pagpapula,cebuano
tíbi,cebuano
di-pagkakatugmaan,tagalog
minana,tagalog
demandado,tagalog
isigi,tagalog
bulawan,cebuano
súl-ab,hiligaynon
salbabída,hiligaynon
sígput,hiligaynon
suklayan,tagalog
bulunángon,hiligaynon
nadamag,ilocano
kabinit,cebuano
pangagpas,cebuano
anggo,tagalog
trabahante,cebuano
rangkis,ilocano
hiwain,tagalog
hingamó,hiligaynon
yugyug,cebuano
bulaybulayin,tagalog
kasal,tagalog
urnos,ilocano
mag-ikid,tagalog
birá,hiligaynon
insakto,cebuano
marinero,ilocano
dasmagay,cebuano
mabisin,ilocano
trigo,ilocano
laya,ilocano
dili tino,cebuano
básal,hiligaynon
ubánon,hiligaynon
bapor na panghila,tagalog
piknat,cebuano
panagrigat,ilocano
iskrima,tagalog
maayong buntag,cebuano
humupa,tagalog
bátse,hiligaynon
pagpapalubag,tagalog
sungsong,tagalog
káta,cebuano
paghamon,tagalog
hídlaw,hiligaynon
mutsatso,tagalog
pagpasaringan,tagalog
paghawid,cebuano
magpakahulugan,tagalog
tsíku,cebuano
kanbas,cebuano
barku,cebuano
diyalekto,tagalog
agmadi,ilocano
tabing-daan,tagalog
abubhoan,cebuano
daplas,cebuano
sípsip,hiligaynon
mag-arkila,cebuano
suát,hiligaynon
pagkupkop,cebuano
daro,cebuano
úghay,hiligaynon
kinabassit,ilocano
sip-ak,cebuano
alcohol,ilocano
saan mainugot iti pagalagadan,ilocano
alikabok,cebuano
iliwen,ilocano
balam,tagalog
kuyamad,cebuano
ti tocar,ilocano
damo,tagalog
hayát,hiligaynon
anarkiya,tagalog
kiday,ilocano
parayaw,tagalog
"girigityáw, girigítyaw",hiligaynon
ang kadaghanan,cebuano
bareta,tagalog
magtataho,cebuano
ladawan ti carayan,ilocano
tamang-tama,tagalog
beto,cebuano
nagkasabot,cebuano
pambansa,cebuano
pinaggapasan,tagalog
solohiya,cebuano
mangapkap,tagalog
di-natural,tagalog
siguro,cebuano
umakma,tagalog
katalagman,cebuano
sadut,ilocano
pap-ay,cebuano
pirigrínu,cebuano
arkitektura,cebuano
baréw,hiligaynon
kuging,cebuano
nadayaw,ilocano
gáto,hiligaynon
ipahanetget,ilocano
pagkusnot,cebuano
pruspik,cebuano
pitlag,tagalog
salagiáwan,hiligaynon
rosál,hiligaynon
viray,ilocano
patínga,cebuano
gósok,hiligaynon
estrelya,tagalog
pangkek,cebuano
hulwaran,tagalog
gusto ka,cebuano
makataranta,tagalog
hóog,hiligaynon
agmaymaysa,ilocano
paambakan sa tubig,cebuano
magpatighaw,tagalog
búnga,cebuano
harayain,tagalog
pánis,cebuano
búlto,hiligaynon
prílim,cebuano
kútir,cebuano
mapaligiran,tagalog
sígbin,hiligaynon
pasalamat,cebuano
uppatan,ilocano
salà,cebuano
palsipikahin,tagalog
hitúkul,hiligaynon
timbaya,cebuano
ganansiya,cebuano
cariten,ilocano
ipakita,ilocano
apuy,ilocano
kaaba-aba,tagalog
luwayan,tagalog
Martes,cebuano
walang,tagalog
gunit,cebuano
alatiit,tagalog
kalagsangla,tagalog
di-kauri,tagalog
yáyay,cebuano
patay,cebuano
kasamok,cebuano
lumakdaw,tagalog
aktibidad,tagalog
agicaro,ilocano
mag-abang,tagalog
plete,cebuano
lambo,tagalog
tibagan ng bato,tagalog
guguin,tagalog
kalamayin,tagalog
súdsud,hiligaynon
bangko ng dugo,tagalog
pagummongan,ilocano
tulong,ilocano
bahayón,hiligaynon
salansan,ilocano
makulong,tagalog
wasak,tagalog
bóktot,hiligaynon
sandak,cebuano
agababel,ilocano
pagbaligya,cebuano
naisigud,ilocano
talunan,tagalog
lusok sa luha,cebuano
mas kusgan,cebuano
bulos,tagalog
salamangkero,ilocano
alipúlung,cebuano
talahuron,cebuano
kilalanin,tagalog
ubús,hiligaynon
gitára,cebuano
ikadkad,tagalog
hinaráya,hiligaynon
pagdadalhan,tagalog
síste,hiligaynon
sa gawas,cebuano
basahan,tagalog
halintigal,tagalog
hingaláyo,hiligaynon
kalayaan,tagalog
naraniag,ilocano
súgid,hiligaynon
itatwa,tagalog
pakikipaggitgitan,tagalog
sip-ak,cebuano
sa iya,cebuano
panag-uban-uban,cebuano
paghimungot,cebuano
kagawkaw,cebuano
kalatan,tagalog
sa palibot,cebuano
saho,tagalog
tigum,cebuano
dugokan,cebuano
sugilanonán,hiligaynon
bagutbut,cebuano
awanan asi,ilocano
gawáy-gáway,hiligaynon
goóm-góom,hiligaynon
yúturn,cebuano
ugásip,hiligaynon
tuig,cebuano
bacunaan,ilocano
búgtaw,hiligaynon
sinasadya,tagalog
musica,ilocano
imbaw,cebuano
sundong,tagalog
ampaw,tagalog
puloy-anan,cebuano
rikísa,hiligaynon
agarab,ilocano
siasino man,ilocano
pusà,cebuano
sagbut,cebuano
yúhot,hiligaynon
pamitigan,tagalog
galbanisádo,hiligaynon
pitsas,cebuano
kaugalingun,cebuano
imbasyun,cebuano
agsawasaw a paset ti accub,ilocano
banbánun,cebuano
biyolohiya,tagalog
búus,cebuano
nalaclaca,ilocano
ipabuhat,cebuano
mayang,tagalog
nagducol,ilocano
tumira,tagalog
alundris,cebuano
sanidád,hiligaynon
hugka,cebuano
baríra,hiligaynon
tago,cebuano
ugom pagsulti,cebuano
pagsimsim,tagalog
bayin,cebuano
napateg,ilocano
panghinaan ng loob,tagalog
bitsikurnu,cebuano
tsíkin,cebuano
disapyo,tagalog
lutaw,cebuano
obligasyon,cebuano
baláka,hiligaynon
makislap,tagalog
cababalin,ilocano
sapu,cebuano
yamog,cebuano
iti siroc,ilocano
pook na malapit,tagalog
mataranta,tagalog
magtaas,tagalog
wala'y timik,cebuano
baláyong,hiligaynon
kalawakan,tagalog
pusiyun,cebuano
tipas,tagalog
syákuy,cebuano
kinaimut,ilocano
yirs-uld,cebuano
inyam,cebuano
saan a naiccan,ilocano
pasalubungan,tagalog
mikà,cebuano
licud,ilocano
optiko,tagalog
sumanay,tagalog
siangaw,ilocano
baliug,cebuano
sarihán,hiligaynon
matinik,tagalog
subóg,hiligaynon
dili masunog,cebuano
sudáng-sudáng,hiligaynon
paldíyas,cebuano
bukad,cebuano
liko,cebuano
súklà,hiligaynon
makasulukasok,tagalog
walatin,tagalog
hindi pa lutas,tagalog
"ulusisáon, ulusisaón",hiligaynon
amirul,cebuano
habasan,cebuano
untang,cebuano
gibati,cebuano
hilimbísan,hiligaynon
pagtigasang-loob,tagalog
pangkayod,tagalog
garíta,hiligaynon
maipapan iti law-ang,ilocano
wala y sapayan,cebuano
hubero,tagalog
Tagalista,tagalog
igo-igo,cebuano
panagdayaw,ilocano
sinsiyo,cebuano
painut-inot,tagalog
birákra,hiligaynon
bilang,tagalog
himúgtò,hiligaynon
sígù,cebuano
naananay,ilocano
magdudula,cebuano
bángka,hiligaynon
nagpadayon,cebuano
pagtagilacuan,ilocano
pagkabatak,tagalog
spotlight,tagalog
rúblo,hiligaynon
hamtong,cebuano
salaít,hiligaynon
pahiuyon,cebuano
napartac,ilocano
madaig,tagalog
hurung,cebuano
"hilínis, hilinís",hiligaynon
dulaw,cebuano
pagsipat,tagalog
mapagpilian,tagalog
bagumbayan,tagalog
trangkásu,cebuano
sugmuy,cebuano
hubad,cebuano
pukway,cebuano
sinasalígan,hiligaynon
magpakuha,tagalog
sapiru,cebuano
dili mahibalo,cebuano
di-sanay,tagalog
maaasahan,tagalog
lasa,cebuano
pammapatay,ilocano
sinsilyu,cebuano
taklung,cebuano
pulongiaan,cebuano
sacsi,ilocano
maatraso,tagalog
kurambus,cebuano
laya,cebuano
huyátà,hiligaynon
hilo,cebuano
langù,cebuano
nakaw,tagalog
suman,tagalog
baringáy,hiligaynon
makatanan,tagalog
solándoy,hiligaynon
balábalá,hiligaynon
padyama,cebuano
Myirkulis,cebuano
laray,cebuano
naladaw,ilocano
magrikonosi,tagalog
bangun,cebuano
balantitúon,hiligaynon
samsuman,cebuano
ayus,ilocano
daskulin,tagalog
gilayab,ilocano
makapinlak,tagalog
hubog,cebuano
tacawan,ilocano
dipindi,cebuano
pilig,tagalog
tambubúkag,cebuano
kahilaman,tagalog
pasugmat,cebuano
díkun,cebuano
baká,hiligaynon
pruyiktu,cebuano
yúm-uk,hiligaynon
dili hinlo,cebuano
latuk,cebuano
kape,tagalog
keluwa,tagalog
panagdengngeg,ilocano
kanais-nais,tagalog
líut,cebuano
búkaw,hiligaynon
ginadili,cebuano
pala,cebuano
ibulubod,tagalog
humalagpos,tagalog
Ispanyúla,cebuano
pagsalat,tagalog
kapanatagan,tagalog
ispíling,cebuano
kadlum,cebuano
búsyad,hiligaynon
aglipias,ilocano
paiwan,tagalog
pag-uban,cebuano
pagpapagpag,tagalog
ugaling mapagpatawa,tagalog
garábi,cebuano
"salayóhan, salayohán",hiligaynon
hutík,hiligaynon
hakalán,hiligaynon
tiwtiw,cebuano
maras-haras,cebuano
Nasyonalista,tagalog
alaen,ilocano
kusog,cebuano
Baro a Tawen,ilocano
baláng,hiligaynon
pusod,tagalog
petisyon,cebuano
iruk,cebuano
kargo,tagalog
barámbad,hiligaynon
lában,cebuano
kanonisada,tagalog
sirótso,hiligaynon
maglunademiyel,tagalog
magsalalay,tagalog
bigla,tagalog
hulog,tagalog
iskru,cebuano
berí-béri,hiligaynon
platapurma,cebuano
magpasabi,tagalog
balinô,hiligaynon
madama,ilocano
gastub,cebuano
rigat,ilocano
bayawán,hiligaynon
cas ti,ilocano
basín,hiligaynon
gasolina,cebuano
butíbut,cebuano
pamamayagpag,tagalog
turnilyo,tagalog
bumalintong,tagalog
kabilúsu,cebuano
pintik,cebuano
taka,tagalog
pagkumpisal,cebuano
tagapagluto,tagalog
yatiddog,ilocano
baráw-báraw,hiligaynon
kahabag-habag,tagalog
kulimlim,tagalog
yagutâ,hiligaynon
kloropormo,tagalog
istretser,tagalog
trapo,cebuano
pagdidilig,tagalog
tataw,tagalog
labing ngil-ad,cebuano
palma,tagalog
bató-báto,hiligaynon
balumbong,tagalog
samáyà,hiligaynon
sáyod,hiligaynon
puntuwal,tagalog
itago,tagalog
isusupiat,ilocano
daílus,cebuano
tumulis,tagalog
ungto ti daga a naiturong iti baybay,ilocano
catengngaan,ilocano
pigtain,tagalog
dantay,tagalog
deskripsiyon,tagalog
pang-ngaldaw,ilocano
pagastusan,tagalog
samálang,hiligaynon
sakyab,cebuano
makipagkaisa,tagalog
idi calman,ilocano
tapas,cebuano
hinalaw,tagalog
nabagyo,ilocano
kalamak,tagalog
inkargádu,cebuano
magpabali-balintong,tagalog
kapungot,cebuano
pantas,tagalog
balumbunin,tagalog
ribók,hiligaynon
recibo,cebuano
kursunada,tagalog
sánglit,hiligaynon
sikstring,cebuano
makaylapon,cebuano
in-anay,cebuano
destino,cebuano
istesyoneri,tagalog
balóta,hiligaynon
awaten,ilocano
hukáy-hukáy,hiligaynon
masansan,ilocano
hungóy-hungóy,hiligaynon
bumarkada,tagalog
balbal,cebuano
pagbuhi,cebuano
bákhon,hiligaynon
sápi,hiligaynon
butóng-bútong,hiligaynon
pantaya,tagalog
sinelasan,tagalog
kliyinti,cebuano
tahipan,tagalog
malikot ang kamay,tagalog
bugás,hiligaynon
mid-ub-ánur,cebuano
salíbo,hiligaynon
mual,tagalog
arquitecto,ilocano
bagíing,hiligaynon
himúg-os,hiligaynon
pag-aakyat,tagalog
bída,hiligaynon
bulhug,cebuano
pagputol,cebuano
hinulagway,cebuano
pagbanwas,cebuano
tiaw,cebuano
karning-usa,tagalog
búklas,hiligaynon
hinas,tagalog
mapangahason,cebuano
kantina,tagalog
"bumulúlig, bumululíg",hiligaynon
bumigtas,tagalog
italaksan,tagalog
baynila,tagalog
kabatok,cebuano
bánhul,hiligaynon
pintura,ilocano
sikada,tagalog
pucaw,ilocano
santo,ilocano
Judio,ilocano
ugálì,hiligaynon
sa kasal,cebuano
maghabong,tagalog
urkilyas,cebuano
lulain,tagalog
ságib,hiligaynon
pangngarig,ilocano
tahiyuyo,tagalog
pulisiya,cebuano
nakapipigil,tagalog
sagidsid,cebuano
ugod,tagalog
sárak,hiligaynon
ambag,tagalog
salagunting,cebuano
kulu,cebuano
dumisiplina,tagalog
"tinù, tínù",cebuano
sunod,cebuano
haba,tagalog
aweng,ilocano
busyu,cebuano
bungul,cebuano
disgaste,tagalog
siga,cebuano
salapínan,hiligaynon
bakhaw,cebuano
naptalína,cebuano
magdaldal,tagalog
magitla,tagalog
kinalatac,ilocano
sumupiat,ilocano
mitsa,tagalog
hatirang-karera,tagalog
nasaranta nataer,ilocano
tuling lupad,cebuano
harapón,hiligaynon
labayan,tagalog
nacapuy,ilocano
bágay sa,hiligaynon
gipamulong,cebuano
lagbas,cebuano
partac,ilocano
kapilya,tagalog
rutay-rutay,ilocano
calsada,ilocano
pagpangiliyupo,cebuano
rawít-ráwit,hiligaynon
morkon,tagalog
pili,cebuano
tabakalíra,cebuano
baslayánon,hiligaynon
ukis,ilocano
dili masukna,cebuano
liga,tagalog
hát-om,hiligaynon
anamongan,ilocano
balikíd,hiligaynon
may-malay-tao,tagalog
adverbo,ilocano
sakit gikan sa irog-buang,cebuano
kulkul,cebuano
casla,ilocano
hudlat,cebuano
tulingan,cebuano
nabagohan,cebuano
ulíbay,hiligaynon
hubón,hiligaynon
arkuhul,cebuano
paguga-ab,cebuano
walang-kamukta-mukta,tagalog
bassit,ilocano
alungaug,cebuano
súngsung,hiligaynon
painitin,tagalog
pumentohan,tagalog
kudyapi,tagalog
gápì,hiligaynon
ipaamo,ilocano
biya,cebuano
pagdant,cebuano
tigpamaba,cebuano
higdaan sa bata,cebuano
carga,ilocano
katingad-an,cebuano
aklat-talaan,tagalog
ordinaryo,cebuano
ipabata,tagalog
buhay na buhay,tagalog
bad-ay,cebuano
pahatulan,tagalog
huláwid,hiligaynon
diskargahin,tagalog
pagbuga,cebuano
sámbil,hiligaynon
kustum,cebuano
lantsa,cebuano
balatian,cebuano
urog,cebuano
mangain,tagalog
buynas,cebuano
puskay,cebuano
gobernador,ilocano
pasamut,cebuano
maipanggep iti ili,ilocano
tikas,tagalog
timpuyog,ilocano
sínaw,hiligaynon
marka,cebuano
bángag,hiligaynon
samokan,cebuano
pagpintog,tagalog
gorilya,cebuano
zarsuela,ilocano
tawà,cebuano
bira,tagalog
napigsa,ilocano
anayen,ilocano
nangangalumata,tagalog
pagsasalisig,tagalog
yawyaw,cebuano
bákit,hiligaynon
túpuk,cebuano
lúwa,cebuano
madaling lapitan,tagalog
pagpapatunay,tagalog
húsi,hiligaynon
nangato,ilocano
binhi,cebuano
hipag,tagalog
barbaro,tagalog
tipil,tagalog
hinungdan,cebuano
paghibalag,cebuano
rábanos,hiligaynon
sábdan,hiligaynon
yubitán,hiligaynon
ukupasyon,tagalog
tumiyad,tagalog
egoismo,tagalog
basol,ilocano
magsusugod,cebuano
silabus,tagalog
mamaril,tagalog
caawan ti nagyan,ilocano
pagumpong,tagalog
"úgtan, etc.",hiligaynon
laktod,cebuano
pagsubad,cebuano
karbonisasiyon,tagalog
yari sa balanggot,tagalog
may-kasunduang pakasal,tagalog
tud-an,cebuano
gumon,cebuano
takukong,tagalog
fósforo,hiligaynon
hílig,cebuano
kahilera,tagalog
sungkalin,tagalog
naulimec,ilocano
boundary,cebuano
alo-alo,cebuano
puccaw,ilocano
palantayan,tagalog
pagsabtanay,cebuano
púku mas u mínus,cebuano
matulog,cebuano
barókhan,hiligaynon
kundina,cebuano
maramot,tagalog
sulámpaw,hiligaynon
súman,hiligaynon
kaha,cebuano
pananglipat,ilocano
pamahid,cebuano
tagapagsanggalang,tagalog
desapio,tagalog
paghiusa,cebuano
swit,cebuano
tayubay,tagalog
lingkung,cebuano
banderado,tagalog
bayóong,hiligaynon
karga,tagalog
níyun,cebuano
tuhoy,cebuano
pucawen,ilocano
balátung,cebuano
gúbat,cebuano
halúgut,hiligaynon
sáplid-balábad,hiligaynon
pagka-malabo,tagalog
pawisan,tagalog
puksì,cebuano
supsupun,cebuano
mineralohiya,tagalog
tiágak,cebuano
modelo,cebuano
kargo,tagalog
wakwak,cebuano
kahapisan,tagalog
búki digíra,cebuano
pagpakigtakos,cebuano
gáang,hiligaynon
pamuhunanan,tagalog
bahaging sinipi,tagalog
entrepanyo,tagalog
sonô,hiligaynon
sangapulo ket siam,ilocano
talupì,cebuano
sulod sa,cebuano
húkhuk,hiligaynon
matapyok,tagalog
kasaklapan,tagalog
piingin,tagalog
cawitan,ilocano
maghilik,tagalog
suáyang,hiligaynon
labag sa batas,cebuano
naragsac,ilocano
sultána,hiligaynon
wálà,hiligaynon
pag-ibayuhin,tagalog
motor,ilocano
unsa,cebuano
planhay,cebuano
bumatuta,tagalog
salakaán,hiligaynon
magising,tagalog
ituloy,ilocano
mag-unan,tagalog
báwund,cebuano
taksimetro,tagalog
sáp-ang,hiligaynon
hagpos,tagalog
magsalin,tagalog
manliit,tagalog
kyugpus,cebuano
maicasangangasut,ilocano
dili mabugto,cebuano
inom,tagalog
bugat,tagalog
hanggahan,tagalog
manlalangon,cebuano
"pyuus, pyúus",cebuano
gabay,ilocano
ngadto sa,cebuano
administradur,cebuano
umangkas,tagalog
alas cuatro,ilocano
tungason,cebuano
pag-oopera,tagalog
sapó,hiligaynon
agrucrucob,ilocano
magsanib-sanib,tagalog
hisgut,cebuano
ripolyo,tagalog
himaling,tagalog
adunahan,cebuano
híra,hiligaynon
kaululan,tagalog
kupang,tagalog
pula ng itlog,tagalog
"sahián, sahían",hiligaynon
humantong,tagalog
kosturera,tagalog
ubán,hiligaynon
resíbo,hiligaynon
salóngsong,hiligaynon
pasamahan,tagalog
dipiyi,cebuano
obras-publikas,tagalog
bilang,ilocano
agsarac,ilocano
mapagbulaybulay,tagalog
dungpul,cebuano
panunot,ilocano
magdaldalan,tagalog
tugsok,cebuano
makasarili,tagalog
panimon,cebuano
súmra,hiligaynon
húbon,hiligaynon
tagihilis,tagalog
gangannaet,ilocano
pakapin sa basahon,cebuano
bulag,cebuano
bubho,cebuano
kaayohan,cebuano
larag,cebuano
lingkawas,cebuano
tumapak,tagalog
paginhawahin,tagalog
tagasaysay,tagalog
impresyon,tagalog
nakapagtuturo,tagalog
damasko,tagalog
buhián,hiligaynon
pilbaks,cebuano
kadalangan,tagalog
susúng-ol,hiligaynon
mabantad,tagalog
halandumánan,hiligaynon
pagala,tagalog
dulot,cebuano
"sambálì, sambáli",hiligaynon
Masunerya,tagalog
katimbang,tagalog
pagpunit,tagalog
nabuyo,tagalog
burak,cebuano
sabúy,hiligaynon
takuban,cebuano
bahin,cebuano
matapat,tagalog
kilaw,tagalog
tosino,cebuano
kabalungga,cebuano
pamalikaskasan,tagalog
paraan,tagalog
kahapon,tagalog
sirúm-sirúm,hiligaynon
gum-us,cebuano
huthot,tagalog
tambangúngu,cebuano
rikobíkos,hiligaynon
bítlig,hiligaynon
súlang,hiligaynon
biyas,tagalog
pasinungaling,tagalog
manungkit,tagalog
dyíp,cebuano
bumoksing,tagalog
salaan,cebuano
maglampas,tagalog
maglupi,tagalog
takubo,cebuano
ayad,cebuano
bagâ,hiligaynon
patamain,tagalog
bánggà,hiligaynon
siraan ng puri,tagalog
hungúd,hiligaynon
súruy,cebuano
uísit,hiligaynon
pannecmecan ti kinasia-sino,ilocano
sikwálo,hiligaynon
santisiyam,cebuano
gumiray,tagalog
ipagdugo,tagalog
kimù,cebuano
pasidad,tagalog
hapit sa,cebuano
pagtakas,tagalog
tagapakinig,tagalog
hasók,hiligaynon
ugut-úgut,cebuano
magpalakol,tagalog
bulán-búlan,hiligaynon
sanib,tagalog
makapabugnaw,cebuano
ut-ut,cebuano
pagang,tagalog
benerasyon,tagalog
pakikipanig,ilocano
wawa ng ilog,tagalog
bukas sa lahat,tagalog
seresa,tagalog
panihapon,cebuano
amos,tagalog
ikis-ikis,cebuano
batáyan,cebuano
tagaampon,tagalog
sibád-síbad,hiligaynon
bubog,tagalog
"miniral, minirális",cebuano
pailawan,tagalog
mang-abala,tagalog
plangka,cebuano
gologúgma,hiligaynon
dungog,cebuano
panahon sa adlaw,cebuano
buto,cebuano
timbre,cebuano
panagadayaw,ilocano
mannulad,ilocano
higupan,tagalog
nacuttong,ilocano
maldisyon,cebuano
pagkakamit,tagalog
abaken,ilocano
lasag,ilocano
sabút,hiligaynon
naangin,ilocano
unang titik,tagalog
kareton,cebuano
kumusta,cebuano
tupi,cebuano
bisan hain,cebuano
bulibitóon,hiligaynon
iagdon,tagalog
unang,cebuano
pulpitu,cebuano
panauhan,tagalog
duraw,cebuano
gulút,hiligaynon
ti naurnos a panagsarita,ilocano
kumukulo ang dugo,tagalog
mapugot ang ulo,tagalog
nakuyapan,cebuano
saan a ginagara,ilocano
sinakpan,cebuano
impis,tagalog
pagkunan,tagalog
satin,cebuano
tíkuy,cebuano
pangwisik,tagalog
sawáy,hiligaynon
makipagsinnurat,ilocano
camiseta,ilocano
peggad,ilocano
bito,tagalog
tambing,tagalog
gundaway,ilocano
gidagat,cebuano
úbus,hiligaynon
makadaot,cebuano
magmapuri,tagalog
yahóng,hiligaynon
kumobra,tagalog
makaturo,tagalog
hohón-hóhon,hiligaynon
retorika,tagalog
sinántò,hiligaynon
epistola,tagalog
myápi,cebuano
wenno,ilocano
pagsagad,tagalog
bugung,cebuano
basalto,tagalog
butaug kaugailngon,cebuano
ginábut,hiligaynon
ipapilit,ilocano
pagkabangkarota,tagalog
natalged,ilocano
bakáhan,hiligaynon
prisintǎr,cebuano
parang kikiyo,tagalog
dugang,cebuano
dukandukan,cebuano
katapat na katapat,tagalog
palakaibigan,tagalog
saad,cebuano
cagadua,ilocano
buswang,tagalog
sundanan,cebuano
tigatig,tagalog
magbigay-liwanag,tagalog
yamutmot,tagalog
hánggà,hiligaynon
kahanggan,tagalog
bitó-bíto,hiligaynon
trabaho,cebuano
burdag,cebuano
kalandrakas,cebuano
mulumog,ilocano
barko,cebuano
paningkamot,cebuano
anyag,cebuano
dagiti letra a cas,ilocano
bultu,cebuano
kadiyusan,tagalog
bakasan,tagalog
"yusapi, yusápi",cebuano
niaccat,ilocano
tuoc,ilocano
halábà,hiligaynon
sigarílyo,hiligaynon
pangmadalian,tagalog
agbabawi,ilocano
kanal,cebuano
galawión,hiligaynon
sabay-sabay,cebuano
plantasyon,tagalog
pus-on,cebuano
gahi,tagalog
pasajero,ilocano
Arabika-ko,tagalog
sílab,hiligaynon
mahugaw,cebuano
ulútngan,hiligaynon
papangyayatin,tagalog
kaltis,tagalog
padamit,tagalog
siháy,hiligaynon
kungkong,tagalog
gimong,ilocano
kasabutan,cebuano
panangbay-a,ilocano
eskuistoso,tagalog
mambatas,tagalog
pang-uri,tagalog
manggihatagon,cebuano
bilyáko,hiligaynon
hanâ,hiligaynon
palinta,tagalog
posturawo,cebuano
parucmaen,ilocano
Ayan,tagalog
magandang panig,tagalog
iharap,tagalog
asintador,cebuano
kuhaan ug panit,cebuano
tambugak,tagalog
tumanglaw,tagalog
ukay,cebuano
ikalimampu,tagalog
nacacaasi,ilocano
ngimay,tagalog
sorók-sorók,hiligaynon
sángat,cebuano
hapáy-hápay,hiligaynon
mapundi,tagalog
hayap,tagalog
bató-báto,hiligaynon
halu,cebuano
tap-ung,cebuano
pinagtitiwalaan,tagalog
bánok,hiligaynon
daruhan,cebuano
luwas,cebuano
dili maabiabihon,cebuano
almidor,ilocano
simhot,cebuano
límut,cebuano
pagbungkag,cebuano
paghabol,tagalog
pangga,cebuano
hagúnghung,hiligaynon
kaon,tagalog
timog,cebuano
makapahimuot,cebuano
dismayo,cebuano
tiki,cebuano
bilinlúdan,hiligaynon
síbu,cebuano
sugilámbong,hiligaynon
panagsumpaki,cebuano
paninibago,tagalog
gusa,cebuano
tinatanggap,tagalog
susuhan,tagalog
pagsupak,cebuano
bangkaagan,cebuano
malaking-malaki,tagalog
ammona ti agbasa ken agsurat,ilocano
lakaran,tagalog
takot,tagalog
pilid,ilocano
hapawin,tagalog
dumungaw sa bintana,tagalog
nalaca a mabuong,ilocano
likutin,tagalog
mapasadsad,tagalog
tikwasin,tagalog
distinasyon,tagalog
lapyà,cebuano
nalamuyot,ilocano
kortador,tagalog
mulangkap,tagalog
handulan,tagalog
pakaw,cebuano
pagiggaman ti ridaw,ilocano
bagayan,tagalog
mosketero,cebuano
sumacay,ilocano
kangaya,cebuano
humpal,cebuano
panakit,cebuano
macaited iti riri,ilocano
luwalhati,tagalog
manakaw,tagalog
táblà,hiligaynon
sumubpena,tagalog
pulas,tagalog
tag-íya,cebuano
bantad,tagalog
saket,tagalog
máram,cebuano
lagundì,cebuano
dispras,cebuano
mahina,tagalog
pammanecnec iti sakit,ilocano
sanglítan,hiligaynon
mamuwisit,tagalog
lukso,cebuano
managpungtot,ilocano
unguen,ilocano
mapakyason,cebuano
aproksimasyon,tagalog
sústo,hiligaynon
canta,ilocano
pagsinta,tagalog
managbabain,ilocano
awdituryum,cebuano
britsis,cebuano
himuntod,cebuano
tanda,ilocano
hámbad,hiligaynon
uneg,ilocano
panagbantay,ilocano
lawak higdaan,cebuano
kinabuntog,ilocano
pagpalami,cebuano
kupirar,cebuano
kalendaryo,cebuano
unipurmi,cebuano
maipanggep cadagiti masonero,ilocano
háp-an,hiligaynon
naalumamay,ilocano
matulin ang agos,tagalog
balay,tagalog
hilo,cebuano
húwas,hiligaynon
lagpak,cebuano
bilinen,ilocano
búl-an,hiligaynon
iring,tagalog
kumpisinaryu,cebuano
bágrot,hiligaynon
makahimuot,cebuano
salampútan,hiligaynon
bag-o,cebuano
sanúud,cebuano
kawakas-wakasan,tagalog
magturing,tagalog
pumapanaw,cebuano
magreklamo,tagalog
agtulatid,ilocano
nagabaha,cebuano
tinloy,tagalog
pagka-malayo,tagalog
bumangas,tagalog
naiculeng,ilocano
kabakuan,tagalog
pahayahay,cebuano
napeggad,ilocano
laruan,tagalog
pumintal,tagalog
himaló,hiligaynon
Febrero,ilocano
garapáhan,hiligaynon
kanluranin,tagalog
kumpli,cebuano
gólob,hiligaynon
perahan,tagalog
tangkas,tagalog
singut,cebuano
kawan ng baka,tagalog
tulibong,cebuano
isulat,tagalog
pagsumbalik,cebuano
panganud,cebuano
pursigir,cebuano
pang-ulos,tagalog
umagikik,tagalog
kasinghaba,tagalog
dili malalis,cebuano
magbantas,tagalog
baráka,hiligaynon
kinahanglanon,cebuano
bunggo,tagalog
sa ngapulo ket uppat,ilocano
bayanihan,tagalog
balisungsong,tagalog
panagawan iti imatang,ilocano
daluyong,tagalog
agad-adal,ilocano
pakigbati,cebuano
dinig,tagalog
salapulán,hiligaynon
katambukan,tagalog
iniuukol,tagalog
bata nga lalaki,cebuano
bihág-bíhag,hiligaynon
pag-usab,cebuano
tarik,cebuano
kabuo,tagalog
tumong,cebuano
makina,cebuano
maris ti ubi,ilocano
ugangan nga lalaki,cebuano
"hidyók, hídyok",hiligaynon
hilas,cebuano
bilang na dimatwirin,tagalog
kabulahan,cebuano
gahús,hiligaynon
riribuc,ilocano
masuba,tagalog
prangko,tagalog
dátum,cebuano
síok,hiligaynon
panagpusipos,ilocano
umaabot,cebuano
pagsilungan,tagalog
balda,cebuano
tagmakinilya,cebuano
komandante,tagalog
lalang,cebuano
kilid,cebuano
misay,cebuano
minamahal,tagalog
yugitán,hiligaynon
ngatal,tagalog
tumutop,tagalog
polis,tagalog
panaway,tagalog
bútuy,cebuano
magkadisgrasya,tagalog
bulús,hiligaynon
sira,cebuano
ilayog,tagalog
pampasauli,tagalog
bútò,hiligaynon
niwangon,cebuano
siled,ilocano
maicasangapulo ket maysa,ilocano
simbóryo,hiligaynon
magtatabang,cebuano
sa pagitan ng,tagalog
orihinal,tagalog
paghasmag,cebuano
tarabisíya,cebuano
husáy,hiligaynon
iwaras,ilocano
pulanggos,tagalog
urna,tagalog
iyagak,cebuano
Halo,tagalog
hardín,hiligaynon
cabambantayan,ilocano
barúbal,hiligaynon
di-lumalago,tagalog
obaryo,tagalog
tulin,cebuano
yadba,cebuano
suiat-palibot,cebuano
hálmok,hiligaynon
bígtas,hiligaynon
yindayon,ilocano
dakong unos,cebuano
tutoy,cebuano
nagdagan,cebuano
piliunon,cebuano
gahúd-gáhud,hiligaynon
krus,cebuano
tatay,cebuano
tagiya,cebuano
laswa,tagalog
nasadut,ilocano
tugdan,cebuano
bitas,cebuano
bunton,ilocano
awtokratiko,tagalog
lawlaw,tagalog
lamoc,ilocano
kárang,cebuano
masuktanon,cebuano
tagdok,cebuano
asaduhin,tagalog
pensyonado,tagalog
wala mabahin,cebuano
witik,cebuano
pawilihin,tagalog
bánhaw,hiligaynon
badbad,cebuano
umuyam,tagalog
bádang,hiligaynon
abusuhin,tagalog
sangput,cebuano
hinulsul,cebuano
vapor,ilocano
trapikante,tagalog
balilá,hiligaynon
tagapaya,tagalog
paw-ak,cebuano
haslag,cebuano
cavo,ilocano
letra-por-letra,tagalog
dumteng a rigat,ilocano
bahan,cebuano
mabalin nga alaen,ilocano
diyim,tagalog
"mangnu, mangnù",cebuano
realista,tagalog
panaklob,tagalog
kapalan,tagalog
helehele,tagalog
manámù,cebuano
tubo,tagalog
irikep,ilocano
kaibigan,tagalog
duko,cebuano
dispensa,tagalog
ulút,hiligaynon
planeta,ilocano
kaaya-aya,tagalog
oliba,tagalog
nataer,ilocano
kakulang,cebuano
hermosa viéja,hiligaynon
tastasin,tagalog
makahawa,tagalog
pandikit,tagalog
tiaw,cebuano
pag-ubog,cebuano
aritmetika,cebuano
badlung,cebuano
ariwawa,ilocano
mangguguba,cebuano
ginang,cebuano
mapagtiyaga,tagalog
sílwak,hiligaynon
boháwi,hiligaynon
búdol,hiligaynon
ámag,cebuano
balángit,hiligaynon
hulág-húlag,hiligaynon
hangkub,cebuano
malatuba,tagalog
súgal,cebuano
paghibi,tagalog
duguin,tagalog
lúray,cebuano
kleptomano,tagalog
mabalin,ilocano
magkaabay,tagalog
"atindan, atindant",cebuano
sultán,hiligaynon
maalis-is,tagalog
baladbad,cebuano
magsibilisa,tagalog
walang-hanggan,tagalog
"pulálak, pulálay",cebuano
kortadura,tagalog
paggagawad ng hatol,tagalog
gawing mekanisado,tagalog
bitakin,tagalog
matarong,cebuano
kaabaan,tagalog
bilíd,hiligaynon
naisao,ilocano
nadumaduma,ilocano
pagpasulod,cebuano
salipod,cebuano
makicadua,ilocano
laniti,tagalog
ganado,tagalog
tapsing,cebuano
nakatikwas,tagalog
pangingilin,tagalog
pasampa,tagalog
pagdakop,cebuano
hindi makasagot,tagalog
bisán,hiligaynon
paigoigo,cebuano
pagsunog,cebuano
dayday,cebuano
pawatas,tagalog
ayudi,cebuano
mahiktin,cebuano
pamulong,cebuano
itigil,tagalog
tensyon,tagalog
lihok,cebuano
mag-unawaan,tagalog
mamingaw,cebuano
Platinum,tagalog
nangangayed,ilocano
bitána,hiligaynon
bigkis,tagalog
magpader,tagalog
aplay,cebuano
dakdakanan,cebuano
punyíti,cebuano
halamúl,hiligaynon
galáng-galáng,hiligaynon
idayaw,ilocano
magkarayuma,tagalog
súbok,hiligaynon
paniniwala,tagalog
toge,tagalog
balískog,hiligaynon
hálus,hiligaynon
bísi,cebuano
makibingay,ilocano
bisagra,tagalog
panagragsac,ilocano
pagkagiba,tagalog
bulit,cebuano
kalatis,tagalog
lúluy,cebuano
suaten,ilocano
húbut,cebuano
pannacaisurot iti ayus,ilocano
pinig,cebuano
hambinging bigat,tagalog
gahô,hiligaynon
gilingan,tagalog
aramiden,ilocano
gípik,hiligaynon
laso,tagalog
rugit ti lapayag,ilocano
húgnà,hiligaynon
"sái, sáin",cebuano
hatimbilang,tagalog
gumanting-salakay,tagalog
paghusga,tagalog
pagtipas,cebuano
hábok,hiligaynon
icutan,ilocano
marumi,tagalog
busangsang,tagalog
bassit a dalan,ilocano
atril,cebuano
dumalaga,tagalog
debu,tagalog
padasen,ilocano
pamumuti,tagalog
piho,cebuano
tagapagsabon,tagalog
utokan,cebuano
adj. canito,ilocano
garamal,cebuano
ipanid,ilocano
sumuwag,tagalog
pannacaaramat ti electricidad; kellaaten,ilocano
tansan,cebuano
mainampingon,cebuano
hurubadán,hiligaynon
cuco,ilocano
pumuslit,tagalog
bingas,tagalog
tighubad,cebuano
pagpadayag,cebuano
iti tiempo,ilocano
barilan,tagalog
hanggap,cebuano
pilikpilik,cebuano
uhang,cebuano
awturisasyun,cebuano
taglamig,tagalog
pamunuan,tagalog
lúyut,cebuano
nangnangruna,ilocano
tig-amot,cebuano
hámbuy,hiligaynon
galón,hiligaynon
rini,tagalog
di na mababawasan,tagalog
maipagbibili,tagalog
caputotan,ilocano
ikid-íkid,cebuano
maghubo,cebuano
piuti,cebuano
salda,ilocano
hawíd,hiligaynon
sangka,cebuano
ipagmumog,tagalog
gúmi,hiligaynon
"hamlig, hamlug",cebuano
palamigan,tagalog
kundína,cebuano
hikahos,tagalog
wala,cebuano
tikas,cebuano
naubing,ilocano
bánggà,hiligaynon
Septiembre,ilocano
bayno,tagalog
Dios,ilocano
ipabando,tagalog
baúl-bául,hiligaynon
solido,cebuano
abyador,tagalog
nakabisti,tagalog
Ukt.,cebuano
bahay-bakasyunan,tagalog
potosintesis,tagalog
sarita,ilocano
dawat,cebuano
pagtitiwala sa sarili,tagalog
bagá-bagá,hiligaynon
banghat,cebuano
pabusabos,tagalog
silnag,ilocano
tupa,tagalog
sugat,cebuano
batóbalánì,hiligaynon
masagoy,tagalog
hanáhay,hiligaynon
súlsul,hiligaynon
pagsasa-,tagalog
iphanan,cebuano
panggep a nasayaat,ilocano
reorganisasyon,tagalog
Eurasiano,cebuano
ipakiusap,tagalog
aghuelga,ilocano
gapud,cebuano
roskasan,tagalog
pagragsacan,ilocano
magpatiluhod,tagalog
ríbit,hiligaynon
panagrikep dagiti agpucpucaw a pasdec,ilocano
panara,tagalog
rírò,hiligaynon
kauna-unahan,tagalog
bibíg,hiligaynon
konsehal,tagalog
halugáw-an,hiligaynon
nacapuy,ilocano
itulad,ilocano
paghipik,tagalog
kabit,cebuano
gartir,cebuano
pígung,cebuano
paghatod,cebuano
banigan,tagalog
burúg-on,hiligaynon
padronan,tagalog
bungáy-búngay,hiligaynon
lúnis,cebuano
súnda,hiligaynon
sikil,tagalog
sulisogen,ilocano
pagkamapahitason,cebuano
panangpatay iti adu a tao,ilocano
intrabudyǔs,cebuano
keltayen,ilocano
ama ng tahanan,tagalog
bakol,tagalog
gíkas,hiligaynon
barnis,cebuano
desilusyon,tagalog
mangulag,tagalog
tagapagsaliksik,tagalog
nakapirmi,tagalog
langtu,cebuano
tiim,tagalog
nagaurong,cebuano
makipag-ayus,ilocano
panagaramid,ilocano
naisigud,ilocano
okehan,tagalog
pagicaptan iti dua a bulan,ilocano
ugatin,tagalog
bágtong,hiligaynon
ilaw,tagalog
baylehan,cebuano
pampook,tagalog
mangalmot,tagalog
budhi,tagalog
clase,ilocano
kahulihan,tagalog
pul-oy,ilocano
kalibutanon,cebuano
"sagáwak, sagawák",hiligaynon
báylo,hiligaynon
umikid,tagalog
agoy!,cebuano
ipasalig,cebuano
pag-ipon,cebuano
ibato,ilocano
awanan gasat,ilocano
prenda,cebuano
kasayuran,cebuano
samok,cebuano
ti damo,ilocano
balutan,tagalog
makatagpo,tagalog
isahod,tagalog
kahiluhan,tagalog
hibát,hiligaynon
maampuon,cebuano
báile,hiligaynon
bagáas,hiligaynon
pag-upo,tagalog
sag-ulî,hiligaynon
nasulayan,cebuano
tunglo,cebuano
nalaing cadagiti paglintegan,ilocano
sáyhò,hiligaynon
tigdasin,tagalog
panagiccat,ilocano
kwabútan,cebuano
síli,hiligaynon
buluthóan,hiligaynon
yuko,cebuano
kapikal,cebuano
magpayo,tagalog
Lumang Tipan,tagalog
kombensiyon,tagalog
lunay,cebuano
puro,ilocano
báluk,cebuano
paghanas,cebuano
bátang,hiligaynon
tuyhud,cebuano
madinig,tagalog
dagta,tagalog
lúhà,cebuano
kalit,cebuano
balkon,tagalog
pang-or,ilocano
bungdo,cebuano
satsat,tagalog
kagubkob,cebuano
naasi,ilocano
mananabang,cebuano
ispurts kar,cebuano
tacderan,ilocano
inupat,cebuano
umiyak,tagalog
binuti-na-pino,tagalog
burángos,hiligaynon
siglo,tagalog
nangingitim-ngitim,tagalog
pagkawalat,tagalog
maganot,tagalog
langgam tig-awit,cebuano
tinutuwa,cebuano
hámir,cebuano
pikal,cebuano
tagasambot,tagalog
papreskuhin,tagalog
singkom,tagalog
lála,cebuano
dagan,cebuano
kapot,cebuano
sayaat,ilocano
báyaw,hiligaynon
alasan,cebuano
kabat sa abut,cebuano
Agosto,tagalog
sumilaw,tagalog
dalasa dalasa),tagalog
makapasilag,cebuano
pagragsacan,ilocano
painit,cebuano
mansu,cebuano
kagiw,cebuano
dalusan,ilocano
sa kabuuan,tagalog
sercan,ilocano
dúbun,cebuano
koral,tagalog
hulubadán,hiligaynon
igkukutlo,cebuano
haruhay,cebuano
fuérsa,hiligaynon
macapungtot,ilocano
maghunos-dili,tagalog
mirindal,tagalog
lilinglíling,cebuano
discurso,ilocano
ibanan,cebuano
arnis,tagalog
gásod,hiligaynon
papusyawin,tagalog
labing hingpit,cebuano
siláp-ong,hiligaynon
tanlag,cebuano
kamada,tagalog
kulang sa kainit,cebuano
daiten,ilocano
sulti,cebuano
ginnuyod,ilocano
awuk-uk,cebuano
tanggu,cebuano
hagilapin,tagalog
yuko,cebuano
otomatik,tagalog
holin,tagalog
laski,cebuano
tignay,ilocano
koleksyon,tagalog
mikroskopyo elektron,tagalog
kutsara,tagalog
sitsit,cebuano
sa nandan,cebuano
animas,cebuano
edipisyo,tagalog
pagdumala,cebuano
timáan,cebuano
barukán,hiligaynon
kanày,cebuano
mag-aaral,tagalog
kimba,cebuano
nabartec,ilocano
pagkignat,cebuano
tabó,hiligaynon
gintaípan,hiligaynon
líhù,cebuano
maghanda,tagalog
kamyas,tagalog
kuhaan,cebuano
sáwa,hiligaynon
iwagwag,tagalog
Katoliko,cebuano
dako,cebuano
búnoy,hiligaynon
baska,cebuano
ságyap,hiligaynon
búlang,hiligaynon
isusuco,ilocano
báyad,cebuano
agbulacbol,ilocano
agaramid iti linteg,ilocano
brutsa,cebuano
sarawót,hiligaynon
mamintuho,tagalog
kutson,cebuano
mang-abang,tagalog
agig-iggem,ilocano
panukat,tagalog
gamúsa,hiligaynon
siwit,cebuano
tinuod,cebuano
awup,cebuano
rúmbà,hiligaynon
búli,hiligaynon
selosa,tagalog
matuod,cebuano
huláyà,cebuano
labaw,cebuano
brad,cebuano
limpiyahin,tagalog
bángkal,hiligaynon
katu,cebuano
sa sunod tuig,cebuano
iparit,ilocano
waní,hiligaynon
taong burara,tagalog
sarabóg,hiligaynon
kolera,tagalog
"wákwak, wakwákan",hiligaynon
pagkapreso,tagalog
labáha,cebuano
pagpapanayam,tagalog
háw-ag,hiligaynon
kayo,tagalog
liphuk,cebuano
hibay,tagalog
dabdab,tagalog
magkagasgas,tagalog
bákbak,hiligaynon
pagkainis,tagalog
paguhuin,tagalog
pagkamaramdamin,tagalog
kalugtì,cebuano
tamà,cebuano
"bídlan, bídlon",hiligaynon
isbu,ilocano
bahig,cebuano
alkoholismo,tagalog
romanse,tagalog
maysa a kita ti ican,ilocano
kagamutan,tagalog
halushus,cebuano
tamalà,cebuano
pagtatanungin,tagalog
tagkudlit,cebuano
lingas-kugon,tagalog
papagsabihin,tagalog
bilang,ilocano
salampati,cebuano
paspas,cebuano
natatakdaan,tagalog
habúyò,hiligaynon
tughaw,cebuano
hilanat,cebuano
sáwhung,hiligaynon
tutulan,tagalog
sorô-sórò,hiligaynon
tawarin,tagalog
pabagsakan,tagalog
painamin,tagalog
sumiil,tagalog
paghihingal,tagalog
pasadahan,tagalog
lumapit-lapit,tagalog
kumatawan,tagalog
sokób,hiligaynon
Hesús,hiligaynon
pumpon,ilocano
maquina a pagiric,ilocano
pagbalakiin,tagalog
sipóng,hiligaynon
aspirante,tagalog
súrung,hiligaynon
sabilá,hiligaynon
gusar,cebuano
malanday,tagalog
taludturan,tagalog
kurot,tagalog
butíti,cebuano
pagsikdo,cebuano
mungot,tagalog
lubog,tagalog
búnbun,hiligaynon
komperensya,tagalog
alaen,ilocano
makalingat,tagalog
kiluwa,tagalog
pagtapot,cebuano
pagyari,tagalog
sugílun,cebuano
ribéte,hiligaynon
kulípì,cebuano
hubás,hiligaynon
prákul,cebuano
haponánon,hiligaynon
Tumahimik!,tagalog
unang sapin,tagalog
di-matatanggap,tagalog
himálay,hiligaynon
balirung,cebuano
kada adlaw,cebuano
agpucaw,ilocano
curetret,ilocano
mehikano,cebuano
wa damha,cebuano
kitid,tagalog
kaugalingon,cebuano
tugtuging pangharana,tagalog
sinsayin,tagalog
paalisen,ilocano
nalaca a maallilaw,ilocano
mga mag-aawit sa simbahar,cebuano
reserbado,tagalog
langkay,tagalog
kahoy,cebuano
makakontrol,cebuano
artiliyiríya,cebuano
háron,hiligaynon
pangmag-anak,tagalog
suliut,cebuano
panangulit,ilocano
nagballigi,ilocano
kasaba,cebuano
cala,ilocano
tapar,cebuano
asada,tagalog
pagba,tagalog
baís-báis,hiligaynon
dugangan og,cebuano
háyhay,hiligaynon
bulingót,hiligaynon
igik,tagalog
retirada,tagalog
búlag,hiligaynon
dam-agay,cebuano
ibalita,tagalog
bangday,cebuano
sibay,cebuano
timpuyog,ilocano
sítyo,hiligaynon
makagalit,tagalog
suspitsa,cebuano
balikawáng,hiligaynon
ngawil,tagalog
samparádo,hiligaynon
ipahimutang,cebuano
sapáw,hiligaynon
mapanaghili,tagalog
ladawan,ilocano
patulisin,tagalog
burábug,cebuano
kamingaw,cebuano
hagudilà,cebuano
bagákay,cebuano
dili limbongan,cebuano
marca,ilocano
simpaen,ilocano
nacaalalingget,ilocano
makasunog,cebuano
ginhápun,cebuano
bumigat,tagalog
mag-alala,tagalog
dawdawin,tagalog
korpinyo,cebuano
búngyud,hiligaynon
pabugnaw,cebuano
tindag,tagalog
hám-og,hiligaynon
sirutsu,cebuano
huláy-húlay,hiligaynon
salingitan,tagalog
daga,ilocano
segunda klase,tagalog
kolektibo,tagalog
kunul,cebuano
yelohan,tagalog
buis,ilocano
dugu-duguan,tagalog
tabangan,tagalog
tulong,ilocano
tabíyog,hiligaynon
hanipin,tagalog
bangag,cebuano
balay ti pagadalan,ilocano
martir,cebuano
gulaman,tagalog
halwa,cebuano
kaulam,tagalog
mangil-ad,cebuano
narasyon,tagalog
pamumunga,tagalog
balos,cebuano
pamimingwit,tagalog
pwirsa,cebuano
pagluwat,cebuano
sursuruen,ilocano
samtang,cebuano
dinakop,cebuano
balaskugáy,hiligaynon
bulibard,cebuano
pahalang,cebuano
ngitngit,cebuano
Marsyal,cebuano
húlaw,hiligaynon
timec,ilocano
ipagtira,tagalog
pangpabahin,tagalog
dinomingo,ilocano
libay,tagalog
bukbok,cebuano
nakab-ot,cebuano
di hinog,cebuano
silág,hiligaynon
pataasan,tagalog
isdambuaya,tagalog
nakatiklop,tagalog
naurnong a paset,ilocano
báil,hiligaynon
pamumuo,tagalog
tono,cebuano
indayon,ilocano
puwa,cebuano
balsa,ilocano
ugámid,hiligaynon
arte,cebuano
agpungtot,ilocano
salikán,hiligaynon
arbul,cebuano
mabusong,tagalog
desenso,tagalog
punting,cebuano
sadók,hiligaynon
inasal,cebuano
tambak,tagalog
lider,cebuano
magkaesperyensya,tagalog
taga Asya,cebuano
ampay,cebuano
aginod,cebuano
manlalako,tagalog
maralita,tagalog
bríndis,hiligaynon
Olandesa,tagalog
sáp-an,hiligaynon
patago,tagalog
delegar,cebuano
pagtatangka,tagalog
pagdadalawang-mukha,tagalog
tabuláli,hiligaynon
dirain,tagalog
bakáling,cebuano
guráy-guráy,hiligaynon
ligawan,tagalog
kuntintu,cebuano
dinaglat,tagalog
abot,cebuano
kayútis,cebuano
kaisandibdib,tagalog
sumā̀,cebuano
espesipikahin,tagalog
hínlò,hiligaynon
oras-oras,tagalog
kasili,cebuano
dakes,ilocano
himo,cebuano
saraán,hiligaynon
liyamada,tagalog
magdiskarga,tagalog
ulimec,ilocano
baksan,cebuano
pakurat,cebuano
ti agbambaniaga,ilocano
mga dinaogan,cebuano
haltak,tagalog
tingkab,tagalog
magpakaliwa,tagalog
taengan,ilocano
pagtiurok,cebuano
Rusa,tagalog
napartac,ilocano
hulagway,cebuano
distrungkado,tagalog
aray,ilocano
violin,ilocano
islag,cebuano
bathalaan,tagalog
garter,tagalog
bungkagin,tagalog
transformer,tagalog
silabi,cebuano
limbo,tagalog
surukisók,hiligaynon
panulay,cebuano
higdáan,hiligaynon
hapit,cebuano
miki,tagalog
danglug,cebuano
gáud,hiligaynon
gubà,cebuano
grása,cebuano
agnanayon,ilocano
bisbul,cebuano
siit,ilocano
magsigawan nang masaya,tagalog
tiklù,cebuano
prupidad,cebuano
mitra,tagalog
handom,cebuano
kahamtong,cebuano
pamihag,cebuano
amok,tagalog
búgnak,hiligaynon
badiáwkíaw,hiligaynon
dilikas,tagalog
patimog-kanluran,tagalog
mantinil,cebuano
nahipugwat,cebuano
pintas,ilocano
tupe,tagalog
galyeta,cebuano
dakop,cebuano
incenso,ilocano
napakababa,tagalog
daynámu,cebuano
caaduan,ilocano
mabalasa,tagalog
hinurungán,hiligaynon
lawit na ang dila,tagalog
agsubli,ilocano
silabun,cebuano
sóol,hiligaynon
pagkulo,tagalog
paimbagen,ilocano
nueve,cebuano
iti abay,ilocano
salída,cebuano
babor,tagalog
"sárang, sár-ang",hiligaynon
gubàgubà,cebuano
mapugayan ng puri,tagalog
mangingisda,cebuano
haláyhay,hiligaynon
ania,ilocano
wangál,hiligaynon
gutúm,hiligaynon
kasagaran,cebuano
alugbáti,cebuano
contrata,ilocano
kulang,cebuano
daya,ilocano
natad,cebuano
insomniya,tagalog
mamait,tagalog
yúpyup,hiligaynon
wala mouyon,cebuano
alfombra,ilocano
isuda a dua,ilocano
Antimony,tagalog
dakes a tao,ilocano
hingílin,hiligaynon
gutub,cebuano
salubong,tagalog
tabuguk,cebuano
mapuslanon,cebuano
hunàhúnà,cebuano
magsadula,tagalog
gumalugad,tagalog
humuna,tagalog
híning,hiligaynon
agawan,ilocano
agni,cebuano
kagalit-galit,tagalog
nataba,ilocano
prubisyun,cebuano
hirpin,cebuano
nakapag-aantok,tagalog
singkamás,hiligaynon
nacuttong,ilocano
balangaw,cebuano
maipapan iti disso iti uneg ti pagilian,ilocano
hingahan,tagalog
plastiko,cebuano
magdarang,tagalog
pag-aliw,tagalog
mapatapilok,tagalog
panagway,cebuano
pasaylo,cebuano
tali,ilocano
magpasinungaling,tagalog
kúlis,cebuano
panid,ilocano
basá-bása,hiligaynon
tunel,tagalog
ataki,cebuano
mamahal,tagalog
anag,ilocano
aksul,cebuano
handa na,tagalog
mapute,cebuano
kulisíyum,cebuano
ukagán,hiligaynon
agsalagasag,ilocano
kalyo,tagalog
sánggà,hiligaynon
mopalit,cebuano
uli-uli,tagalog
lipi,tagalog
kaldiro,cebuano
gura,tagalog
nasicsic,ilocano
gálab,hiligaynon
dupong,tagalog
paanaron,cebuano
magbiyatiko,tagalog
mayan-anud,ilocano
pirgula,cebuano
lawanlawan,cebuano
manghamon,tagalog
may-makina,tagalog
batas,tagalog
pagpapapisa ng itlog,tagalog
hayát-hayát,hiligaynon
rimédyo,hiligaynon
lampos,cebuano
n . kinapudno,ilocano
tubo,cebuano
manlabo,tagalog
dula,cebuano
binilasyón,hiligaynon
baráywon,hiligaynon
metod,tagalog
adtu,cebuano
dili maayo,cebuano
sa paaging kusog,cebuano
hanbag,cebuano
palabra-de-onor,tagalog
tulas,tagalog
sóok,hiligaynon
kutamaya,tagalog
súni,hiligaynon
ampityatru,cebuano
"""nurse""",ilocano
ginhawaan,cebuano
gruésa,hiligaynon
upas,cebuano
panagrucbab,ilocano
kinaiya,cebuano
dumbusan,tagalog
bastanti,cebuano
sulimbad,cebuano
nakatukop,tagalog
sándig,hiligaynon
ispeling,tagalog
para kay/kina,tagalog
paluwagin,tagalog
Oktobre,cebuano
pannacaregreg,ilocano
kwarenta,cebuano
sangla,tagalog
píward,cebuano
talab,tagalog
ang tanan,cebuano
saráptan,hiligaynon
ipatayo,tagalog
bára,hiligaynon
awanan iti raman,ilocano
baliháwog,hiligaynon
ganggrena,tagalog
taluntunin,tagalog
sámin,cebuano
pobre,cebuano
kangalan,tagalog
pagsalikway kun pagbiya sa katungod,cebuano
kandado,cebuano
Frances,cebuano
silab,tagalog
pagliho,tagalog
punù,cebuano
hambing,tagalog
Hapon,cebuano
pagpasanay,cebuano
atensyon,tagalog
mamumutos,cebuano
pagkapaudlot,tagalog
tak-um,cebuano
singasing,ilocano
bukâ,hiligaynon
báyle,hiligaynon
makasundo,tagalog
maicaniwas iti maysa a banag,ilocano
kinalucmeg,ilocano
pangahas nga pagsulod,cebuano
predikador,tagalog
mahunahunaon,cebuano
satsatan,tagalog
patrulya,cebuano
sálug,cebuano
riribuken,ilocano
sahô,hiligaynon
kalim-an,cebuano
syíti,cebuano
lapdan,ilocano
kahoy,cebuano
mga buluhaton,cebuano
gahig ulo,cebuano
kinaragsac,ilocano
wakasan,tagalog
"bílà, biláan",cebuano
hirapan,tagalog
sángkol,hiligaynon
baduan,ilocano
masukulon,cebuano
ukut,cebuano
masangga,tagalog
tangkù,cebuano
luag,cebuano
rabó,hiligaynon
pakikipanayam,cebuano
panabong wala'y buhat,cebuano
granada,tagalog
paikit-ikit,tagalog
magtuligsaan,tagalog
tukway,cebuano
makipagtaltalan,tagalog
gunigunihin,tagalog
kiyas,tagalog
ngisihan,tagalog
abrigo,tagalog
pagtama,tagalog
ipablaac,ilocano
himalóng,hiligaynon
makakulba,cebuano
gáwak,hiligaynon
mabahagi,tagalog
madaling maintindihan,tagalog
paragpag,ilocano
sumisingaw,tagalog
búnak,hiligaynon
bayad,ilocano
guang,tagalog
suliran,cebuano
tákul,cebuano
kako,tagalog
bantok,tagalog
halagáyan,hiligaynon
tagausig,tagalog
parigaten,ilocano
pagkalabnos,tagalog
kapitulu,cebuano
kab-ing,cebuano
sida,ilocano
bákud,hiligaynon
pikal,cebuano
grána,hiligaynon
umbrera,tagalog
bási,hiligaynon
magtulis,tagalog
madanihon,cebuano
hapyud,cebuano
duende,tagalog
nakawin,tagalog
inigka-,cebuano
kilos,tagalog
kubyirtus,cebuano
ulalóng,hiligaynon
manghaharang,tagalog
maabtik,cebuano
tabulog,tagalog
magsaing,tagalog
búyla,hiligaynon
agtaeng,ilocano
dangat,cebuano
manya,tagalog
laurel,tagalog
balabáwon,hiligaynon
tinaw,cebuano
tingàngà,cebuano
ubuhin,tagalog
autokratik,tagalog
panangkita,ilocano
sadino man,ilocano
súg-ak,hiligaynon
hátol,hiligaynon
bumintad,tagalog
pangrugyan,ilocano
mangalumniya,tagalog
paspas,tagalog
paghikap,cebuano
aginana,ilocano
kagíit,cebuano
reklámo,hiligaynon
huní,hiligaynon
pasumpong-sumpong,tagalog
lain,cebuano
naipamaysa,ilocano
hinóklog,hiligaynon
ungtan,ilocano
baktot,tagalog
kararaos,tagalog
balakáng,hiligaynon
wangsì,cebuano
diyutay nga balud,cebuano
sáblok,hiligaynon
komedyante,cebuano
bangcay,ilocano
konstabularyo,tagalog
istrú,cebuano
mga tumatan-aw,cebuano
dili kasaligan,cebuano
tumalima,tagalog
bayranan,cebuano
lamoin,ilocano
bola,ilocano
údkan,hiligaynon
pagkakatiwala,tagalog
balastibas,cebuano
bomba,ilocano
kambas,tagalog
agsadag iti casasaad,ilocano
uláhi,hiligaynon
balituk,cebuano
mabalutan,tagalog
dalam,cebuano
papurihan,tagalog
truck,tagalog
istatistika,cebuano
paghilo,cebuano
"giplud, gípud",cebuano
berso,tagalog
hidál,hiligaynon
hagikhik,cebuano
sa hunahuna lamang,cebuano
nungka,cebuano
tagapag-ampon,tagalog
himo,cebuano
paghikit,tagalog
hántak,hiligaynon
simsímgam,hiligaynon
pampagiliw,tagalog
tumubo,tagalog
sangit,ilocano
bumagabag,tagalog
bigóte,hiligaynon
súpas,hiligaynon
hablon,tagalog
dúluk,cebuano
magbigay-hapis,tagalog
papigsaen,ilocano
pangguun,cebuano
pangalit,cebuano
pagsumikapan,tagalog
súk-ay,hiligaynon
sakup,cebuano
pagdadabugan,tagalog
manokmanok,cebuano
pagsangkap,cebuano
narapis,ilocano
magkabakante,tagalog
sorbetes,ilocano
dihog,cebuano
gángu,cebuano
ngiwat,ilocano
tiwarik,tagalog
inggana,ilocano
sabo,tagalog
maglingkod,cebuano
salíkdò,hiligaynon
pagpapaliban,tagalog
kupo,cebuano
imbitahin,tagalog
kantidad,cebuano
taracnen,ilocano
icutan,ilocano
pagganansiya,cebuano
kanggreho,tagalog
bakbak,cebuano
séis,hiligaynon
"halabúab, halabú-ab",hiligaynon
múdus,cebuano
linsúwak,cebuano
kahimanan sa lawas,cebuano
tumpang,cebuano
sídong,hiligaynon
siwal,tagalog
sayid-áwut,cebuano
kita ken tabas,ilocano
adalem,ilocano
naa mi?,cebuano
ipalapal,ilocano
pagkanaog,cebuano
magpabuo,tagalog
súbat,hiligaynon
tagingting,cebuano
isali,tagalog
naulimec,ilocano
ulúron,hiligaynon
talasalitaan,tagalog
sawata,tagalog
línis,cebuano
salík-sálik,hiligaynon
magpreserba,tagalog
nakalupi,tagalog
pagreppet,ilocano
bisíta,hiligaynon
panamilit,cebuano
nota,tagalog
maipapan cadagiti panggedan,ilocano
saranggola,cebuano
pasambahin,tagalog
dili mahikap,cebuano
ligawgaw,tagalog
bautisár,hiligaynon
sarikán,hiligaynon
mamukto,tagalog
pinili,cebuano
pepino,ilocano
lan-u,cebuano
iniksiyunan,tagalog
capanunotan,ilocano
gamiton,cebuano
radyo-aktibo,cebuano
kandil,cebuano
sebo,cebuano
pang-oren,ilocano
kumudkumud,cebuano
Pibriru,cebuano
sígmok,hiligaynon
kangaya,cebuano
bínta,hiligaynon
haponés,hiligaynon
buyáyaw,hiligaynon
ugáy,hiligaynon
maragdagan,tagalog
yanninaw,ilocano
panundot,tagalog
wasay,ilocano
labihan kamabination,cebuano
bánsag,hiligaynon
ipakapon,tagalog
pagpataas,cebuano
cangrunaan a masapul,ilocano
pannacayanac,ilocano
segunda,tagalog
bíg-id,hiligaynon
táboy,hiligaynon
sul-ugán,hiligaynon
muldi,cebuano
panagtubo,ilocano
mapanalungat,tagalog
gilihoón,hiligaynon
ipahimutang,cebuano
balasolón,hiligaynon
hágak,hiligaynon
pumatnubay,tagalog
magpalagayan,tagalog
payag,cebuano
tulisang-dagat,tagalog
magutom,tagalog
húkà,cebuano
mano,tagalog
balitùtù,cebuano
Sugbu,cebuano
clima,ilocano
gumaláhum,hiligaynon
posteridad,tagalog
kamalig,cebuano
hagsak,cebuano
tulà,cebuano
pagbiya,cebuano
abogado nga tikasan,cebuano
kahawanan,tagalog
buclen,ilocano
bituen,ilocano
timpla,cebuano
sikúngkung,hiligaynon
gawgaw,cebuano
súk-ad,hiligaynon
pagpakyas,cebuano
aggil-giling,ilocano
hugakâ,hiligaynon
imbay,cebuano
hinangílid,hiligaynon
sa isang dako,tagalog
sílaba,hiligaynon
talupak,tagalog
taklus,cebuano
patupdin,tagalog
hulagway,cebuano
supak,cebuano
sentripugádo,hiligaynon
bítlag,hiligaynon
papuri,tagalog
maukilkil,tagalog
pagsasapa,tagalog
sariksikón,hiligaynon
himutáng,hiligaynon
kabuyaw,tagalog
"húgà, hugâ",hiligaynon
henyo,tagalog
bílang,hiligaynon
katuk,cebuano
nimpuho,tagalog
relohéro,hiligaynon
parisan,cebuano
grabe,cebuano
magdemandahan,tagalog
sudiyang,cebuano
pato,ilocano
piso,cebuano
magpawalang-malay,tagalog
úyuk,cebuano
cumpet,ilocano
pananakot,tagalog
dackel,ilocano
pagmamaysaen,ilocano
inay,cebuano
pagpasintabian,tagalog
pagkakandili,tagalog
kaligon,cebuano
nagdili,cebuano
salinwika,tagalog
gányat,hiligaynon
hátag,cebuano
sakto,cebuano
"haydyam, haydyamp",cebuano
piduten,ilocano
túnul,cebuano
kita ti naluto a carne ti vaca,ilocano
sa ibang salita,tagalog
puminsala,tagalog
bugánà,hiligaynon
pang-opisina,tagalog
kagamhanan,cebuano
canccata,ilocano
lambi,tagalog
gulilat,tagalog
nalpas,ilocano
fécha,hiligaynon
bagól,hiligaynon
bukas,tagalog
hubúg,hiligaynon
kubing,cebuano
papagdusahin,tagalog
aldaba,tagalog
degradasyon,tagalog
lagpos,tagalog
salungkawit,tagalog
pagtuya,tagalog
bakat,cebuano
kasadpan,cebuano
hará-hará,hiligaynon
baguod,cebuano
búng-bung,hiligaynon
hákut,hiligaynon
nadalus,ilocano
pumipinta,ilocano
dalan,cebuano
alaen,ilocano
saleng,ilocano
biyente dos,cebuano
inuyonan sa tanan,cebuano
pag-uulik-ulik,tagalog
pagkawala,cebuano
paset ti sentencia nga awanan iti masasao wenno aramid,ilocano
Miercoles,ilocano
pammalubos,ilocano
kurita,tagalog
sa hustong-hustong oras,tagalog
busawít,hiligaynon
panagcacabsat,ilocano
pahalipay,cebuano
panagtaeng,ilocano
bastón ni San Hosé,hiligaynon
górò,hiligaynon
dalawang linggo,tagalog
talikba,tagalog
amamangluy,cebuano
maako,tagalog
samál,hiligaynon
palmíta,cebuano
pukgù,cebuano
hindi kaya ng ulo,tagalog
bungtod,cebuano
biligsían,hiligaynon
magbiberon,tagalog
ribál,hiligaynon
kasunod-sunoran,cebuano
magulong pagtatalo,tagalog
paghinuktok,cebuano
manggagaway,tagalog
pagsalig,tagalog
ikasanlibo,tagalog
saway,cebuano
iti daytoy,ilocano
pagsulong,cebuano
piláta,cebuano
tenedor,tagalog
narsan,tagalog
bomba sa sunog,tagalog
silaw,ilocano
ato na,cebuano
balawbaw,tagalog
matanda,tagalog
maghuwisyo,tagalog
kanto,tagalog
sapúra,hiligaynon
sanggótan,hiligaynon
humabol,tagalog
suruan,ilocano
bisan pa,cebuano
cancanen,ilocano
ripekehin,tagalog
dulang,tagalog
belyaka,tagalog
bilogón,hiligaynon
papangilabutin,tagalog
kabugkuwaknit,cebuano
tabirís,hiligaynon
búrak,hiligaynon
napagsisiya,tagalog
síngì,hiligaynon
sakit ti mula,ilocano
damput,cebuano
talikala,cebuano
bigáon,hiligaynon
magulong pag-iisip,tagalog
carreton,ilocano
cucuac,ilocano
retina,tagalog
kakatuwang-kilos,tagalog
talimahin,tagalog
turturod,ilocano
magpustahan,tagalog
aglahi,tagalog
palugaran,tagalog
sinalikop,tagalog
maselang,tagalog
pagkibol,cebuano
gupden,ilocano
daydiay,ilocano
pinagkakagastahan,tagalog
ikangalay,tagalog
buyó,hiligaynon
bitiis,cebuano
yamba,tagalog
pikadilyo,tagalog
hangyo,cebuano
umaagi,cebuano
pagngangawa,tagalog
may masamang hangarin,tagalog
mapag-alaala,tagalog
manggagawang por piraso,tagalog
misayl,tagalog
magtupi,tagalog
gitaho,cebuano
sánaw,cebuano
kátab,cebuano
sing,hiligaynon
sanitaryum,tagalog
mag-iti,tagalog
mugna,cebuano
"kupun, kúpun",cebuano
hináy-hínay,hiligaynon
mas masama,cebuano
balangkatin,tagalog
yukos,tagalog
tinulo,cebuano
luoy,cebuano
butlog,cebuano
nakaiinis,tagalog
ninghapit,cebuano
mamanhik,tagalog
ngalitngit,tagalog
malumanay,tagalog
tubod,cebuano
dapat,tagalog
ánad,cebuano
tulbec,ilocano
naarian,ilocano
mituluhíya,cebuano
bombardéo,hiligaynon
góta,hiligaynon
Tsinita,tagalog
saráw,hiligaynon
tunlud,cebuano
pagtibok,tagalog
bag-o,cebuano
bíring,cebuano
tangay,cebuano
hilihid,tagalog
magbarena,tagalog
kunsinsiya,cebuano
paninikit,tagalog
Ikan!,tagalog
panghidhid,cebuano
butbutngen,ilocano
sing,hiligaynon
kudkuran,cebuano
siníkyap,hiligaynon
sála,hiligaynon
mag-autopsiya,tagalog
bukágkag,hiligaynon
wákha,hiligaynon
kumbis,cebuano
"kamansili, kamansilis",cebuano
hakíd,hiligaynon
táyun,cebuano
pasuliling,tagalog
saan a malipatan,ilocano
pasamahin,tagalog
pagsasarita,ilocano
tuklapan,tagalog
tintíru,cebuano
buluntǎr,cebuano
kasayonan,cebuano
ilaco,ilocano
tibuuk,cebuano
ulog-ulog,cebuano
isikil,ilocano
maigihon,cebuano
pagbaton,cebuano
halakotán,hiligaynon
aduna,cebuano
calaban,ilocano
narseri,tagalog
maayong hapon,cebuano
cabaelan nga awiten,ilocano
duaw,cebuano
irpun,cebuano
síngkub,hiligaynon
isinga,tagalog
bitsó-bítso,hiligaynon
ti puduo,ilocano
butádo,hiligaynon
ignurámus,cebuano
magpapresko,tagalog
mga tulumanon,cebuano
esterilisado,tagalog
nacappapati,ilocano
tungtong,cebuano
kalaruin,tagalog
sakár,hiligaynon
huptan,cebuano
balabála,cebuano
búngday,hiligaynon
hárus,hiligaynon
magmimina,tagalog
pagbuntog,cebuano
dumungis,tagalog
tucac,ilocano
hindi inaasahan,tagalog
"maskipap, maskipaps",cebuano
pag-aasawa,tagalog
hudír,hiligaynon
sian a pulo,ilocano
buruhatón,hiligaynon
Benus,cebuano
awatan,tagalog
napili; tampoc; capintasan,ilocano
polo,tagalog
balay a pagcaseraan,ilocano
pasibo,cebuano
sagúsò,hiligaynon
palì,cebuano
pagngulngol,tagalog
palikoliko,cebuano
silid-paaralan,tagalog
bukás,hiligaynon
unggo,tagalog
hinapús-tapús,hiligaynon
nakadipa,tagalog
tuun,cebuano
pagpisan-pisanin,tagalog
hupong,cebuano
busbus,cebuano
kalipayan,cebuano
mitolohiya,tagalog
sóklob,hiligaynon
tabas,tagalog
buntung-hininga,tagalog
hinganíban,hiligaynon
pag-ukay,cebuano
tikmìtikmì,cebuano
tangkugo,cebuano
hoyóhoy,hiligaynon
balalítan,hiligaynon
húgum,hiligaynon
sántò,hiligaynon
asistinsiya,cebuano
magkulay-pilak,tagalog
tupdin,tagalog
aing. aing,tagalog
búyò,hiligaynon
"baru, báru",cebuano
oras,ilocano
repolyo,tagalog
bungul,cebuano
bahaw,tagalog
etimolohiya,tagalog
bassit,ilocano
nagbanagan,ilocano
tanamitim,ilocano
sintír,hiligaynon
lagasak,cebuano
kahilum,cebuano
tagapayo,tagalog
silopono,tagalog
awan bayad,ilocano
intap,cebuano
limbagin,tagalog
hagubhúban,hiligaynon
kagahom,cebuano
higlikas,tagalog
pagtututok,tagalog
labtik,cebuano
pariho,cebuano
payramid,cebuano
klipan,tagalog
aduptǎr,cebuano
maglamay,tagalog
haláy-hálay,hiligaynon
hamáy-hámay,hiligaynon
kakulang,cebuano
buruka,cebuano
metalika,tagalog
Kakristiyanuhan,tagalog
ipagdasal,tagalog
lágub,cebuano
sanggawád,hiligaynon
di-maipaliliwanag,tagalog
panaginana,ilocano
wala'y gamit,cebuano
maipanggep iti,ilocano
silang,cebuano
kawalan ng pakiramdam,tagalog
yano,cebuano
pusaw,tagalog
walang-inaalaala,tagalog
bennat,ilocano
hingan,tagalog
ribulusiyun,cebuano
magpabunot,tagalog
alam-alam,cebuano
hingán-hingán,hiligaynon
demonyo,cebuano
dukutan,tagalog
kalagu,cebuano
lipatpat,cebuano
tahod,cebuano
magguhit,tagalog
kaugnayan,tagalog
rígkam,hiligaynon
tabang,tagalog
kasaníhan,cebuano
ugámid,hiligaynon
multo,tagalog
paglandig,cebuano
sikpaw,tagalog
butbut,cebuano
buong,ilocano
reloj ti ima,ilocano
kasilaw,cebuano
kaniyun,cebuano
labi na,cebuano
pangdumala,cebuano
mao ra,cebuano
koreksiyon,tagalog
waywaya,ilocano
ikahimamat,cebuano
sóop,hiligaynon
kahinay,cebuano
riingen,ilocano
kaharuhayan,cebuano
butod,tagalog
sukat na,tagalog
silhig,cebuano
pang-aabala,tagalog
pilion,cebuano
pistun,cebuano
baku-bako,tagalog
humút,hiligaynon
kin labes,ilocano
nakamumuhi,tagalog
súk-ay,hiligaynon
walâ sing,hiligaynon
lumbo,tagalog
dúwit,cebuano
iradyo,tagalog
pagsaka,cebuano
wala'y sakit,cebuano
bángal,cebuano
lagiw,cebuano
landiganan,cebuano
palakihin,tagalog
representasyon,tagalog
halúnhun,hiligaynon
buéno,hiligaynon
abíhid,cebuano
pasuk,cebuano
sugo,cebuano
suláy,hiligaynon
alagad ng batas,tagalog
ited,ilocano
tímug,cebuano
súra,hiligaynon
"kúmus, kum-us",cebuano
bályo,hiligaynon
bángkil,hiligaynon
apritáda,cebuano
epilepsiya,tagalog
halóthot,hiligaynon
panagpalabas iti canito,ilocano
campana ti agcasar,ilocano
magdumali,tagalog
kini nga mga,cebuano
pagkakabigkas,tagalog
saylo,cebuano
gamitin,tagalog
bun-ug,cebuano
mula,cebuano
patayng lawas,cebuano
pagsubli,cebuano
lumura,tagalog
isapata,ilocano
lumupagi,tagalog
bilíbod,hiligaynon
sagol-sagol,cebuano
sagabay,cebuano
nabati,ilocano
kabahong,cebuano
alaen,ilocano
gaga-go,tagalog
tipid,tagalog
binolónbóon,hiligaynon
raniag,ilocano
bukháyù,cebuano
agliday,ilocano
kortsetes,tagalog
hilom,cebuano
isdahanon,cebuano
labnot,tagalog
kabilugan,tagalog
alaga,tagalog
ussob,ilocano
balayi,tagalog
nacacaasi,ilocano
paggilaw,cebuano
manlaki,tagalog
lungtian,tagalog
sumalo,tagalog
tulisan,cebuano
pananim,tagalog
lambud,cebuano
pat-ak,cebuano
lúsì,cebuano
paris-paris,tagalog
hingulúsgan,hiligaynon
kaláru,cebuano
pansipit,tagalog
igges,ilocano
paggilaw,cebuano
panluop,tagalog
mamagitan,tagalog
sentensiyahan,tagalog
nasamaran,cebuano
tisuk,cebuano
praymari,cebuano
dusa,ilocano
doloroso,tagalog
binóog,hiligaynon
dispalkuhin,tagalog
timríra,cebuano
tahuy,cebuano
tipontiponen,ilocano
riri,ilocano
agtaray,ilocano
miga,tagalog
pingkaw,tagalog
mangalabasa,tagalog
salakót,hiligaynon
tábang,hiligaynon
tumighaw,tagalog
gorogotóng,hiligaynon
súlang,hiligaynon
laris,tagalog
di-pirmihan,tagalog
katáwa,cebuano
paghisukamod,cebuano
kalingawan,cebuano
ihoyo,tagalog
pagsusubo,tagalog
kaluwasan,cebuano
hambugirit,cebuano
matyanak,cebuano
malatagan,tagalog
laylay,cebuano
nalucay; nacapsut,ilocano
lungagan,cebuano
sipilyo,cebuano
naricna,ilocano
rayna,cebuano
batikusan,tagalog
salas,tagalog
magpaluwag,tagalog
yúyum,hiligaynon
abala,tagalog
rátak,hiligaynon
ngumiyaw,tagalog
"tunù, túnù",cebuano
maipapan iti callaysa,ilocano
manmano,ilocano
capada,ilocano
banilya,cebuano
ngapos,tagalog
pagulimeken,ilocano
damputan,tagalog
bulohaton,cebuano
ngipin,tagalog
úsung,cebuano
ispúting,cebuano
kaysa sa,tagalog
sinsoro,tagalog
masirib,ilocano
obispo,ilocano
dagas,tagalog
aligando,tagalog
agay,cebuano
magparangalan,tagalog
siruháno,hiligaynon
ubús-úbus,hiligaynon
balat,cebuano
makiatlo,tagalog
tinguha,cebuano
putyokan,cebuano
pagsiyahin,tagalog
anad,cebuano
casayaatan a kita,ilocano
uppat ti sacana nga ayup,ilocano
panagway,cebuano
habol,cebuano
halos maiyak,tagalog
gánya,hiligaynon
ítuk,cebuano
paghahawi,tagalog
ubanon,cebuano
magkasali,tagalog
labing hinungdanon,cebuano
pahiyum,cebuano
sityohan,cebuano
maragasak,ilocano
timbaya,cebuano
"bóbò, bôbô",hiligaynon
mapaglayag,tagalog
paglibak,cebuano
traysikul,cebuano
esperiment,tagalog
tagpi,tagalog
magkakasunod,tagalog
utec,ilocano
ugsad,cebuano
buáon,hiligaynon
katambok,cebuano
pambuko,tagalog
sueldo,cebuano
bigonya,tagalog
nabiit pay,ilocano
huébes,hiligaynon
utuk,cebuano
ság-a,hiligaynon
kapanabay,tagalog
maligat,tagalog
bulitin,cebuano
documento,ilocano
walís,hiligaynon
pagpapayapa,tagalog
huldam,cebuano
paglain sa tumong,cebuano
igpalagsik,cebuano
pahit,cebuano
sul-ub,cebuano
sumbákì,hiligaynon
calamansi,ilocano
bahót-oló,hiligaynon
gaban,cebuano
tatakan,tagalog
nanunulisan,tagalog
balukbuk,cebuano
lagip,ilocano
ritukadur,cebuano
sábi,hiligaynon
supot,ilocano
tulong,ilocano
pans,cebuano
bulagís,hiligaynon
sambayanan,tagalog
remeken,ilocano
"kimikna, kimiknà",cebuano
bagáso,hiligaynon
pistol,ilocano
koral,cebuano
habóng-hábong,hiligaynon
Julio,ilocano
biruken,ilocano
anglo,tagalog
sanlang-bili,tagalog
bagó-bagó,hiligaynon
bílog,hiligaynon
dilinyadur,cebuano
pasarahan,tagalog
kiyod,cebuano
mapakialam,tagalog
diriktǔr,cebuano
kompleto,cebuano
bábag,cebuano
magkauban,tagalog
bangaw,cebuano
seméstre,hiligaynon
paghibok,tagalog
díban,cebuano
baliw,cebuano
kauban,cebuano
pangusisa,cebuano
sedalína,hiligaynon
makipagtawaran,tagalog
magtotroso,tagalog
kabisaan,tagalog
tumaban,tagalog
mag-estudyo,cebuano
artal,cebuano
pági,cebuano
padalawin,tagalog
húlung,hiligaynon
tubluk,cebuano
laos,cebuano
saksakin ng lanseta,tagalog
sulínga,cebuano
n . tagtagainep,ilocano
premyo,cebuano
pagkakaputol,tagalog
solísas,hiligaynon
babae,tagalog
katitikan,cebuano
tarangkahan,tagalog
asistensya,tagalog
magpatigil-tigil,tagalog
kagat-labi,tagalog
gául,hiligaynon
bitóson,hiligaynon
maramdaman,tagalog
monumento,tagalog
tiyempuhan,tagalog
pagpasa,tagalog
balálang,hiligaynon
hiyas,cebuano
itali,ilocano
tumaob,tagalog
dato,tagalog
nahawa,tagalog
anga,tagalog
kukakúla,cebuano
kuko sa mananap,cebuano
pasunding,cebuano
pang-an,cebuano
haláw,hiligaynon
maestro,cebuano
grapik,tagalog
nakasasawi,tagalog
magbakayan,tagalog
pagsilbihan,tagalog
lutlut,cebuano
cali,ilocano
magdambana,tagalog
resolusyón,hiligaynon
ipaingkorpora,tagalog
lukluk,cebuano
sabláyan,hiligaynon
súkmà,hiligaynon
"kwári, kwárì",cebuano
sa lapok,cebuano
pahid,cebuano
nagkataon,tagalog
bilyako,cebuano
karaskaras,cebuano
manilip,tagalog
addan motor wenno maquina,ilocano
suáy-súay,hiligaynon
sampuang diulitin,tagalog
úkud,hiligaynon
tanan,cebuano
limbong,cebuano
engkargo,tagalog
mababang-loob,tagalog
salagimsiman,tagalog
inaramid a sinantatao,ilocano
boksing,cebuano
"tása, tásà",cebuano
swágir,cebuano
pagkukuskos,tagalog
tugda,tagalog
tinatanuran,tagalog
talibong,tagalog
disidir,cebuano
sakit,cebuano
ipanecnec ipatalged,ilocano
kapulongan,cebuano
gangsà,cebuano
lalag,tagalog
magtusta,tagalog
galamiton sa baba,cebuano
kaymítu,cebuano
mag-absen,tagalog
sintiníla,cebuano
bunal,cebuano
dakes a panagtagicua,ilocano
kinatalinaay,ilocano
alinsunuran,tagalog
sal-ak,cebuano
antig,tagalog
bukhanán,hiligaynon
lupot,ilocano
nakagagayuma,tagalog
tawong gamitoy,cebuano
minatamisan,tagalog
bún-ag,hiligaynon
biti,cebuano
angilan,tagalog
tangdugon,cebuano
eksklamasyon,tagalog
panahanan,tagalog
lantutay,tagalog
husto,cebuano
maaararo,tagalog
tabla,ilocano
bitás,hiligaynon
preto,cebuano
hamil,cebuano
gáwhad,hiligaynon
kabilinggan,cebuano
úlud,hiligaynon
bubongan,ilocano
ahat,cebuano
Siya nawa,tagalog
ussoban,ilocano
disi nuebe,cebuano
capitacan,ilocano
paun,cebuano
nababaluktot,tagalog
baol,tagalog
bangkù,cebuano
nasabong,ilocano
ulep,ilocano
sama,cebuano
subing,cebuano
kalagmitan,cebuano
pulong-sinyas,cebuano
wayawaya,ilocano
hapnig,cebuano
putol,cebuano
kapitbansa,tagalog
dunar,cebuano
gurísnay,hiligaynon
ulungnan,cebuano
tabanáw,hiligaynon
pagkaberde,cebuano
mapaniniwalaan,tagalog
wandas,cebuano
rinagámak,hiligaynon
takup,cebuano
istorbuhin,cebuano
bendahe,tagalog
yumudyumud,cebuano
albularyu,cebuano
napigsa,ilocano
maisurot'iti linteg,ilocano
palkon,tagalog
tinduganan,cebuano
napudno,ilocano
bangko,cebuano
ibusa,tagalog
tingkaran,tagalog
bág-o,hiligaynon
mahatungod sa pamalaod,cebuano
saróksok,hiligaynon
bugkos,cebuano
maya-kapra,tagalog
magsisante,tagalog
paglalin,cebuano
pagpapalagayan,tagalog
magtaklis,tagalog
anis-is,cebuano
dangat,cebuano
kapilya,cebuano
buldog,tagalog
"pulud, púlud",cebuano
góod,hiligaynon
aproksimahin,tagalog
"puklid, pukling",cebuano
abyan,cebuano
batan-on,cebuano
magkakasundo,tagalog
ugís,hiligaynon
munisipyu,cebuano
será,hiligaynon
kapalin,tagalog
firmaménto,hiligaynon
palabtikin,tagalog
nacabutbuteng,ilocano
makubkob,tagalog
itarangka,tagalog
magkangiki,tagalog
pidlut,cebuano
agunias,tagalog
macabannog,ilocano
laun,cebuano
mamutawi,tagalog
magtses,tagalog
paglingaw,cebuano
kasindak-sindak,tagalog
maisubli,ilocano
pingki,tagalog
sirináta,cebuano
kabukabu,cebuano
korporasyon,cebuano
hások,hiligaynon
taong-nayon,tagalog
surambaw,cebuano
pantay-pantay,tagalog
pananaliksik,tagalog
tawag,cebuano
balô,hiligaynon
hilasan,cebuano
kumpabli,cebuano
tinabangay,cebuano
ayup nga agdadael,ilocano
karaniwang araw,tagalog
pangasa,tagalog
nalaca nga isuro,ilocano
obstetrician,tagalog
agriaw,ilocano
paghahalikwat,tagalog
tulo,cebuano
soléras,hiligaynon
bútiag,hiligaynon
guang,cebuano
nanghuwam,cebuano
sídngan,hiligaynon
raman,ilocano
tíla,cebuano
papigsaen,ilocano
pili,tagalog
magligid-ligid,tagalog
cabassitan,ilocano
sangyuta,tagalog
mambad,cebuano
hungâhúngà,hiligaynon
makalog,tagalog
sanhi,tagalog
makalala,tagalog
cuayo,ilocano
pampasigaw,cebuano
takatak,tagalog
tagapagsaysay,tagalog
alegasyon,tagalog
mainit kaayo,cebuano
bulurdáhan,hiligaynon
"salimáo, salimá-o",hiligaynon
drama,tagalog
agbettac,ilocano
tosperina,tagalog
kiliran,cebuano
hagúnus,cebuano
marubya,cebuano
bansay,cebuano
ulupángon,hiligaynon
luyluy,cebuano
bibit,tagalog
bassit a siled,ilocano
sígwil,hiligaynon
pisut,cebuano
pais,cebuano
sánggab,hiligaynon
nagasang,ilocano
panagsardeng,ilocano
túyà,cebuano
panagtrato,cebuano
klima,cebuano
timpla,tagalog
pamumuno,tagalog
mahalkan,tagalog
ulugtúmon,hiligaynon
magkakatulad,tagalog
húsà,hiligaynon
magsakristan,tagalog
bátok,hiligaynon
ibíngan,cebuano
kayugot,cebuano
saykolohiya,tagalog
sugúng,hiligaynon
puntus,cebuano
sumirko,tagalog
sip-ak,cebuano
tandang,tagalog
puwerikultura,tagalog
hinángput,hiligaynon
pagsumbag,cebuano
paúruy,cebuano
sukob,tagalog
lawos,cebuano
Misa-de-Rekyem,tagalog
dili inila,cebuano
tiyutor,tagalog
cadacsan,ilocano
mangilad,cebuano
agrebbeng,ilocano
hilabútay,hiligaynon
naragsac,ilocano
silensyador,tagalog
lupig,tagalog
lukop,cebuano
sinarita,ilocano
tatak ng daliri,tagalog
troso,tagalog
hulápay,hiligaynon
bayaw,ilocano
kawalang-puso,tagalog
bítas,hiligaynon
bumbu,cebuano
gumimbal,tagalog
sinamono,tagalog
makiapid sa di mo asawa,tagalog
magparakayda,tagalog
ulutangón,hiligaynon
susi,cebuano
gihápon,hiligaynon
sámdong,hiligaynon
deperensiya,tagalog
cagaw,ilocano
narawet,ilocano
pannacatagabo,ilocano
pagbantay,cebuano
sangputanan,cebuano
palako,tagalog
sumarungcar,ilocano
paleosoko,tagalog
patulugin,tagalog
kuyaw,cebuano
maquinilla,ilocano
unnoy,ilocano
sundang,tagalog
dímul,cebuano
makapag-agwanta,tagalog
marca,ilocano
manumpa,tagalog
napno iti hielo,ilocano
silong,cebuano
dumakma,tagalog
alkaldesa,tagalog
bangáag,cebuano
magpasobra,tagalog
háli,hiligaynon
sungo,tagalog
híraw,hiligaynon
ipaalaga,tagalog
harangan,tagalog
ibay,tagalog
pag-angay-angay,cebuano
niyang,cebuano
maniníyut,cebuano
luraan,tagalog
mabudburan,tagalog
blakhart,cebuano
bangga,cebuano
dinding,tagalog
ipagparangalan,tagalog
pagka-malilimutin,tagalog
arilyos,tagalog
hagáshas,hiligaynon
kalaboso,tagalog
tampalasan,cebuano
lulungu-lungo,tagalog
inggana,ilocano
ingun,cebuano
cababalin a nasayaat,ilocano
bilang na gansal,tagalog
buwis,tagalog
sakuna,tagalog
masaid,tagalog
itaray nga ilemmeng,ilocano
pantapal,tagalog
hingpit,cebuano
yakyak,tagalog
pagtabog,tagalog
espiya,cebuano
ngalangala,tagalog
gúbut,hiligaynon
himalatyon,cebuano
ganid,tagalog
sagwaan,tagalog
uneg,ilocano
salikyaub,cebuano
súgpà,hiligaynon
igid,ilocano
tulilik,cebuano
tapusan,tagalog
luglug,cebuano
"úklò, uklô-úklò",hiligaynon
nadagsen,ilocano
mang-aapi,tagalog
sarguelas,ilocano
sitron,tagalog
hanayun,cebuano
saan maipalawag,ilocano
lanat,cebuano
libog,cebuano
palayas,cebuano
pangbahin,tagalog
yanig,tagalog
mamula,tagalog
balíghot,hiligaynon
kromosom,tagalog
gitawag,cebuano
pitong beses,tagalog
hungot,tagalog
matmatay,ilocano
sulbung,cebuano
atubangan,cebuano
insinsaryu,cebuano
lacsiden,ilocano
sugat,ilocano
buwig,tagalog
"búhay, buháy",hiligaynon
siya,cebuano
nalamiis,ilocano
kukuti-kutitap,tagalog
magpasaya,tagalog
palihug,cebuano
húklas,hiligaynon
dipiktu,cebuano
haing dapita,cebuano
paghiayon,cebuano
usyoso,tagalog
biyá-bíya,hiligaynon
belo,tagalog
paminsan-minsan,tagalog
orihinal,cebuano
sa semana,cebuano
magligtas,tagalog
suweldo,cebuano
di-maihi,tagalog
pagdalin-as,cebuano
patayen,ilocano
gáwì,hiligaynon
Hihúba,cebuano
mawala,tagalog
símpà,hiligaynon
usikan,cebuano
úkad,hiligaynon
piskadur,cebuano
imateryal,tagalog
bukog sa tiil,cebuano
paggusad,tagalog
uniporme,tagalog
lugda,cebuano
lubnganan,cebuano
lusong,cebuano
pagsusunog ng bangkay,tagalog
cacurangan,ilocano
banduríya,hiligaynon
sapal,cebuano
siríw,hiligaynon
ti-agtawid,ilocano
"herbabáka, herbabaká",hiligaynon
pagkaok,tagalog
bako,tagalog
gámat,cebuano
hiabút,hiligaynon
kusang-loob,tagalog
sáya,cebuano
pírul,cebuano
salukbitan,tagalog
noong unang panahon,tagalog
pagkamarami,tagalog
mapanapion,cebuano
binántuk,hiligaynon
sábud,hiligaynon
orihen,tagalog
indayon,tagalog
samput,cebuano
húlip,hiligaynon
matraffic,tagalog
magplano,tagalog
ipaay,ilocano
yáyay,hiligaynon
Huybis,cebuano
haliryong,tagalog
gungonna,ilocano
matay,ilocano
tiyempu-tiyempo,tagalog
may sulod,cebuano
gabayán,hiligaynon
pakikipagsapalaran,tagalog
lihaman,tagalog
mabibigat na yabag,tagalog
pangkukulam,tagalog
tramvia,ilocano
símple,hiligaynon
tangkul,cebuano
iprito,tagalog
paghimas,tagalog
balintúnod,hiligaynon
naricut a panawen,ilocano
paud,cebuano
prídi,cebuano
kuwartero,tagalog
ireseta,tagalog
tikwas,tagalog
kontsa,tagalog
sirína,cebuano
muryatik,tagalog
ekonomiya,tagalog
naandan,cebuano
pagsaboy,tagalog
distruksiyon,tagalog
tabang,cebuano
pagkamatindi,tagalog
nalaca,ilocano
itanghal,tagalog
siyasat,tagalog
kingkiri,cebuano
itdan,ilocano
kontrabando,cebuano
pakigsulti,cebuano
igamot,tagalog
ilaco,ilocano
salík,hiligaynon
alingawngaw,tagalog
aglaco iti sabong,ilocano
bugon,cebuano
gintotón-an,hiligaynon
bálbag,hiligaynon
silimbáhon,hiligaynon
sángyad,hiligaynon
pakulutan,tagalog
katumalan,tagalog
akurdiyun,cebuano
"sulug-utón, sulug-úton",hiligaynon
haón,hiligaynon
inyarig,ilocano
pagsundong,cebuano
"lihay, líhay",cebuano
kompania,tagalog
tukul,cebuano
masagolan,cebuano
pedikyur,tagalog
bulubungán,hiligaynon
gloripikasyon,tagalog
lalin,tagalog
dúlang,cebuano
am-ám,cebuano
santan,cebuano
porsinto,cebuano
gisa,cebuano
panangbaliw iti sucog,ilocano
magpabilin,cebuano
pahimutang,cebuano
gútib,hiligaynon
Mesiyas,cebuano
butók,hiligaynon
ebakwet,tagalog
kaliwanagan,tagalog
tingadngad,tagalog
paglingaw,cebuano
nasod,cebuano
matiyaga,tagalog
hapóy-hápoy,hiligaynon
walang-peligro,tagalog
saba,cebuano
masamain,tagalog
nababatay,tagalog
kapid na ayos,tagalog
ipaganetget,ilocano
kaktil,cebuano
pag-ig-ig,tagalog
pinilan,cebuano
tactics,tagalog
maligaw,tagalog
angay-angay,cebuano
bigkas,cebuano
pagbibigay-loob,tagalog
pagaramidan iti cuarta,ilocano
lugbáti,cebuano
maipapan iti principe,ilocano
maaramid,ilocano
malagkit,tagalog
sallapingaw,ilocano
abot-tanaw,tagalog
tig-alagad,cebuano
bútkon,hiligaynon
ngangain,tagalog
sagítsit,hiligaynon
hinuon,cebuano
bagduk,cebuano
uyog,cebuano
oryent,tagalog
barbas,ilocano
matagtag,tagalog
pakigsuki,cebuano
panagiccat,ilocano
trigonometry,tagalog
dayan,tagalog
pahayahay,cebuano
lampasuen,ilocano
reumatika,tagalog
bagít,hiligaynon
teoriya,tagalog
bisióhan,hiligaynon
beteran,tagalog
yuhúm-yúhum,hiligaynon
kúpà,cebuano
arkanghil,cebuano
aligutgot,tagalog
kanya-pistula,tagalog
manulungan,tagalog
ubasan,tagalog
bintol,tagalog
uido,tagalog
pagkamauyad,tagalog
magwasto,tagalog
manggagaod,tagalog
kolonisado,tagalog
ugali,ilocano
lurang,cebuano
pakurog,cebuano
bígsì,hiligaynon
kalapitan,tagalog
basigin,tagalog
bàhun,cebuano
serbísyo,hiligaynon
eskala,tagalog
pagtahi,cebuano
uyotan,ilocano
maskin,cebuano
disso a mainanama iti napardas a panagdackel,ilocano
dagundong,tagalog
úkbo,hiligaynon
parmasyutika,cebuano
nyurítu,cebuano
lingin,cebuano
mapili,cebuano
pabahay,tagalog
paghirapan,tagalog
sopas,ilocano
awanan gasat,ilocano
kamtan,tagalog
hilamón,hiligaynon
tuyo,tagalog
kindi,cebuano
tikus,cebuano
ikandidato,tagalog
sílot,hiligaynon
billit,ilocano
pag-siddaawen,ilocano
mag-unsi,tagalog
dipdip,cebuano
pagpasakop,cebuano
tagawtaw,cebuano
sókmà,hiligaynon
agsidsida iti tao,ilocano
alagaw,cebuano
batíà,hiligaynon
uláynon,hiligaynon
pilok,tagalog
gábà,hiligaynon
bótkon,hiligaynon
pamugos,cebuano
tagilid,tagalog
serbidor,tagalog
garnáti,cebuano
adu; naruay,ilocano
magretoke,tagalog
pag-isipan,cebuano
síd-o,hiligaynon
sáb-ong,hiligaynon
"bangî, -bangî",hiligaynon
tamarind,tagalog
hálang,hiligaynon
"angul, ángul",cebuano
nagtapos,tagalog
bungát,hiligaynon
tiglabutlabut,cebuano
habang-buhay,tagalog
báton,hiligaynon
himuylas,cebuano
tutora,tagalog
kabù,cebuano
kaimbihan,tagalog
inámil,cebuano
nangina,ilocano
gatasán,hiligaynon
ipagtangkakal,tagalog
bewang,tagalog
ikurap,tagalog
tíbaw,cebuano
maghinas,tagalog
maríya buhuk,cebuano
pang-ugnay,tagalog
magpitisyon,tagalog
arnika,cebuano
lasak-lasak,cebuano
atungal,tagalog
bahál,hiligaynon
dispertador,tagalog
dapwa,tagalog
puwersahan,tagalog
salimpúkut,cebuano
ti agkiddaw,ilocano
bugalán,hiligaynon
haleya,tagalog
walang-gaano,tagalog
dalangpan,cebuano
pagpatik,cebuano
magilas,tagalog
mag-aangkon,cebuano
sagut,ilocano
dakol,tagalog
matsing,tagalog
hándum,hiligaynon
cabaelan a mangitungpal iti gandat,ilocano
pag-silawan,ilocano
tabangi ko,cebuano
sinsínggam,hiligaynon
hunahuna,cebuano
sákdag,hiligaynon
maitaboy,tagalog
patiwas,tagalog
harána,hiligaynon
malugmok,tagalog
hiphip,cebuano
maraynahon,cebuano
rapal,cebuano
palayaw,ilocano
sibog,tagalog
usa ka tawo,cebuano
laktaw,cebuano
pagrucbaben,ilocano
mahimulmol,tagalog
sangka,cebuano
sararók,hiligaynon
dayawen,ilocano
sala,cebuano
inuming pampagana,tagalog
senior,tagalog
tutupin,tagalog
tig-ayos og kasal,cebuano
pumanaw,ilocano
banaba,cebuano
libkas,cebuano
galihíra,cebuano
láyag,cebuano
akasya,cebuano
warm-ap,cebuano
lampos,cebuano
sunugan,cebuano
ersisyo,tagalog
anomalia,tagalog
isimento,tagalog
capadpada ti caitarusan,ilocano
sa panahon ito,tagalog
sagabalan,tagalog
demonyo,cebuano
sungó,hiligaynon
saliagúm,hiligaynon
bákid,hiligaynon
pagdako,cebuano
iumbok,tagalog
dackel,ilocano
mabuti ang ulo,tagalog
sagír-om,hiligaynon
mamamahagi,tagalog
bahas,cebuano
galeon,tagalog
parang lalaki,tagalog
kúsing,cebuano
palanggana,ilocano
puitahan,cebuano
ubos,cebuano
bá-og,hiligaynon
gwapítu,cebuano
hán-us,hiligaynon
iskultur,cebuano
rispundi,cebuano
balikug,cebuano
bolók,hiligaynon
medyu-medyo,tagalog
panagcameng,ilocano
taracnen,ilocano
bitunes,tagalog
"lumuy, lúmuy",cebuano
gilok,cebuano
disgrasya,cebuano
pag-ukyabit,tagalog
gakám,hiligaynon
pag-ibig,tagalog
apil,cebuano
gora,cebuano
karilyon,tagalog
magbaklas,tagalog
pahiwatig,tagalog
ang pagkalagpot,cebuano
walat,tagalog
bundul,cebuano
lagumlum,cebuano
katigayonan,cebuano
tampà,cebuano
sulong latag,tagalog
sunoy,cebuano
pagkaalam,tagalog
pagkawala'y edukasyon,cebuano
may sayup,cebuano
"pinising, pinísing",cebuano
gúlus,hiligaynon
aglaclaco a babai,ilocano
unahan,cebuano
sinam-it a bunga,ilocano
pagsasalin,tagalog
landung,cebuano
saligutgot,tagalog
artista,cebuano
peluka,tagalog
burá-búra,hiligaynon
pagkatumba,tagalog
daman,cebuano
hunúd,hiligaynon
saluksok,tagalog
húlag,hiligaynon
pamamalikaskas,tagalog
elemento,ilocano
mababa,tagalog
pagkikristal,tagalog
portada,tagalog
latik,cebuano
halugakâ,hiligaynon
pulitiku,cebuano
paghunog,cebuano
pumatay nang pataksil,tagalog
manggagawa,tagalog
balailéhan,hiligaynon
laki,tagalog
"hinagô, hinágò",hiligaynon
bisitasyon,tagalog
kabunghan,cebuano
hari-harian,tagalog
agliplipias,ilocano
"pikal, píkal",cebuano
papagaspasin,tagalog
"úli, ulí",hiligaynon
tanlad,cebuano
kellat a panangibaga,ilocano
nadarat,ilocano
bakù,cebuano
kipit,tagalog
rabaken; angawen,ilocano
wálas,hiligaynon
maabutan,tagalog
húpay,hiligaynon
pirmahan,tagalog
baras,tagalog
pagmatuod,cebuano
pispis,tagalog
ragsac,ilocano
balustre,tagalog
úkay,hiligaynon
pagbalaybayan iti lupot,ilocano
paghambin,cebuano
lacuben,ilocano
dagtum,cebuano
igpasupot,cebuano
awanan iti surat,ilocano
magpare-pareha,tagalog
"buisít, buísit",hiligaynon
hasang-bato,tagalog
balatian,cebuano
naderrep,ilocano
cucuayo,ilocano
sarita a saan a pudno,ilocano
daloy,tagalog
bangka,cebuano
kibot,tagalog
bárang,hiligaynon
bassit a tubo nga adda bombana,ilocano
disgrasya,cebuano
búung,cebuano
naiparabaw a bato iti dalan,ilocano
tangtang,cebuano
mas linghod,cebuano
madyong,tagalog
balólon,hiligaynon
humran,cebuano
miboto,cebuano
kabarkadahin,tagalog
papanatagin ang loob,tagalog
kababagin,tagalog
tahing-kamay,tagalog
pansing,tagalog
pagsandal,tagalog
pamana,tagalog
nahitabo,cebuano
mambibigkas,tagalog
tumingala,tagalog
magkaepekto,tagalog
nalaca a makiapa,ilocano
tiámu,cebuano
Pulong-bituin,tagalog
turista,tagalog
sa laktod,cebuano
pagkawalang-giliw,tagalog
pagpangandoy,cebuano
kulgit,cebuano
tupok,tagalog
"búni, buní",hiligaynon
sundalo,cebuano
hingágaw,hiligaynon
magsustento,tagalog
pagmamaneho,tagalog
awíhaw,cebuano
wálay,hiligaynon
sertipíko,hiligaynon
salugsog,tagalog
pakinggan,cebuano
ubás,hiligaynon
magbaybay,tagalog
maysa a reppet sangcareppet,ilocano
nawadwad,ilocano
sirbyinta,cebuano
nagpatay,cebuano
panahong ordobisiyan,tagalog
servilleta,ilocano
walisin,tagalog
mang-api,tagalog
ubbing,ilocano
hakot,cebuano
butbutngen,ilocano
silíng,hiligaynon
góong,hiligaynon
damak,cebuano
rambac a nalabes,ilocano
kellaat,ilocano
siasino man a nagturpos iti colegio wenno universidad,ilocano
ungo,cebuano
supak,cebuano
kahuluan,tagalog
pagkabiya,cebuano
hinéte,hiligaynon
pinadas,ilocano
búbu,cebuano
nalaca,ilocano
ginúnting,hiligaynon
"bidsit, bidsiyit",cebuano
ikable,tagalog
masulob-on,cebuano
kapatid na babae sa ina,tagalog
busaug,cebuano
saulog,cebuano
pangangain,tagalog
iwayat,ilocano
balangkap,tagalog
sápyot,hiligaynon
dumanas,tagalog
lunhaw,cebuano
kita,ilocano
til-ay,ilocano
sinulúg,hiligaynon
magsusugal,tagalog
lalang,cebuano
limbungan,cebuano
sáwì,hiligaynon
narigat,ilocano
pito,cebuano
kobre-kama,tagalog
búlwag,hiligaynon
tambukulan,tagalog
pagdasdas,cebuano
batok sa,cebuano
awtomatiko,tagalog
simula,tagalog
listahanan sa pagkaon,cebuano
umuli,ilocano
gingging,cebuano
ilawom,cebuano
nagagilaw,cebuano
Siptimbri,cebuano
idi rabii,ilocano
maayo dalaygon,cebuano
solóng,hiligaynon
balatián,hiligaynon
seradór,hiligaynon
labag sa batas,tagalog
karta,cebuano
magpabantulot,tagalog
utik,cebuano
abaken,ilocano
magkuskos,tagalog
súngon,hiligaynon
naalas,ilocano
caruaje,ilocano
puwit,tagalog
birâ-bírà,hiligaynon
mamaltos,tagalog
gina-,cebuano
humóg,hiligaynon
bungalngálan,hiligaynon
solámyog,hiligaynon
matyag,cebuano
kunhuran,cebuano
umembestiga,tagalog
rári,hiligaynon
sinipád,hiligaynon
tsug,cebuano
bombáy,hiligaynon
áwut,cebuano
magkasintaas,tagalog
bukáy,hiligaynon
haplas,tagalog
putan,ilocano
"matalak-un, matak-ánun",cebuano
panghihimasok,tagalog
mamumukod,tagalog
ipaghawan,tagalog
truss,tagalog
kahima-himala,tagalog
kana,cebuano
ilaga,cebuano
mas hugaw,cebuano
law-ang,ilocano
paghataw,tagalog
góso,hiligaynon
puntil,cebuano
nepotismo,tagalog
básol,hiligaynon
nwistra,cebuano
siyang,cebuano
Lumikha,tagalog
kiang,cebuano
talurami,tagalog
dali-daliin,tagalog
sweldo,cebuano
pagkabuo,tagalog
bulsahan,tagalog
yábi,hiligaynon
padackelen,ilocano
dili,cebuano
managpili,ilocano
pag-iskursyunan,tagalog
pasulungin,tagalog
hólwà,hiligaynon
paawas sa kinatawo,cebuano
manggagamud,ilocano
buya,ilocano
basbasan,tagalog
bumitin-bitin,tagalog
haróy,hiligaynon
digmaan sa diplomasya,tagalog
makaligtaan,tagalog
dayamun,cebuano
solosábado,hiligaynon
Sinyora,tagalog
panuksok,tagalog
sitsiriko,cebuano
agayus,ilocano
mapasagi,tagalog
hindi ninenerbiyos,tagalog
tumukod,tagalog
makapulanggos,tagalog
prugram,cebuano
bahay-langgam,tagalog
mása,cebuano
hilinguyángon,hiligaynon
batubato,tagalog
maiparbeng,ilocano
mapawi,tagalog
kawang,cebuano
nagbungkel,ilocano
bakía,hiligaynon
tunok,cebuano
doblado,tagalog
bísò,hiligaynon
humambo,tagalog
lagyag ti sasacyan,ilocano
haló-hálo,hiligaynon
casuratan,ilocano
kaliga-ligaya,tagalog
gúyguy,hiligaynon
hanglay,tagalog
ulúk,hiligaynon
balalígyà,hiligaynon
patamis-tamisin,tagalog
magtumpak,tagalog
bluáwut,cebuano
bang,cebuano
pagpahayag,cebuano
hókhok,hiligaynon
maipapan iti musica,ilocano
sasakyan,cebuano
hag-as,cebuano
tipug-uk,cebuano
kinaalicuteg,ilocano
palicud,ilocano
cadua nga agay-ayam,ilocano
pir dayim,cebuano
barnís,hiligaynon
lisensiya,cebuano
didal,cebuano
máas,cebuano
caano,ilocano
kinina,cebuano
pakpak,cebuano
maka-makalawa,tagalog
yaman,ilocano
"síngulo, singuló",hiligaynon
pagpainit,cebuano
burúwas,cebuano
ditirminasiyun,cebuano
dolomita,tagalog
gisantis,cebuano
púsung,cebuano
mainit,cebuano
siráli,cebuano
lúlid,cebuano
magruta,tagalog
damtin,tagalog
hinugúng,hiligaynon
mananagat,cebuano
umog,cebuano
tubo sa dapit,cebuano
sumaruno,ilocano
katalasan ng isip,tagalog
gawan,tagalog
himpak,tagalog
tigpaprenda,cebuano
kustabli,cebuano
babaon,cebuano
sentido-komun,tagalog
paghinalaan,tagalog
monarka,tagalog
pipito,tagalog
kalasutsi,tagalog
linaon,ilocano
ligdong,cebuano
andap,ilocano
bádlak,hiligaynon
ordinaryo,tagalog
uhay ng damo,tagalog
kaspat,cebuano
gumapas,tagalog
pabalita,tagalog
paghadlok,cebuano
hululugán,hiligaynon
sulat-kamay,cebuano
pagliwliwaan,ilocano
cuarta,ilocano
guríbhay,hiligaynon
kulubot,cebuano
malacsid,ilocano
kordero,tagalog
duol,cebuano
lañga,ilocano
malaksot,cebuano
hinásà,hiligaynon
makauulaw,cebuano
barikes,ilocano
disso,ilocano
pangunahing tauhang babae,tagalog
tunghaan,cebuano
dili mabalhin,cebuano
tonelada,ilocano
hagip,tagalog
pempen,ilocano
unsik,tagalog
pagyukbo,cebuano
pagkamahigpit,tagalog
garnátsa,hiligaynon
háwà,hiligaynon
pamispis,tagalog
akikid a dalan,ilocano
sambuláwan,hiligaynon
"kuadhutur, kuadutur",cebuano
madilat,tagalog
pagsagasa,tagalog
dapilpil,tagalog
napakalakas,tagalog
pammacawan,ilocano
atup,cebuano
pagkakasumping,tagalog
maggiliwan,tagalog
sinulat,cebuano
igpakalma,cebuano
katabi,tagalog
musikal,tagalog
balabag,cebuano
panumpa og bakak,cebuano
hawát,hiligaynon
bwáhat,cebuano
tungod (kay),cebuano
kain,cebuano
awditor,tagalog
úgmud,hiligaynon
magkanayon,cebuano
iakap,tagalog
guitguit,cebuano
pinangga,cebuano
pahintuin,tagalog
hithit,tagalog
panamílit,cebuano
kinangato,ilocano
tigum,cebuano
kabatuhan,tagalog
paglimugmog,cebuano
hípig,hiligaynon
turnohan,tagalog
mapagbata,tagalog
pataanan,tagalog
malasatan ti sasacayan,ilocano
posibilidad,tagalog
kabulagan,cebuano
iccan,ilocano
mayor,tagalog
paggilgil,tagalog
estudyante,tagalog
magnikela,tagalog
ulyabid,tagalog
ngisngisan,tagalog
"táli, tálì",cebuano
salidsid,cebuano
kapulahan,tagalog
palaganapin,tagalog
dumalisdis,tagalog
kompas,cebuano
"wáswas, wás-was",hiligaynon
nakagiginhawa,tagalog
supot ti cuarta,ilocano
saan a mairuam,ilocano
hináw,hiligaynon
sál-ay,hiligaynon
sikstin kards,cebuano
lawin,tagalog
paggula,cebuano
hukà,cebuano
gáb-i,hiligaynon
macaparagsac,ilocano
disimulahin,tagalog
wala'y kabangkaagan,cebuano
makibibiang,ilocano
lugod,cebuano
busaliánon,hiligaynon
kuniktǎr,cebuano
makapakurat,cebuano
mapihit,tagalog
dámag,cebuano
maogihapon,cebuano
kā́s,cebuano
intelihensiya,tagalog
bítin,hiligaynon
kencuana,ilocano
tingà,cebuano
"pung, púng",cebuano
hingalúp,hiligaynon
pagyaon,tagalog
torero,tagalog
palawagen,ilocano
nagatubag,cebuano
tured,ilocano
dudon,ilocano
ipagpasikat,tagalog
santa,tagalog
silpo,ilocano
"báklon, báklan",hiligaynon
puso,cebuano
ikid-íkid,cebuano
tuwas,tagalog
haplit,tagalog
tistígus,cebuano
inumin,cebuano
obispo,cebuano
tabáw,hiligaynon
prinsa,cebuano
kasangkapan,cebuano
lanse,tagalog
hunguy,cebuano
levadora,ilocano
tikig,cebuano
sugaról,hiligaynon
at iba pang gaya nito,tagalog
saúp,hiligaynon
sarhénte,hiligaynon
awang,ilocano
kunsumihin,tagalog
tirsiyu,cebuano
humulhúmul,cebuano
naurnong a pirac,ilocano
Hudiyo,tagalog
sityo,tagalog
magpalulan,tagalog
limbong,cebuano
panuigon,cebuano
"sáuy, sá-uy",hiligaynon
násud,cebuano
lingguhan,tagalog
optalmolohia,tagalog
sa kaliwat,cebuano
ayo na,cebuano
mandurugo,tagalog
binuhat,cebuano
riwara,tagalog
balikô,hiligaynon
aguyangyang,cebuano
masagupa,tagalog
pannacaipatacder,ilocano
kahilingan,tagalog
hágrak,hiligaynon
esplin,cebuano
bilat,cebuano
ilong,tagalog
bíntol,hiligaynon
bathin,tagalog
buliglig,tagalog
pasundayag,cebuano
gamú,hiligaynon
kayamutan,tagalog
lathalain,tagalog
samantalang,tagalog
baháw-baháw,hiligaynon
pasahero,tagalog
hágis,cebuano
criminal,ilocano
kasaliwaan,tagalog
sulong,cebuano
tulumanon,cebuano
mudiradur,cebuano
awisen,ilocano
yubón,hiligaynon
gíos,hiligaynon
pasamano,tagalog
ság-ang,hiligaynon
hiusa,cebuano
nagbaton,cebuano
bungálon,hiligaynon
mímis,cebuano
bigtas,tagalog
sagwa,tagalog
di-mapagpapaumanhinan,tagalog
hilingapusón,hiligaynon
lugaw,tagalog
gáhung,cebuano
gamay,cebuano
mag-imbak,tagalog
hál-o,hiligaynon
augita,tagalog
setseríka,hiligaynon
ababa,ilocano
pagpapha,cebuano
maghuramentado,tagalog
rebentador,tagalog
sagápa,hiligaynon
tig-,cebuano
mga tinampo,cebuano
báut,cebuano
dagup,ilocano
lisay,tagalog
bayát-báyat,hiligaynon
bantulínaw,cebuano
meninghitis,tagalog
minandis,cebuano
ipagbawal,tagalog
pagbugbog,tagalog
ságà,hiligaynon
humot,cebuano
hínggà,hiligaynon
"awat, áwat",cebuano
pasensya,tagalog
tísà,cebuano
taraon,ilocano
siulimec,ilocano
masamid,tagalog
idumog,tagalog
bagsatón,hiligaynon
"balíkda, balíkdan, balíkdi",hiligaynon
mas grabe,cebuano
"wárik, warík-wárik",hiligaynon
rotó,hiligaynon
karaang,cebuano
palangga tika,cebuano
dungan,cebuano
itayon,tagalog
galá-gála,hiligaynon
evangelio,ilocano
senador,cebuano
siryo,tagalog
mabalin a pagbayaden,ilocano
gantimpalang pampalubag-loob,tagalog
úbas,hiligaynon
tabáng,hiligaynon
bák-bak,hiligaynon
lulugu-lugo,tagalog
lanat,cebuano
dugmak,cebuano
luhag,cebuano
ispesimen,tagalog
hámag,hiligaynon
tsismis,cebuano
huwà,cebuano
itarong,cebuano
humubog,tagalog
túla,cebuano
manghimasok,tagalog
malapit,tagalog
napasindayaw,ilocano
tabtab,cebuano
larawan,tagalog
istensilin,tagalog
labes,ilocano
lawog,cebuano
lalis,cebuano
baníku,cebuano
kapakumbabaan,tagalog
agballa,ilocano
sa gihapon,cebuano
súngab,hiligaynon
apáyud,cebuano
sinsay,tagalog
mawungmáwung,cebuano
ságpò,hiligaynon
mambabalilsong,tagalog
seksi,tagalog
báw-og,hiligaynon
dumagok,tagalog
panagricna,ilocano
dackel,ilocano
ngutngut,cebuano
butók,hiligaynon
pagkagiliw,tagalog
indángan,cebuano
magnetismo,tagalog
hanbag,tagalog
dipindǐr,cebuano
pangangailangan,tagalog
"gógo, gógò",hiligaynon
salimbung,cebuano
pumalo,tagalog
lailo,ilocano
royalty,tagalog
pagtugyan,cebuano
kontadurya,tagalog
"pasamánu, pasamánus",cebuano
rarím,hiligaynon
ristǎr,cebuano
ipaamoy,tagalog
bumulagta,tagalog
magpatango,tagalog
apyak,tagalog
palsipikado,tagalog
agham,cebuano
kamayin,tagalog
ulasón,hiligaynon
pagtuklap,tagalog
pagtahud,cebuano
bahin sa,cebuano
hásà,hiligaynon
mag-unay,tagalog
mas luyat,cebuano
kasaykasay,tagalog
sigingsiging,cebuano
kawit,cebuano
managparmata,ilocano
gawáng,hiligaynon
sámò,hiligaynon
magamit,cebuano
kawalan ng pananagutan,tagalog
may labut,cebuano
pagkabirhen,tagalog
pagdanak ng dugo,tagalog
panangpabassit,ilocano
maghahalaman,tagalog
busawák,hiligaynon
engkarnasyon,tagalog
tayim-áwut,cebuano
bastus,cebuano
lebadura,tagalog
episkopado,tagalog
kamatisan,tagalog
walang-kadepe-depekto,tagalog
surbetes,tagalog
mahusto,tagalog
magbangan,tagalog
manoc,ilocano
banag,tagalog
kinatumyan,cebuano
dagit,tagalog
pamatay-sunog,tagalog
balangkinitan,tagalog
sala,tagalog
nasayud,ilocano
iskupitilya,tagalog
segga,ilocano
papel-sulatan,cebuano
saraló,hiligaynon
sapyór,hiligaynon
kihar,cebuano
lalo na,tagalog
lumagutok,tagalog
ipugso,ilocano
ganda,tagalog
subong,cebuano
bitikón,hiligaynon
pansan,tagalog
bibít,hiligaynon
di-pareho,tagalog
pananganag,ilocano
maligo,tagalog
ang-ang,tagalog
paglangay-langay,cebuano
"badiáw, bádiaw",hiligaynon
gunít,hiligaynon
ipikit ang mata,tagalog
paghari,cebuano
uláng,hiligaynon
mag-aaway,cebuano
lábug,cebuano
managpili,ilocano
átab,cebuano
kalaliman,cebuano
bangbang,tagalog
kandílà,cebuano
rekurso,tagalog
antigo,tagalog
Pilipínas,cebuano
pugutan,tagalog
anaa siya?,cebuano
pagkaayop,tagalog
pungot,ilocano
pagtugot,cebuano
ti managpardas unay,ilocano
pandiwaring pangalan,tagalog
sandayong,cebuano
buki,cebuano
maparaan,tagalog
segcat,ilocano
utod,tagalog
Maawaing langit,tagalog
bassit,ilocano
pison,cebuano
maalig-aligon,cebuano
aglaylay,ilocano
bitín-bítin,hiligaynon
pagkadunot,cebuano
panangpalamiis iti angin,ilocano
bikaka,tagalog
mainit,tagalog
madamo,tagalog
tuklang,cebuano
kuntra,cebuano
umu-um,cebuano
nakakukumbinsi,tagalog
tesorero,ilocano
magpaypay,tagalog
vacacion,ilocano
dackel a pagtuocan,ilocano
iyang kaugalingon (babaye),cebuano
pamamahala sa libing,tagalog
pagsilpuen,ilocano
sindikátu,cebuano
makapagtapos,tagalog
pana,ilocano
pahangain,tagalog
lumansag,tagalog
liput,cebuano
putputan,tagalog
tig-isa,tagalog
atrebido,tagalog
ababa,ilocano
sákot,hiligaynon
bugtaken,ilocano
medisina,tagalog
marmol,ilocano
sílyo,hiligaynon
dalin-as,cebuano
biyakin,tagalog
amigo,cebuano
"uligâ, ulígà",hiligaynon
magpalasa,tagalog
ladawan a naala iti asideg,ilocano
kúmù,cebuano
tamíaw,cebuano
háspe,hiligaynon
balagáy,hiligaynon
babá-an,hiligaynon
humbáyag,hiligaynon
kapistahan,cebuano
dágit,cebuano
pidlasut,cebuano
istadista,cebuano
agsacnap a sakit,ilocano
simmiasi,ilocano
brongkyal,tagalog
sagisaglalyas,cebuano
maigalaw,tagalog
walák-wálak,hiligaynon
sálà,hiligaynon
pagkamakabayan,tagalog
putihin ang buhay,tagalog
tuwang-tuwang,cebuano
bugá,hiligaynon
maistru,cebuano
suhág,hiligaynon
mamugad,tagalog
casapulan,ilocano
timgas,cebuano
ibabad,tagalog
medida,tagalog
horó-horó,hiligaynon
Hupiter,tagalog
diyablo,cebuano
magtaingang-kawali,tagalog
hagdan,cebuano
husto,cebuano
ngari,cebuano
saan a malisian,ilocano
hayáhay,hiligaynon
tiningub,cebuano
sonambulo,tagalog
halungkat,tagalog
kumakak,tagalog
naamo,ilocano
magdisisyon,tagalog
kahuwela,tagalog
panangkita,ilocano
bungàbungà,cebuano
impyerno,tagalog
sulitaryu,cebuano
lalawigan,tagalog
kuwarta,tagalog
kasubo,cebuano
buhat,cebuano
bútad,cebuano
sóbol,hiligaynon
sinádto,hiligaynon
hiluy,cebuano
walang-ulap,tagalog
patrǔl,cebuano
magkatunggali,tagalog
disgáyis,cebuano
elektor,tagalog
batan-on,cebuano
ateo,tagalog
penultima,tagalog
waling-waling,cebuano
panangituloy,ilocano
bumuntis,tagalog
"sáwid, sáw-id",hiligaynon
tumba,tagalog
dala,cebuano
duslit,cebuano
ikasindak,tagalog
panutog,tagalog
patunguhan,tagalog
mapagsinungaling,tagalog
kasarangan,cebuano
bung-aw,cebuano
sanghaya,tagalog
halámlan,hiligaynon
sigalbo,tagalog
naulit-ulit,ilocano
lampas-lampasan,tagalog
bagay sa reyna,tagalog
patiki,tagalog
botól,hiligaynon
pormalan,tagalog
manananim,tagalog
katol,cebuano
síku,cebuano
bákol,hiligaynon
nararapat,tagalog
kumiri,tagalog
tuplas,cebuano
pinggan,ilocano
angga,cebuano
lagung,cebuano
correo,ilocano
bagutbut,cebuano
gladiyúla,cebuano
payaten,ilocano
rak-in rúl,cebuano
layag,ilocano
kambiyáda,cebuano
magkabuyon,cebuano
gáyun,cebuano
sitsiríka,cebuano
panà,cebuano
aransil,cebuano
ragomô,hiligaynon
magsakalansay,tagalog
walang-kaparis,tagalog
saing,tagalog
riktu,cebuano
kumedyante,tagalog
nang walang-malay,tagalog
akinsango a paset ti patacder,ilocano
mataginting,tagalog
takdul,cebuano
halimbukay,tagalog
pagluluno,tagalog
ning higayona,cebuano
maglisaw-lisaw,tagalog
hilatsa,tagalog
gúrob,hiligaynon
kaslog,tagalog
pagpahangin,cebuano
líbut,cebuano
buldoser,tagalog
karumihan,tagalog
sabibiag,ilocano
salamayón,hiligaynon
babaen ti sao,ilocano
tatsa,tagalog
mapitagan,tagalog
pagsundog,cebuano
gib-an tik,cebuano
malisyoso,tagalog
malitok,cebuano
lingkuranan sa inuduro,cebuano
sultíru,cebuano
makahimo,cebuano
putok na goma,tagalog
babaihin,tagalog
ginkamunoánan,hiligaynon
abriláta,cebuano
managsungbat,ilocano
kortina,tagalog
parangyaan,tagalog
kulabo,tagalog
yupók,hiligaynon
takdang-aralin,tagalog
pammacawan,ilocano
manangawis,ilocano
lipuwa,cebuano
abutin,tagalog
sunsun,cebuano
pastúris,cebuano
kapihon,cebuano
umaliw-iw,tagalog
petrolyo,tagalog
pikas,cebuano
labis,tagalog
itden,ilocano
magsulit-tanong,tagalog
panadero,ilocano
di-mapalagay,tagalog
ugái,hiligaynon
baligyaanan tindahan,cebuano
ulat,cebuano
inri,cebuano
punduk,cebuano
agnanayon; awan patinggana,ilocano
maquinaria,ilocano
magtagni-tagni,tagalog
balumbon,tagalog
baro,ilocano
súl-ug,hiligaynon
humatsing,tagalog
tabi,cebuano
gapu iti daytoy,ilocano
ugád-úgad,hiligaynon
pirinsa,tagalog
kabo,cebuano
bikarbunátu,cebuano
aglaclaco a lalaki,ilocano
arkos,tagalog
tisaan,tagalog
tanggalin,tagalog
pagkang,cebuano
atbu,cebuano
dagisog,tagalog
usig,cebuano
kinalawa,ilocano
asignatura,tagalog
alquetran,ilocano
sagian,tagalog
tagyaw,cebuano
sílu,cebuano
kíyud,cebuano
patang-pata,tagalog
hagbunan,cebuano
radáy-ráday,hiligaynon
gánso,hiligaynon
singulu,cebuano
adúbu,cebuano
amuin,tagalog
hawâ,hiligaynon
piltro,tagalog
"yúhum, yuhúm",hiligaynon
kadto,cebuano
punoan,cebuano
báwas,hiligaynon
kalokohan,tagalog
magtitina,cebuano
gáman,hiligaynon
suspindǐr,cebuano
samô,hiligaynon
hampang,cebuano
simtoma,cebuano
pagkakaimbak,tagalog
languyan,tagalog
relihiyoso,cebuano
sad-an,cebuano
ulam,tagalog
haN-,cebuano
kalatwat,tagalog
ugsarán,hiligaynon
mando,cebuano
balota,tagalog
itunghay,tagalog
ampyon,tagalog
limusin,tagalog
kanyamaso,tagalog
gáhas,cebuano
krismas,cebuano
apurado,cebuano
wúking,cebuano
nangagi,cebuano
burusángsang,hiligaynon
isagana,ilocano
boón-bóon,hiligaynon
badyáng,hiligaynon
nakdáwun,cebuano
marabya,cebuano
"trupíya, trupiyu",cebuano
hát-ob,hiligaynon
lingkas,cebuano
bakíng,hiligaynon
unsay,cebuano
sira,tagalog
bukog,cebuano
katalinuhan,tagalog
pasagana,tagalog
yaúb,hiligaynon
pagpatawa,cebuano
mga sursi,cebuano
búla,hiligaynon
narangkis,ilocano
di-sosyal,tagalog
naganas,ilocano
baksan,cebuano
binggansa,cebuano
gilayón,hiligaynon
basag-ulero,tagalog
sámpok,hiligaynon
tigil,tagalog
bag-o pa lamang,cebuano
rimáti,hiligaynon
sumálang,hiligaynon
pagtalawen,ilocano
bana,cebuano
ulumánon,hiligaynon
nagiknik,cebuano
samáy-sámay,hiligaynon
bála,hiligaynon
sustinídu,cebuano
ibulung-bulong,tagalog
maglulukso,tagalog
batwan,cebuano
"lúwis, lúwist",cebuano
tambling,cebuano
malamig-lamig,tagalog
balatungol,cebuano
iserra,ilocano
republikasyon,tagalog
rilihiyong pundok,cebuano
sing sing,cebuano
bagoongin,tagalog
bodéga,hiligaynon
matahapon,cebuano
"sulukísok, sulukisók",hiligaynon
pakibutin,tagalog
agbanbantay,ilocano
kanto,tagalog
sursuruan,ilocano
dire,cebuano
malacsid,ilocano
puntik,cebuano
daabdaab,cebuano
isiguro,tagalog
langkob,cebuano
panangallilaw,ilocano
sintak,tagalog
libra,tagalog
pagkasamid,tagalog
kalsiyum,tagalog
ugma,tagalog
balámbud,hiligaynon
salaksákan,hiligaynon
yádto,hiligaynon
talimusac,ilocano
lumundo,tagalog
tumestigo,tagalog
tiraniko,tagalog
comercio,ilocano
sángya,hiligaynon
wíting lis,cebuano
magdantayan,tagalog
aprobasyon,tagalog
hinámbit,hiligaynon
maniningil,tagalog
bikatan,tagalog
búli,hiligaynon
nagpapaalab,tagalog
nag-umog,cebuano
paknitin,tagalog
pacaamo,ilocano
bayé-báye,hiligaynon
"kustiyáda, kustiyar",cebuano
ngisngis,cebuano
pasangkot,cebuano
sáylo,hiligaynon
karneng pinirito,tagalog
aksidental,tagalog
pag-ugmad,cebuano
pagluwat,cebuano
panimulang-aklat sa pagbasa,tagalog
maysa a paset,ilocano
búkad,hiligaynon
úgsod,hiligaynon
gahid,cebuano
ebidensiya,cebuano
kabilihan,cebuano
tunawin,tagalog
hat kík,cebuano
timailhan,cebuano
natured,ilocano
luwat,tagalog
telebisyon,cebuano
pampasirit,tagalog
supot sa itaas,cebuano
mapagkaibigan,tagalog
damig,cebuano
nalatac,ilocano
sakmalan,tagalog
mantikilya,tagalog
pananggamud,ilocano
higára,hiligaynon
tigmak,tagalog
gíngging,hiligaynon
piraso,tagalog
bángkat,hiligaynon
magtanyag,tagalog
halat pang-ugat,tagalog
siyá-síya,hiligaynon
nakatira,tagalog
castiddog,ilocano
agsinnubalit,ilocano
kasabot,cebuano
sulupika,tagalog
"kalabus, kalabúsu",cebuano
kataru,cebuano
litratuhan,tagalog
teleponohan,tagalog
mag-alma,tagalog
munumento,tagalog
abses,tagalog
diay adayo,ilocano
maayog-lawas,cebuano
"kumiti, kumíti, kumitíba",cebuano
managsaludsod,ilocano
pagdikit,cebuano
dalagang-bukid,tagalog
agpusipos,ilocano
magpahalata,tagalog
paantahin,tagalog
inagas,cebuano
pudot,ilocano
ang nagpatay,cebuano
mamang,cebuano
úlaw,hiligaynon
oligark,tagalog
kontrato,cebuano
tigyagaw,cebuano
halangdon,cebuano
canen,ilocano
"lambuyug, lambúyug",cebuano
bakíta,hiligaynon
kugang,cebuano
ragsac,ilocano
"lapis, lápis",cebuano
kabaklaan,tagalog
dyakpat,cebuano
magbendahe,tagalog
dasmag,cebuano
kumingking,cebuano
palmíra,cebuano
sumakit,tagalog
irihinsiya,cebuano
gútò,hiligaynon
páns,cebuano
"gabun, gábun",cebuano
matinguhaon,cebuano
blúbuk,cebuano
kuwenta,tagalog
utang,ilocano
pitaka,tagalog
"hóshos, húshus",hiligaynon
sirkumperensiya,tagalog
magtaklema,tagalog
bisnis,cebuano
béla,hiligaynon
bilin,ilocano
"sagána, saganá",hiligaynon
pulea,tagalog
kabilinggan,cebuano
walís,hiligaynon
silopin,cebuano
pagluluwat,tagalog
alog,ilocano
nakapapagod,tagalog
himatáyan,hiligaynon
síko,hiligaynon
makatuklas,tagalog
mapapirmahan,tagalog
pagpapautang,tagalog
kawalang-katarungan,tagalog
sukát-súkat,hiligaynon
gítlon,hiligaynon
kita ti dutdot,ilocano
walang-kinakampihan,tagalog
dali,cebuano
libaung,cebuano
sagâ-ságà,hiligaynon
esplorer,tagalog
subir,cebuano
kandílaw,cebuano
wákwak,hiligaynon
kabina,cebuano
gahom,cebuano
hurubáton,hiligaynon
panggepen,ilocano
kanunay,cebuano
dalagambukid,tagalog
mabatbat,tagalog
pahabain,tagalog
dagim,tagalog
intransitibo,tagalog
kuyáput,cebuano
kagas,cebuano
kúub,cebuano
pulánu,cebuano
magpaliit,tagalog
aguruy,cebuano
brilyánte,hiligaynon
panagpaut,ilocano
hírba,hiligaynon
tampok,tagalog
tagapagpaganap,tagalog
sisí-o,hiligaynon
itden,ilocano
dagwayan,cebuano
panaw,cebuano
matunhayon,cebuano
pagpapakahulugan,tagalog
tamudmuron,cebuano
kinatas-an,cebuano
agrambac; maragsacan,ilocano
usba,cebuano
punaw,cebuano
rabies,tagalog
"gawáy-gáway, gawáy-gawáy",hiligaynon
sugpuy,cebuano
waslik,cebuano
pagimbagan,ilocano
paglilimi,tagalog
narugit,ilocano
pagsaludo,cebuano
aburiduhin,tagalog
paghihininga,tagalog
magpakamatay,tagalog
iwang-íwang,cebuano
ugís,hiligaynon
saya,tagalog
Amirikána,cebuano
apdo,cebuano
labaw,cebuano
"húndan, húndon",hiligaynon
linotipya,tagalog
garapa,tagalog
blátir,cebuano
mabikig,tagalog
lalik,tagalog
mana pa'y,tagalog
idiskribe,tagalog
sálup,cebuano
isatagalog,tagalog
panatilihin,tagalog
pagya,cebuano
gantimapala,cebuano
batang gamay,cebuano
ungtan,ilocano
rebaha,tagalog
matipuno,tagalog
santinakpan,tagalog
kagilkil,cebuano
"siduyô, sidúyò",hiligaynon
tinabal,cebuano
sagápay,hiligaynon
transitive,tagalog
agbiddut,ilocano
talisik,cebuano
ngípun,cebuano
bailihan,tagalog
palamuti,tagalog
bákas,hiligaynon
bátbat,hiligaynon
pagtampo,cebuano
kinsay,cebuano
yaya,tagalog
pagkalingkod,cebuano
sayó,hiligaynon
nagkakagulo,tagalog
nacuttong,ilocano
cayawan,ilocano
bagéw,hiligaynon
dumuong,tagalog
gradwet,tagalog
hagúp,hiligaynon
siákù,cebuano
sampal,cebuano
lagitlit,tagalog
kini,cebuano
mangaya,tagalog
tabernakulo,tagalog
bóbod,hiligaynon
kawalang-kakayahan,tagalog
dúmul,cebuano
buriko,tagalog
Marzo,ilocano
amang,cebuano
bugok,cebuano
dalin-as,cebuano
panulaan,tagalog
Pascua ti panagungar ni Cristo,ilocano
halughugan,tagalog
silong,cebuano
timbre,tagalog
kinanumo,ilocano
súyon,hiligaynon
tinaghap,cebuano
justicia,ilocano
ríg-as,hiligaynon
tumanggi,tagalog
buling,cebuano
mangbabasa,tagalog
mabiaybiayon,cebuano
postiso,tagalog
lingunin,tagalog
naragsac,ilocano
sindian,ilocano
naladingit,ilocano
makisultihon,cebuano
makabitiw,tagalog
kumilik,cebuano
kasumo,cebuano
ilay,tagalog
sarót,hiligaynon
prenda,cebuano
pagpapasubali,tagalog
nilay-nilay,tagalog
panangsupiat,ilocano
duol,cebuano
gilayon,cebuano
mabalian,tagalog
duktrína,cebuano
tsasko,tagalog
balabalansangin,tagalog
pag-urong,cebuano
níya,cebuano
tulunggun,cebuano
lugàlúgà,cebuano
kalataw-anan,cebuano
napatoeg,ilocano
siélo,hiligaynon
nalupoy,ilocano
taras,cebuano
sa tinuod,cebuano
tininte,tagalog
sini,cebuano
sapí-sápi,hiligaynon
mangalat,tagalog
pid-uk,cebuano
pikit-mata,tagalog
oryental,tagalog
béka,hiligaynon
lubag,cebuano
babassit a dalluyon,ilocano
sirigwélas,hiligaynon
tumahol,tagalog
kabarbaruhan,tagalog
hamyángon,hiligaynon
balî,hiligaynon
palay,cebuano
biyoleta,cebuano
pirsunalidad,cebuano
di-pagkakaayaw-ayaw,tagalog
kusmu,cebuano
sasacayan,ilocano
kagiw,cebuano
plangganíta,cebuano
butalù,cebuano
tapiserya,tagalog
umaddang,ilocano
nasickel,ilocano
kasalisi,tagalog
naatay iti ili,ilocano
buluágas,hiligaynon
pambakbak,tagalog
pinulongan,cebuano
ikadena,tagalog
tudlo,cebuano
tubig na pakati,tagalog
gábas,cebuano
bungot,cebuano
lunos,tagalog
mag-abot,tagalog
kayasin,tagalog
sekulár,hiligaynon
úgpong,hiligaynon
ang naglabi,cebuano
madilim,tagalog
murdong,ilocano
takdang,cebuano
ti sagrapen ti tao iti nasayat wenno dakes nga aramid,ilocano
sing-sing,cebuano
upatan,tagalog
ti camaudian,ilocano
patin-aw,cebuano
gatuhan,tagalog
sustento,tagalog
sinehan,cebuano
bulakbul,cebuano
pasardengen,ilocano
balibulan,tagalog
pagsubli,cebuano
tradisyon,tagalog
dede,tagalog
ug-úg,cebuano
dani,cebuano
kaot,tagalog
tandug,cebuano
tidlup,cebuano
bitsukuy,cebuano
baláng-baláng,hiligaynon
bitayán,hiligaynon
cubbo,ilocano
camera,ilocano
masuso,cebuano
píls,cebuano
sál-ag,hiligaynon
piliten,ilocano
kakto,tagalog
parangalin,tagalog
panuro,tagalog
hakúl,hiligaynon
walang-labis,tagalog
sico,ilocano
dayag,cebuano
awan pumadpad,ilocano
kagahapon sa gabii,cebuano
pagtagkos,cebuano
sahíd,hiligaynon
nasayaat a pamakilangen,ilocano
makapahimuot,cebuano
utol,tagalog
magkabulutong,tagalog
balit-ad,cebuano
aglicaw,ilocano
ireken,ilocano
sulisog,ilocano
panaglaoc,ilocano
managsapul,ilocano
cabarbaro,ilocano
Radon,tagalog
sama sa,cebuano
pasaw,tagalog
aspíra ultima,cebuano
agulo,cebuano
lagúrut,cebuano
paglakta,tagalog
tugtogen,ilocano
kinikita,tagalog
undul,cebuano
bulíring,cebuano
bililhang,cebuano
butád,hiligaynon
"himálus, himalús",hiligaynon
deklibe,tagalog
kalot,cebuano
saludsoden,ilocano
hagúk,hiligaynon
sinulatán,hiligaynon
pagbagting,cebuano
papel,cebuano
sabakan,tagalog
tiáyun,cebuano
casar,ilocano
umalabot,cebuano
dúma,cebuano
luyo sa balay,cebuano
lumaklak,tagalog
pagtipunan,tagalog
súnsun,hiligaynon
linugdang,cebuano
alta,tagalog
ungulan,tagalog
hiniksikan,tagalog
sasa,tagalog
wala'y tabon,cebuano
tungas,cebuano
"sobreseír, sobreseído",hiligaynon
kandilerong tanso,tagalog
kaligutgot,cebuano
sekta,tagalog
kadaugan,cebuano
sinsíru,cebuano
seisiéntos,hiligaynon
hambaw,tagalog
kubana,cebuano
atleta,tagalog
kupos,cebuano
lánap,cebuano
potograpiya,tagalog
ipagkatiwala,tagalog
gádyà,hiligaynon
pito pulo,ilocano
hátok,hiligaynon
tinai,cebuano
talagsaon,cebuano
napaglalagusan ng liwanag,tagalog
hayáng,hiligaynon
sikút-síkut,hiligaynon
bugáy,hiligaynon
bitayan,cebuano
pannacaisalacan,ilocano
yámuk,cebuano
tamay,cebuano
kitaen buysen,ilocano
garapátan,hiligaynon
kautduhan,tagalog
ngalngal,cebuano
rekisa,tagalog
salamangca,ilocano
aron,cebuano
lagos,tagalog
diyastem,tagalog
hambalusin,tagalog
istansa,cebuano
malihukon,cebuano
kidlapkidlap,cebuano
tubo,cebuano
bát-ol,hiligaynon
anarkya,tagalog
eksensiyon,tagalog
yátì,cebuano
narasi,ilocano
mangulam,tagalog
ingkib,cebuano
karburador,tagalog
pilayen,ilocano
simoy,tagalog
pauluhin,tagalog
panit,cebuano
kabansaan,tagalog
bado,ilocano
kalunya,tagalog
balangúbang,cebuano
magtinda-tinda,tagalog
takba,tagalog
makasalo,tagalog
ampayer,tagalog
maskot,tagalog
Huwebes Santo,cebuano
pagbabangay,tagalog
bendicionan,ilocano
magplag,tagalog
kaskug,cebuano
bálhog,hiligaynon
pridyidir,cebuano
kasangkapan,tagalog
magsayaw,tagalog
hírba artemísa or artemísia,hiligaynon
lipulipu,cebuano
lati,ilocano
manangayat iti ili,ilocano
bángdan,hiligaynon
lútang,cebuano
"gúlay, guláy",hiligaynon
lola,cebuano
timbang,cebuano
batul,cebuano
nating karnero,cebuano
abut-abot,tagalog
pagbakos,cebuano
bókol,hiligaynon
tugyan,cebuano
hunús-húnus,hiligaynon
paklay,cebuano
pilgrim,tagalog
pinagmulan,tagalog
pag-asal,cebuano
úhaw,hiligaynon
"hánti, hántì",hiligaynon
rimidyáki,hiligaynon
panulong,cebuano
munisipyo,cebuano
purgaturyu,cebuano
suldádu,cebuano
pagtabal,cebuano
barumbáda,cebuano
pagsuroy-baligya,cebuano
úbung,hiligaynon
hantung,cebuano
lumus,cebuano
makipagsapalaran,tagalog
búnglay,hiligaynon
paño,ilocano
haní-háni,hiligaynon
balakì,hiligaynon
balahogán,hiligaynon
hanap,cebuano
batic ti cuentas,ilocano
halabwáan,hiligaynon
ihalip,tagalog
hinangin,tagalog
pliyoseno,tagalog
síbo,hiligaynon
addaan iti rukib,ilocano
hálà,cebuano
gaúp,hiligaynon
inat,cebuano
yeso,tagalog
kahibudngan,cebuano
kuleta,tagalog
kalúha,cebuano
sampuing tuldok,tagalog
abuloy,tagalog
bali,cebuano
bahandi,cebuano
Hesuskristo,tagalog
repollo,ilocano
kamera,tagalog
magkasayawan,tagalog
angus,cebuano
katawan,tagalog
sadyap,cebuano
burgis,cebuano
sirbisyáwu,cebuano
cagaten ti ayup a cas ti alumpipinig,ilocano
lulon,tagalog
imprentahin,tagalog
taraktarak,cebuano
sipunin,tagalog
"ulíhi, ulihí",hiligaynon
tabagsuy,cebuano
mapugnaw,tagalog
magsikante,tagalog
pabuya,ilocano
pagbag-o,cebuano
pagpadaen,ilocano
sarayó,hiligaynon
poesia,tagalog
nakarapa,tagalog
kaluluwahin,tagalog
aspiranti,cebuano
Hirat,tagalog
wala'y kaisipan,cebuano
tugaw,ilocano
bantáyan,cebuano
tunggal tao,ilocano
pangalan,tagalog
walang-ganang kumain,tagalog
tangkay,tagalog
pakayan,tagalog
yagyag,tagalog
pagkagiw,cebuano
sagut,ilocano
prí mid,cebuano
kutob,tagalog
daghan,cebuano
bulsa-de-yelo,tagalog
plas balb,cebuano
pagsangkap,cebuano
hínis,hiligaynon
Maranaw,cebuano
lipunan,tagalog
hilós,hiligaynon
yuhúm,hiligaynon
ubos,cebuano
súlak,hiligaynon
ranggasan,ilocano
bará,hiligaynon
pacaammo,ilocano
sayin,cebuano
lusyun,cebuano
sisasagana iti pasamac,ilocano
lunti,tagalog
baklaw,cebuano
batumbukid,tagalog
ánay,cebuano
pagsampuin,tagalog
kahimoan,cebuano
mag-ispiya,tagalog
kakuyog,cebuano
bitok,cebuano
sandok,cebuano
ibalot,cebuano
butang,cebuano
manguwarta,tagalog
talay,cebuano
kalaha,cebuano
binánhaw,hiligaynon
canayon,ilocano
kiting,cebuano
panikwas,tagalog
alagata,tagalog
pilitína,cebuano
saburák,hiligaynon
panununog,tagalog
lunademyelan,tagalog
makadiwa,tagalog
behay,cebuano
salók-salók,hiligaynon
tikling,tagalog
bálda,hiligaynon
kinutoban,cebuano
balamin,tagalog
impediment,tagalog
sábio,hiligaynon
kakatuwang-kilos,tagalog
bahut,cebuano
bakwi,cebuano
magkabukod,tagalog
túnaw,cebuano
pakgang,cebuano
ráya,hiligaynon
kúmut,cebuano
babaan,tagalog
dayo,tagalog
kantur,cebuano
licud,ilocano
ducot,ilocano
karangalan,cebuano
ransero,cebuano
pintuan,tagalog
bulungáton,hiligaynon
kalukalu,cebuano
singtanon,cebuano
tiket,tagalog
lagnot,cebuano
pagtimbangen,ilocano
tagahatid-sulat,tagalog
peggad,ilocano
kuyog,cebuano
chofer,ilocano
managdakes,ilocano
pirmi,cebuano
garboso,cebuano
sulyaw,tagalog
áyun,cebuano
agsapa,ilocano
sanglit kay,cebuano
tangkalù,cebuano
mag-pangagawan,tagalog
tirmumitru,cebuano
korales,tagalog
baging,tagalog
nakadestino,tagalog
balos,cebuano
pang-espesyal,tagalog
mag-apura,tagalog
pirmíru,cebuano
ordenan,tagalog
mangkita,ilocano
may ikahimo,cebuano
cabarbaro,ilocano
radyo,tagalog
huyamì,cebuano
buya,tagalog
rural,tagalog
himpit,cebuano
aburido,tagalog
aglungsot,ilocano
eskolar,tagalog
kagilkil,cebuano
tin-is,tagalog
dublihin,tagalog
tinatína,cebuano
halina,tagalog
malagmit,cebuano
mukhang-kuwarta,tagalog
tapyasin,tagalog
malisud sabton,cebuano
blangko sa walang bahin sa papel,cebuano
resepsyon,tagalog
kakuyaw,cebuano
"bras, brás",cebuano
ikaduhang piloto,cebuano
guayabano,tagalog
pantukoy,tagalog
tighaw,tagalog
luplupot,ilocano
di-mahaka,tagalog
wás-ag,hiligaynon
langgwíta,cebuano
úgyon,hiligaynon
wáhig,cebuano
dili kami,cebuano
tadem,ilocano
mag-eruplano,tagalog
palite,cebuano
pagpangasawa,cebuano
bay-ug,cebuano
pasabut,cebuano
naastraso,tagalog
itaob,tagalog
sudó,hiligaynon
hanámbong,hiligaynon
grátis,hiligaynon
saulog,cebuano
sanitáryo,hiligaynon
búlà,hiligaynon
tiyan,cebuano
tortilya,tagalog
tangan-tangan,tagalog
bágio,hiligaynon
handag,cebuano
súnsun,hiligaynon
biranda,cebuano
natitira,tagalog
húrus,hiligaynon
irgu,cebuano
hululánwon,hiligaynon
tigpakaon,cebuano
húy-ab,hiligaynon
pagkapoot,tagalog
calasag,ilocano
umuga,tagalog
kuwaltahan,tagalog
upaup,cebuano
matira,tagalog
propita,cebuano
hut-ung,cebuano
ngumato,ilocano
hasang,cebuano
baybay-an,ilocano
lumba sa pamugsay,cebuano
pugut,cebuano
pamakpak,cebuano
makahulugan,tagalog
lati,tagalog
"sihì, síhì",cebuano
panaglab sing iti calintegen ti maysa,ilocano
karul,cebuano
sang-usapan,tagalog
rekínto,hiligaynon
traynta,cebuano
sánglad,hiligaynon
masulob-on,cebuano
alkalay,tagalog
kinaiyang gawi,cebuano
agay,cebuano
maglagus-lagusan,tagalog
pag-urong,tagalog
balat,tagalog
lastico,ilocano
sariling kapakinabangan,tagalog
suul,cebuano
planggána,cebuano
buruníyu,cebuano
malawlaw,tagalog
pahinain ang loob,tagalog
libri,cebuano
bahaw,tagalog
lagto,ilocano
paghikyad,cebuano
salakayin,tagalog
sagip-ut,cebuano
P.S.K.,cebuano
sikwáti,cebuano
awanan carga,ilocano
orkesta,tagalog
"húas, hú-as",hiligaynon
patiwakal,tagalog
mag-amak,tagalog
mapalabilabihon,cebuano
napatad a daga,ilocano
pahuway,cebuano
magbalantay sa karnero,cebuano
pagkutlo,cebuano
papuntahin,tagalog
pangulo,ilocano
huboan,cebuano
dayaw,ilocano
macadadael,ilocano
roon,tagalog
sótsot,hiligaynon
swítik,cebuano
tibuok kalibutan,cebuano
biláho,hiligaynon
poker,tagalog
saan a pundo,ilocano
agsa,cebuano
pagkasuya,tagalog
pagpupol,tagalog
pakaalalahanin,tagalog
gusto namo,cebuano
magkasuson,tagalog
direccion,ilocano
bili,tagalog
mahait,cebuano
sisasagana,ilocano
súlang,hiligaynon
sabali a disso,ilocano
hidlayit,cebuano
hidáet,hiligaynon
nguyain,tagalog
idulu,cebuano
maybahay,tagalog
hari,cebuano
ihatag,cebuano
paráda,cebuano
pagkaalis,tagalog
sábsab,hiligaynon
"tagasanta, tagasantu",cebuano
"hábyog, habyogán",hiligaynon
pagkayamot,tagalog
lukay,cebuano
himungsíyù,cebuano
San Pidru,cebuano
garás,hiligaynon
hunahuna,cebuano
mihawa na,cebuano
meryenda,tagalog
ulágon,hiligaynon
tumatabang,cebuano
libog,tagalog
pagsinghap,tagalog
hiniru,cebuano
pabula,tagalog
bíhon,hiligaynon
súkat,hiligaynon
ságib,hiligaynon
dagpi,cebuano
tabangkù,cebuano
resipe,tagalog
"ságuà, saguâ",hiligaynon
paupahang karomata,tagalog
manggugulo,tagalog
kantog,tagalog
kamálig,cebuano
saludsudin,tagalog
magdesidar,cebuano
tukayo,tagalog
politico,ilocano
managricna,ilocano
dumipa,tagalog
gabiníti,cebuano
pundahan,tagalog
yuhót-yúhot,hiligaynon
sudlanan,cebuano
rásak,hiligaynon
wala pa,tagalog
danugen,ilocano
langgamin,tagalog
tawagin,tagalog
magsasagot,tagalog
bistay,tagalog
pangaon,cebuano
didiyut,cebuano
asosasyon,tagalog
daga,ilocano
masuyong halik,tagalog
sulát,hiligaynon
kwalipikasiyun,cebuano
sákà,hiligaynon
mammarca,ilocano
dasig,cebuano
pangulo ti asamblea,ilocano
sipultíru,cebuano
hadlok,cebuano
háras,hiligaynon
lupig,cebuano
bantal,cebuano
reporter,tagalog
mantikilya,cebuano
salsa,cebuano
kiosko,tagalog
palikuin,tagalog
mapagtitipon amin,ilocano
sakáda,hiligaynon
tirminal,cebuano
palab-ug,ilocano
yáwyaw,hiligaynon
súrsi,hiligaynon
kalbitin,tagalog
balay abutan,cebuano
tintura de yodo,cebuano
dua a lawas,ilocano
pakimkiman,tagalog
pangdaogdaog,cebuano
pag-usab,cebuano
ulput,cebuano
tako,tagalog
mapugto,tagalog
pagkamadiwara,tagalog
rirbuken,ilocano
kaduhaduhaan,cebuano
wala rito,tagalog
agtugaw,ilocano
pagtaya,tagalog
pasimuno,tagalog
maingay,tagalog
pagsasadrama,tagalog
lalaki nga aglaclacao iti gatas,ilocano
mattress,tagalog
gaddil,ilocano
nabessag,ilocano
magputong,tagalog
bungáyon,hiligaynon
bana,tagalog
magabukan,tagalog
kinadursoc,ilocano
lambatin,tagalog
kombo,cebuano
tanungan,tagalog
unang kailangan,tagalog
ispiya,tagalog
ugút,hiligaynon
pagtin-aw,cebuano
mantelan,tagalog
pagkakasalungatan,tagalog
kabuntuhan,tagalog
sákà,hiligaynon
saltu,cebuano
pagsakal,tagalog
ibilin,cebuano
panggalingan,tagalog
Mesyaniko,tagalog
urat,ilocano
wala'y ulaw,cebuano
anomalo,tagalog
tumbága,cebuano
pagurnongan,ilocano
binángto,hiligaynon
kinatangig,ilocano
dili matapos,cebuano
agsucay,ilocano
rígkam,hiligaynon
sarita,ilocano
taong mangmang,tagalog
dili malipayon,cebuano
sinugba,cebuano
agplancha,ilocano
sud-ong,cebuano
bahándì,hiligaynon
tinindogan,cebuano
sinehan,cebuano
hingurután,hiligaynon
hisáyod,hiligaynon
lakat,cebuano
pagkamalamig,tagalog
pagvacacionan,ilocano
luthang,cebuano
kuwanggol,cebuano
bulasan,tagalog
kúpù,cebuano
lagi,cebuano
bakuran,tagalog
makalaboso,tagalog
kunsumo,tagalog
gumamela,tagalog
taliptip,tagalog
"sinibáy-síbay, sinibáy-sibáy",hiligaynon
lulunin,tagalog
ugát,hiligaynon
sánsoy,hiligaynon
bagáybay,hiligaynon
bingayen,ilocano
nalawa,ilocano
sangkà,cebuano
naudi,ilocano
magkaliskis,tagalog
argulya,cebuano
hisgot,cebuano
núbi,cebuano
bagónbon,hiligaynon
"básiaw, basiáw",hiligaynon
bayúd,hiligaynon
bagting sa lingganay,cebuano
halín,hiligaynon
pinakamahalaga,tagalog
pasadya,tagalog
bulásot,hiligaynon
bódbod,hiligaynon
manlapastangan,tagalog
sihang kipot,tagalog
menu,tagalog
kaligon,cebuano
lala,cebuano
sál-ing,hiligaynon
baryabli,cebuano
bákhaw,hiligaynon
awturidad,cebuano
hakgum,cebuano
harapan,tagalog
tangkal,cebuano
langkay,cebuano
pasaluhan,tagalog
mulyi,cebuano
pagtoktok,cebuano
prisohan,cebuano
húlut,cebuano
tanawan,tagalog
mahait,cebuano
batî-bátì,hiligaynon
pagpakpak,cebuano
húput,hiligaynon
tisun,cebuano
maglilitson,tagalog
diriktíba,cebuano
sibút-sibút,hiligaynon
bláwus,cebuano
naninigid,tagalog
panagtayab,ilocano
hapsà,cebuano
nakasusugat,tagalog
tangkihud,cebuano
masadlak,tagalog
addaan iti aramid,ilocano
hábul,hiligaynon
siruhano,cebuano
awan,ilocano
pagpalain,tagalog
tininti,cebuano
tapasan,tagalog
pacalaglagipan,ilocano
cargador,ilocano
gánghal,hiligaynon
bálay,hiligaynon
pais,tagalog
gigi,tagalog
bingawón,hiligaynon
walang-inaayawan,tagalog
panukatan,tagalog
yúdyud,hiligaynon
ipaghinanakit,tagalog
nasiyunalismu,cebuano
inggwintu,cebuano
pagpukpok,tagalog
hiyasan,tagalog
ságing,cebuano
pulong,tagalog
manmano. gapuanan nga addan iti agnanayon a pateg,ilocano
súbung,hiligaynon
hómoy,hiligaynon
lapat,cebuano
bumuwis,tagalog
riklamadur,cebuano
nabannog,ilocano
tambulingaw,cebuano
baso,tagalog
buráskal,hiligaynon
bulingin,tagalog
duna,cebuano
Toto,tagalog
háy-ad,hiligaynon
gay-on,tagalog
dry cleaning,cebuano
lupad,cebuano
pagtapas,tagalog
bahóg,hiligaynon
arimucamoc,ilocano
galip ti tinapay,ilocano
sarangten,ilocano
siddaaw,ilocano
ipaghiyawan,tagalog
"hmm, hmp",cebuano
magpagupit,tagalog
yapusin,tagalog
pagbugnaw,cebuano
paghalimhim,tagalog
siní,hiligaynon
talaan,cebuano
natalna,ilocano
meyor,tagalog
bun-i,cebuano
katipunan,cebuano
maipapan iti agong,ilocano
inggitan,tagalog
nobisya,tagalog
pangulo dagiti mangisursuro,ilocano
eksento,tagalog
"sinápol, sinápul",hiligaynon
dako nga siyudad,cebuano
bangúd,hiligaynon
pundǎr,cebuano
hawak,cebuano
kumprumitíbu,cebuano
gihít-gihít,hiligaynon
canen iti rabil wenno malem,ilocano
saan a pagduaduaan,ilocano
sipád,hiligaynon
kolyar,tagalog
tigpangulo'g gubot,cebuano
búang,hiligaynon
tasa sartin,ilocano
rulúdgud,hiligaynon
pagtaengan ti aso,ilocano
pampasaya,tagalog
pagbilihan,tagalog
pagpanamin,cebuano
pinakamataas,tagalog
pumugto,tagalog
buhokón,hiligaynon
hílad,hiligaynon
lente,tagalog
paglalangan,tagalog
ricado,ilocano
masagwil,tagalog
agsanggir,ilocano
tunggal maysa,ilocano
linain,cebuano
tigpahibalo,cebuano
alaen,ilocano
pisaw,tagalog
maninipak ug bato,cebuano
sayin-up,cebuano
tubuan,tagalog
garúgad,hiligaynon
naangin sa hitabo,cebuano
igtatari,cebuano
umakbay,tagalog
dili maayo,cebuano
wik-ind,cebuano
pagkasagip,tagalog
langgam,cebuano
bungtanán,hiligaynon
managriribuc,ilocano
makibiang,ilocano
siyóktot,hiligaynon
tuliro,tagalog
pahilabihan,cebuano
ipakita,cebuano
kulípas,cebuano
galalíngon,hiligaynon
gápas,hiligaynon
mataliis,cebuano
pagatin,tagalog
hágkal,hiligaynon
agut-ut,cebuano
magparusa,tagalog
magbukayo,tagalog
ipokus,tagalog
Octubre,ilocano
giring,tagalog
panangdayaw,ilocano
húsà,hiligaynon
bunáyus,cebuano
mahina ang isip,tagalog
angwen,ilocano
guk-ung,cebuano
paaralan,tagalog
nag-aral,tagalog
panagtengngel,ilocano
nga abot,cebuano
allawig,ilocano
magkaayon,tagalog
úkdan,hiligaynon
biologo,tagalog
mahanip,tagalog
panandaing pahayag,tagalog
pagkunot,cebuano
gurigor,ilocano
pulbuhan,tagalog
parangalan,tagalog
pelikula,cebuano
bótoy,hiligaynon
pagbadlong,cebuano
bíka,cebuano
salábton,hiligaynon
paos,cebuano
balhin,cebuano
bansúlì,hiligaynon
(suffix) tayo,ilocano
kontrasenyas,tagalog
candidato,ilocano
di-mananalo,tagalog
sa kabila,cebuano
agtang,cebuano
pag-aalaala,tagalog
binókbok,hiligaynon
grásyas,hiligaynon
elektronika,tagalog
bayan,tagalog
hayag,cebuano
busong,tagalog
dili kasultihan,cebuano
huut,cebuano
tusok,tagalog
sarangúlà,hiligaynon
lúgud,cebuano
pulbusan,tagalog
cabaelan,ilocano
padpád,cebuano
tigbalang,tagalog
wati,cebuano
panao,tagalog
pampainit,tagalog
paghait,cebuano
sígla,hiligaynon
maliitin,tagalog
maysa a tao,ilocano
ulíbhay,hiligaynon
sumacay,ilocano
umento,tagalog
sicap,ilocano
panuob,tagalog
masawain,tagalog
pelus,tagalog
malauhog,tagalog
salikbubo,tagalog
rikwirdu,cebuano
balótbot,hiligaynon
antirábis,cebuano
rilyíbu,cebuano
kanal,cebuano
sáklam,hiligaynon
syút,cebuano
bayaan,tagalog
sagáid,hiligaynon
"singgurayung, singguráyung",cebuano
de-kolor,tagalog
pagsugod,cebuano
tabian,cebuano
tres,tagalog
agriri,ilocano
lagukluk,cebuano
úwag,cebuano
paglabnos,tagalog
saan nga agpada,ilocano
magbadminton,tagalog
hayaan sa patay,cebuano
ibitin,tagalog
bóto,hiligaynon
butíg,hiligaynon
obra maestra,cebuano
mangingihap,cebuano
manko,tagalog
maar-aramid,ilocano
magpakagasta,tagalog
bakíro,hiligaynon
siac,ilocano
panagsaad,ilocano
malucong,ilocano
"kabalyu, kabalyus",cebuano
lemon,tagalog
rulyista,cebuano
pagseguro,cebuano
umalimura,tagalog
salimbuáng,hiligaynon
biríl,hiligaynon
lukay,cebuano
pana-op,cebuano
"pribáda, pribádu",cebuano
bakla,tagalog
pag-usisa,cebuano
diyus,tagalog
ubong,ilocano
mahigugmaon,cebuano
biga,tagalog
kutiltilin,tagalog
malapason sa balaod,cebuano
pagmamadali,tagalog
sáy-ong,hiligaynon
pag-iring,tagalog
pagbaludan,ilocano
langa,ilocano
haloán,hiligaynon
ramíg,hiligaynon
búdloy,hiligaynon
mangilak,tagalog
piko,cebuano
halápad,hiligaynon
tawhay,cebuano
Oleo,tagalog
nakayangyang,tagalog
bokón-bókon,hiligaynon
pagbuling,tagalog
"sápyod, sapyód",hiligaynon
talisik,tagalog
banniit,ilocano
rimurki,cebuano
paglaksi,cebuano
makatabla,tagalog
kabaak,tagalog
saserdóte,hiligaynon
Tindig,tagalog
gibarugan,cebuano
hilónghilóng,hiligaynon
apelasyon,tagalog
pamasiyo,cebuano
daglatin,tagalog
talumpati,tagalog
baghas,cebuano
bídang,hiligaynon
iwad,cebuano
bagáy,hiligaynon
dili inubanan,cebuano
bugítbugít,hiligaynon
liyanera,tagalog
huráp-us,hiligaynon
pugtuin,tagalog
pagsiddaawen,ilocano
úbhon,hiligaynon
gíhit,hiligaynon
nagkato,cebuano
masirib,ilocano
síal,hiligaynon
ang pagkadanghag,cebuano
palipat,tagalog
punyíta,cebuano
pagtutol,cebuano
dahilug,cebuano
Hoy! Oy!,tagalog
kalay,tagalog
iskulsuplayis,cebuano
primisyas,cebuano
tagalinis,tagalog
galingan,cebuano
gusto mo,cebuano
dipásit,cebuano
sipupunno,ilocano
sangapin,tagalog
manghimulmol,tagalog
kinahanglan,cebuano
lugru,cebuano
lumamukot,tagalog
mabalin a pagtaengan,ilocano
pakaliwa,tagalog
suból,hiligaynon
piug,cebuano
magligpit,tagalog
awanan iti paligasinan,ilocano
pagdaluhong,tagalog
geografia,ilocano
palangga,cebuano
ummong,ilocano
hinábò,hiligaynon
kasaba,tagalog
ulak,tagalog
praktikal,cebuano
almamátir,cebuano
magdaragat,tagalog
pagbansay,cebuano
hurô,hiligaynon
lumay,cebuano
ti kinaababaw,ilocano
isekreto,tagalog
lingiw,cebuano
búlig,hiligaynon
unang tikim,tagalog
ila pag-usab,cebuano
hatabû,hiligaynon
pakasuriin,tagalog
pasam-iten,ilocano
biak,tagalog
uswag,cebuano
gitíb,hiligaynon
tag-iya,cebuano
kasalipanyaan,tagalog
taklobo,tagalog
manggambala,tagalog
walang-malak,tagalog
lucot,ilocano
gamáy,hiligaynon
sagrádu,cebuano
agwasa,tagalog
magulat,tagalog
bantâ-bántà,hiligaynon
magpantay,tagalog
bangón-bángon,hiligaynon
instruksiyon,tagalog
parang bata,cebuano
tulonggon,cebuano
icalintegan,ilocano
kapalagayang-loob,tagalog
kahandaan,tagalog
barometro,cebuano
mahugong,tagalog
pahiga,tagalog
bálhong,hiligaynon
kuko sa tiil,cebuano
pag-iiniksyon,tagalog
maglibut-libot,tagalog
lak-ab,cebuano
piraso,tagalog
abonohan,tagalog
wala'y tunob,cebuano
gipanungo,cebuano
súbok,hiligaynon
sa dayag,cebuano
imprenta,cebuano
manganganyon,tagalog
burokínta,hiligaynon
espuwela,tagalog
laisen,ilocano
paaldabis,tagalog
pagsasang-usapan,tagalog
dinadapulak,tagalog
magtuos,tagalog
maliwanag,tagalog
mayamot,tagalog
badiáw,hiligaynon
magdamag,tagalog
laroy-laroy,cebuano
mahilo,tagalog
"aspirin, aspirína",cebuano
aprobetsahin,tagalog
makidlapon,cebuano
kumirsyanti,cebuano
plantsaen,ilocano
mapagkamalan,tagalog
sosoón,hiligaynon
tíaw,cebuano
siriáles,hiligaynon
kabalinuhan,tagalog
galingán,hiligaynon
kapin,cebuano
púdul,cebuano
kilo,tagalog
sistematiko,tagalog
alun-alon,tagalog
indayon,ilocano
kuno,tagalog
panaganus,ilocano
lígid,cebuano
patao,tagalog
búntis,hiligaynon
allilaw,ilocano
pingkit,tagalog
sánggit,hiligaynon
obituwaryo,tagalog
anidrita,tagalog
iba sa,tagalog
casillas,ilocano
hinák-hinák,hiligaynon
paglapa,tagalog
naapal,ilocano
maglining,tagalog
abugáda,cebuano
pagpung-ot,cebuano
latiguhin,tagalog
pabilo,cebuano
tulya,tagalog
bungang-kahoy,tagalog
nayt klab,tagalog
pag-inog,tagalog
búngkag,hiligaynon
lanatad,cebuano
bumulúksing,hiligaynon
katatagan,tagalog
sigun,cebuano
punungguro,tagalog
pagdali,cebuano
balikatin,tagalog
nidnid,cebuano
umagit-it,tagalog
katin-awan,cebuano
sényas,hiligaynon
nakahimpil,tagalog
kumastigo,tagalog
alalay,tagalog
gibantog,cebuano
binág-bínag,hiligaynon
bidlì,cebuano
cabaret,ilocano
riribuc gapu iti buteng,ilocano
dissom taeng,ilocano
"sáblay, sabláy",hiligaynon
naglisod,cebuano
súmbad,hiligaynon
tantagaytay,ilocano
papaw,tagalog
asug,ilocano
imtuoden,ilocano
kalhay,cebuano
balotanóg,hiligaynon
panalángin,cebuano
lugos,cebuano
rekwerdo,tagalog
tamay,cebuano
bumangkulong,tagalog
pilay,cebuano
sulanggà,cebuano
bilbil,cebuano
angat,cebuano
bigawin,tagalog
pampasok,tagalog
malisya,cebuano
húmpil,hiligaynon
agsagsagawisiw,ilocano
palakulin,tagalog
para,tagalog
hílwak,hiligaynon
hanguyús,hiligaynon
pagsakyod,tagalog
sakto na,cebuano
pangalubaybay,tagalog
lana,cebuano
tuwas,cebuano
pumapatak-patak,tagalog
balatian,cebuano
rabót,hiligaynon
audisyon,tagalog
bonbon,cebuano
panganganak,tagalog
balányos,hiligaynon
dibuhuhan,tagalog
bábit,cebuano
albatita,tagalog
gúyud,hiligaynon
pagpapabinhi,tagalog
maghatid,tagalog
pagsesensura,tagalog
pudno unay,ilocano
úhaw,hiligaynon
takdà,cebuano
batâ-bátà,hiligaynon
hubung,cebuano
timaan,cebuano
kalsonsilyo,tagalog
bandilyu,cebuano
haluag og kasingkasing,cebuano
balitok,tagalog
nacalemmeng,ilocano
sintinil,cebuano
makapilit,tagalog
bagyu,cebuano
ukol,tagalog
wányan,hiligaynon
sangkap,cebuano
buláwan,hiligaynon
balay kaserahan,cebuano
wala mahalin,cebuano
peregrinasyon,tagalog
binhiin,tagalog
sina,tagalog
igiit,tagalog
kabataan,cebuano
tambak,cebuano
daob,cebuano
nadawel,ilocano
sa patay,cebuano
pagkabihag,tagalog
manuso,tagalog
bakwitan,tagalog
nagtaud,ilocano
súlib,hiligaynon
paitin,tagalog
dansir,cebuano
"kindir, kindirgartin",cebuano
búngkol,hiligaynon
maghilahod,tagalog
suknib,cebuano
makaabala,tagalog
magpairog,tagalog
ingà,cebuano
kilísiw,cebuano
magsalitan,tagalog
nalucneng,ilocano
paybut,cebuano
"gúal, gú-al",hiligaynon
sákbay,hiligaynon
bánsi,hiligaynon
pagkab-ot,cebuano
pumikot,tagalog
hámbil,hiligaynon
balasak,tagalog
mga tawo,cebuano
distrito,ilocano
sáblaw,hiligaynon
sindakál,hiligaynon
sayad,tagalog
kadaghanan,cebuano
sinutíl,hiligaynon
gantuung,cebuano
paggamit,cebuano
bringhawus,cebuano
sulingót,hiligaynon
ug-ug,cebuano
unlapian,tagalog
karayagan,tagalog
langisan,tagalog
kalunggo,cebuano
balansíkul,cebuano
makapagtaka,tagalog
sunug,cebuano
ilasin,ilocano
alas dose,cebuano
nanimaho,cebuano
pagpapakabanal,tagalog
"matang, mátang",cebuano
nagumon,cebuano
barít,hiligaynon
tawsyu,cebuano
panagtedted,ilocano
nariribuc,ilocano
mapanid-an,cebuano
adlip,cebuano
lungsod,cebuano
tamos,cebuano
balíbud,cebuano
pamimingi,tagalog
hilú,cebuano
bíking,cebuano
kusina,cebuano
puripikador,tagalog
balità,cebuano
benesyana,tagalog
gasa,cebuano
magkaingay sa paghingi,tagalog
madanglog,cebuano
pagdapo,tagalog
nalabaga,ilocano
bakong,tagalog
galipen,ilocano
rabanos,ilocano
ráyos,hiligaynon
hingák-hingák,hiligaynon
hustísya,hiligaynon
káwat,cebuano
híkaw,cebuano
ungos,tagalog
sanayin,tagalog
sentinéla,hiligaynon
bayó-báyo,hiligaynon
"wág-wag, wágwag",hiligaynon
among,tagalog
suud,cebuano
ribusól,hiligaynon
yukyok,tagalog
pandaras,tagalog
pagsugkay,cebuano
nagbayad buhis,cebuano
bagnud,cebuano
tsík,cebuano
úbas,hiligaynon
tawugtawug,cebuano
pigsa,ilocano
búngaw,hiligaynon
di-malilimutan,tagalog
nakikita,tagalog
kalburuhin,tagalog
katigayonan,cebuano
suhulan,tagalog
nindot,cebuano
casin-sin,ilocano
rucoden,ilocano
búso,hiligaynon
produkto,cebuano
atub,cebuano
dangat,cebuano
babalaan,tagalog
ti agpapatrabajo,ilocano
nakabuhi,cebuano
timaan,cebuano
bingayen,ilocano
pagwadan,ilocano
urakulo,tagalog
dambana,tagalog
sumali,tagalog
giugmad,cebuano
nabanayat a panagasao,ilocano
pagdawat,cebuano
tukso,cebuano
anag,ilocano
lúnit,cebuano
gagara,ilocano
guwapo,cebuano
hulgà,cebuano
yutyut,cebuano
barbíru,cebuano
kawalang-laman,tagalog
bahól,hiligaynon
igwad,cebuano
pagtatanda,tagalog
bolero,tagalog
sabúlag,cebuano
inom,cebuano
nambir,cebuano
úmul,cebuano
buhokán,hiligaynon
mahinang klase,tagalog
sa kahangturan,cebuano
síksik,hiligaynon
butasan,tagalog
humakot,tagalog
sala,tagalog
di-madalumat,tagalog
surat,ilocano
iladuhin,tagalog
paglagubluban,tagalog
sibátse,hiligaynon
pansara,tagalog
manlambot,tagalog
sa sulod,cebuano
intirbintur,cebuano
barókoy,hiligaynon
hingalít,hiligaynon
sangaili,ilocano
tinip,tagalog
dingding,cebuano
iskiníta,cebuano
"labhu, labhù",cebuano
walang-batayan,tagalog
kiay,tagalog
ngumayngay,tagalog
agtiritir,ilocano
tukmang,cebuano
dampuug,cebuano
matan-aw,cebuano
bumerang,tagalog
magkaubay,cebuano
hanggang,tagalog
apasyonado,tagalog
pakitiw,cebuano
guláng,hiligaynon
úkbong,hiligaynon
pantasma,cebuano
magbagwis,tagalog
kubútan,cebuano
daot,cebuano
sentigramo,cebuano
puson,tagalog
calpasan,ilocano
sakab,cebuano
halayáon,hiligaynon
tabakeria,tagalog
kinapudno,ilocano
húmlad,hiligaynon
dosyentos,tagalog
inggit nga tingog,cebuano
únur,cebuano
pamamalagda,ilocano
imbitahan,tagalog
bádlò,hiligaynon
sandanan,cebuano
maligoy,tagalog
bísyo,hiligaynon
lungas,cebuano
pagbilinan,tagalog
rábrab,hiligaynon
ihimaton,tagalog
hala,cebuano
sustento,cebuano
makanulaw,cebuano
lambong,tagalog
dili ingnon,cebuano
suyopan,cebuano
pagmamanda,tagalog
wala'y kabalaka,cebuano
húkas,cebuano
pagnanana,tagalog
katu,cebuano
sa isang taon,tagalog
sabudán,hiligaynon
balangbalang,cebuano
makaibo,tagalog
kabisote,tagalog
lumì,cebuano
panagpaimbag,ilocano
di-pagkakawangis,tagalog
kontrabandista ng alak,tagalog
pagkapoy,cebuano
itikan,tagalog
tikláub,cebuano
asnan,tagalog
pagsalikway,cebuano
hásò,hiligaynon
pagkayari,tagalog
hinalúp,hiligaynon
patol,tagalog
"hambaléra,-o",hiligaynon
pagmamana,tagalog
naalicuteg,ilocano
magpagulang,tagalog
gimáw-gímaw,hiligaynon
"lubay, lúbay",cebuano
naverde,ilocano
salukot,tagalog
sinô,hiligaynon
balintang,cebuano
yáspì,hiligaynon
magpauwi,tagalog
ekuwador,tagalog
magrebolusyon,tagalog
Berilyum,tagalog
bungáyon,hiligaynon
ul-ul,cebuano
birete,tagalog
madrina,cebuano
rámos,hiligaynon
mahiyangan,tagalog
ginansiya,cebuano
garabáhan,hiligaynon
habing-kamay,tagalog
naisupadi iti caaduan,ilocano
riribuken,ilocano
supang,cebuano
panagána,cebuano
lana,tagalog
gilinháw-an,hiligaynon
mag-inuman,tagalog
senyór,hiligaynon
magrasyon,tagalog
wasi,cebuano
mariskal,tagalog
úkut,hiligaynon
paghahandog,tagalog
gáspang,hiligaynon
ngilu,cebuano
daiten,ilocano
grapopono,tagalog
pagkabuhay,tagalog
mapulpol,tagalog
pammati,ilocano
napakataas na gusali,tagalog
matayangkad,tagalog
pag-eebakwet,tagalog
holágting,hiligaynon
tandà,cebuano
mensahe,tagalog
barís,hiligaynon
tapal,cebuano
paghikahusin,tagalog
siménto,hiligaynon
umuko,tagalog
mabaw,cebuano
anting-anting,cebuano
pangangalumbaba,tagalog
pulso,ilocano
tuhog,tagalog
átis,cebuano
pakikisali,tagalog
tihaw,cebuano
máma,cebuano
búswit,hiligaynon
gárang,hiligaynon
nakasasakit,tagalog
kinsa,cebuano
mapadako,cebuano
háb-on,hiligaynon
sikának,hiligaynon
pipi,tagalog
tacrot,ilocano
ikumpas,tagalog
law-ang,ilocano
eclipse,ilocano
umimik,tagalog
lumaslas,tagalog
tibok ng dibdib,tagalog
dan-aw,ilocano
troso,ilocano
siéte,hiligaynon
papagpasanin,tagalog
usang lalaki,tagalog
bautísmo,hiligaynon
hanungúd,hiligaynon
daplus,cebuano
pambukas ng lata,tagalog
capataz,ilocano
isponsor,cebuano
masacup,ilocano
bakasyunan,tagalog
pagsapulan,ilocano
kutitap,tagalog
balay abtanan,cebuano
paglayas,cebuano
bassit,ilocano
balíkas,cebuano
tayong,tagalog
patulin,tagalog
kaligatan,tagalog
nateng,ilocano
mamingawon,cebuano
ulugbáti,hiligaynon
bírik,hiligaynon
naayat,ilocano
pag-imbutan,tagalog
satin,ilocano
usahay,cebuano
pamitinan,tagalog
manimdim,tagalog
suríb,hiligaynon
kuyayì,cebuano
tagapamahala,tagalog
pakan,tagalog
raráng,hiligaynon
hulo,tagalog
turno,tagalog
tagustus,cebuano
lawod,cebuano
linggitan,tagalog
sala,cebuano
aramid a dakes,ilocano
nacapuy,ilocano
katumanan,cebuano
sikdul,cebuano
bitamina,cebuano
hilagpos,tagalog
mutur,cebuano
pakikianib,tagalog
balikan,tagalog
sindal,tagalog
buyang,cebuano
bakabáka,cebuano
ugám,hiligaynon
ambulog,tagalog
butirus,cebuano
tarik ng burol,tagalog
masiste,tagalog
kolor ubi,cebuano
siki,tagalog
bungisngis,tagalog
bahaw,tagalog
harawaháw,hiligaynon
habolan,cebuano
torete,tagalog
katimpa,cebuano
punyímas,cebuano
hugár,hiligaynon
burángkol,hiligaynon
ig-ágaw,cebuano
salamat na lang,cebuano
darandang,tagalog
tágun,cebuano
wílwil,hiligaynon
búyhan,hiligaynon
damagen,ilocano
siyam,cebuano
piruypiruy,cebuano
boy-ónan,hiligaynon
matag usa,cebuano
pasáyan,cebuano
lispu,cebuano
medalia,ilocano
cama,ilocano
bagas ti linaget,ilocano
maghintayan,tagalog
katsílà,cebuano
madanihon,cebuano
camatis,ilocano
eskaparate,cebuano
penneken,ilocano
bannog,ilocano
relasyon,cebuano
ambaan,tagalog
puása,cebuano
búgsay,hiligaynon
impas,cebuano
ámut,cebuano
pagbuot,cebuano
kútub,cebuano
garáy,hiligaynon
almohada,tagalog
wángwang,hiligaynon
bukiran,cebuano
paningog,cebuano
bádhà,hiligaynon
kágiw,cebuano
masakit,ilocano
tagpo,tagalog
komisyonado,cebuano
unguy,cebuano
pagalitin,tagalog
ngayon,tagalog
pagsabit,cebuano
bandila,tagalog
komporme,tagalog
abtik,cebuano
retokihin,tagalog
pagalawin,tagalog
ukón,hiligaynon
penitente,tagalog
longganisa,ilocano
balon ng langis,tagalog
nagwas,cebuano
kangga,cebuano
tornilyo,tagalog
isadambana,tagalog
pagkasunok,tagalog
maipagpapaumanhin,tagalog
indák,cebuano
"singganán, singganón",hiligaynon
patunguhin,tagalog
impantirya,tagalog
tayabutab,tagalog
pampalusog,tagalog
gahîgahî,hiligaynon
"sián-sían, siyán-síyan",hiligaynon
pinilyo,cebuano
salapidin,tagalog
wasdak,cebuano
pagsasaysay,tagalog
dyul,tagalog
talaan sa mga tigpili,cebuano
itum,cebuano
bulatin,tagalog
paglinis,cebuano
anus,ilocano
magubat,tagalog
magpalaki,tagalog
kapain,tagalog
dekadente,tagalog
ságda,hiligaynon
managano,tagalog
pagkadulas,tagalog
saoló,hiligaynon
sektor,tagalog
súngkud,hiligaynon
uban pa lain pa,cebuano
sáli,hiligaynon
libro,ilocano
bakikaw,cebuano
disimuladu,cebuano
pagtoka,tagalog
galeriya,cebuano
hain,cebuano
istip-in,cebuano
pag-aanyaya,tagalog
natibidad,cebuano
gúnut,hiligaynon
tarangkahan,tagalog
suklay,cebuano
pukulan,tagalog
agbáti,cebuano
kinatalged,ilocano
sapá-sapá,hiligaynon
pantsak,cebuano
pagkuha,cebuano
bulungán,hiligaynon
pagkasumpay,cebuano
tuladen,ilocano
kinahantungan,tagalog
naipagisu,ilocano
di-kapani-paniwala,tagalog
maghigpit,tagalog
baláding,hiligaynon
ipamasko,tagalog
pasunod,tagalog
pagsalaysayin,tagalog
nakahiris,tagalog
kansiyun,cebuano
makalawa,tagalog
glorya,tagalog
súngì,cebuano
tukbiion,cebuano
kasimpantay,tagalog
kinalaman,tagalog
islindir,cebuano
paggisi,cebuano
síngkaw,hiligaynon
lúsub,cebuano
sangkay,cebuano
balariid,tagalog
mahati,tagalog
minsan santaon,tagalog
pagkapapa,tagalog
luwangan,tagalog
sipsip,cebuano
bisan og,cebuano
ubús-ubús,hiligaynon
glóbo,hiligaynon
batí-báti,hiligaynon
súblì,hiligaynon
warâ ti,hiligaynon
mabination,cebuano
insayo,tagalog
bangirít,hiligaynon
lubo,tagalog
tapsaw,tagalog
lumangutngot,tagalog
makatarungan,tagalog
dubli,tagalog
lagyo,cebuano
tayuan,tagalog
Dios,ilocano
paipaw-it,ilocano
bikas,tagalog
holonán,hiligaynon
agbasa,ilocano
asunting,cebuano
singpet,ilocano
huyáb-húyab,hiligaynon
iksplikar,cebuano
manupil,tagalog
indyuy,cebuano
agridulse,tagalog
hubog-hubog,cebuano
tsalíku,cebuano
alak,tagalog
sila ba?,cebuano
ipagsadya,tagalog
bakákon,hiligaynon
ganghaan,cebuano
patola,tagalog
tigpanundog,cebuano
gipasulpot,cebuano
bisan asa,cebuano
madusa,ilocano
horô,hiligaynon
binabáye,hiligaynon
pannacaitublac,ilocano
pagsalungat,tagalog
pinggan,tagalog
kinasanto,ilocano
sinumbungánay,hiligaynon
pagkat-on,cebuano
paskuwas,cebuano
pagkakapundar,tagalog
pagwawalang-imik,tagalog
pupulsuhan,tagalog
puec,ilocano
magpuno,tagalog
bombardéro,hiligaynon
kasayuran,cebuano
paglalapit,tagalog
pakanasain,tagalog
masangay,tagalog
amurádu,cebuano
lúbu,cebuano
panagsimpa,ilocano
mag-abuso,tagalog
pakstrat,tagalog
daan,ilocano
kusog,cebuano
sámba,hiligaynon
hinámpas,hiligaynon
n lipay-lipay (palay-palay),ilocano
di-marapat,tagalog
sagiwatâ,hiligaynon
huyuhoy,cebuano
márang,cebuano
bitaw,cebuano
panangipatacder,ilocano
paglakta,tagalog
marunaw,ilocano
kala,tagalog
aramid,ilocano
paga,tagalog
portera,tagalog
sim-ung,cebuano
sakbit,cebuano
tiratíra,cebuano
magpangiti,tagalog
pammasagid,ilocano
dyes,cebuano
ribetihan,tagalog
hugusan,tagalog
tinuyo,cebuano
bóya,hiligaynon
di-mahalaga,tagalog
caruotan,ilocano
siil,tagalog
buraen,ilocano
larawan,cebuano
manika,tagalog
taklub,cebuano
magasta,tagalog
mangiwanewan a wayat,ilocano
awahi,cebuano
hinápal,hiligaynon
túhud,cebuano
pagbabanbuhin,tagalog
"hingóko, hingokó",hiligaynon
buhís,hiligaynon
palamnan,tagalog
kinalunisan,tagalog
idayaw,ilocano
sarób,hiligaynon
sóndol,hiligaynon
isususpadi,ilocano
kiliti,tagalog
malangoy,tagalog
dampilas,cebuano
masinugtanon,cebuano
dili magawi,cebuano
huluin,tagalog
magsalimuot,tagalog
naan-anay,ilocano
parsyal,tagalog
iksaminador,tagalog
mga sinulat nga pulong,cebuano
tumoy,cebuano
butakál,hiligaynon
pinakamalapit,tagalog
ricna,ilocano
pagkauna,tagalog
hágyon,hiligaynon
destileria,tagalog
lupes,ilocano
bódbod,hiligaynon
hirípo,hiligaynon
pagpahayag,cebuano
moromoro,tagalog
rítrit,hiligaynon
tampihak,cebuano
hinúgay,hiligaynon
silahánon,hiligaynon
pagtiro,cebuano
tanda,tagalog
gusáno,hiligaynon
pag-usisa,cebuano
risidin sirtipikit,cebuano
hilahid,tagalog
ikstiriyur,cebuano
managdadael,ilocano
mahimayaon,cebuano
bolibol,tagalog
bailarína,hiligaynon
payagan,cebuano
lipa,tagalog
walâ sing,hiligaynon
hinurángus,hiligaynon
kapritsosa,tagalog
Noviembre,ilocano
suliranin,tagalog
saan nga agriro,ilocano
nido,tagalog
kita ti panggedan,ilocano
gneisiko,tagalog
kulabting,cebuano
donasyon,tagalog
lagpad,cebuano
debatihan,tagalog
matandang dalaga,cebuano
kinacuneng,ilocano
alternatibo,tagalog
mahitungod sa panisdis,cebuano
ngumato,ilocano
hibik,tagalog
pagmimithi,tagalog
káraw,cebuano
súlud,hiligaynon
simutin,tagalog
amumúng,cebuano
pakikipagsapakatan,tagalog
lúmù,cebuano
hilig,cebuano
lumawit-lawit,tagalog
pagkaon,cebuano
Lutesyum,tagalog
sipol,tagalog
bisaklat,tagalog
bunâ,hiligaynon
landigaman,cebuano
bulatlatin,tagalog
gáwas,hiligaynon
dangal,tagalog
saylopon,tagalog
garbansos,cebuano
laroy-laroy,cebuano
yukos,tagalog
isig,tagalog
ulúhan,hiligaynon
pangiawas,cebuano
pigit,cebuano
udót-udót,hiligaynon
kamalig,tagalog
Haba,tagalog
uplak,tagalog
walwag,cebuano
húnus,cebuano
húlum,hiligaynon
pagpapakunwari,tagalog
basahon,cebuano
maratun,cebuano
útak,cebuano
almindras,cebuano
biguin,cebuano
lumulupyo,cebuano
asanyas,cebuano
hintayin,tagalog
bagtas,tagalog
paricut,ilocano
hataas pa,cebuano
sampot,tagalog
makina,cebuano
ikanapulog walo,cebuano
parapu,cebuano
buhia,tagalog
kinahangian,cebuano
mapahina,tagalog
natured; saan a maputeng,ilocano
pagkaputol,cebuano
halatagon,cebuano
ganháan,hiligaynon
bitugul,cebuano
kulago,tagalog
mailap,cebuano
baong,cebuano
pagsagadsad,tagalog
mabuway,tagalog
pagpunas,ilocano
dandani,ilocano
húblas,hiligaynon
ulianun,cebuano
Martes,ilocano
birahin,tagalog
gúnit,hiligaynon
di-halata,tagalog
bugkos,cebuano
isalingit,tagalog
gayon din,tagalog
tusmud,cebuano
silóng,hiligaynon
kaguol,cebuano
kubtangas,tagalog
sa dagat,cebuano
húrung,hiligaynon
lupon,tagalog
lumpag,cebuano
subuken,ilocano
ti panagbaliw ti ricna,ilocano
agwa-bendita,tagalog
king sayis,cebuano
himát-on,hiligaynon
dili man,cebuano
normal,tagalog
armonia,tagalog
baylo,cebuano
huríng-húring,hiligaynon
gris,tagalog
makinaadmanon,cebuano
panangaasi,ilocano
abakada,cebuano
pagbabalatkayo,tagalog
persiyana,tagalog
hatók-hatók,hiligaynon
minur diidad,cebuano
lúrung,cebuano
sunúd-súnud,hiligaynon
bumbong,tagalog
magbaak,tagalog
sinamar,ilocano
ipacaamo,ilocano
bokabuláryo,hiligaynon
kunsirtu,cebuano
katingalahan,cebuano
kunsumisiyun,cebuano
pagpapahaba,tagalog
túngan,cebuano
aparisyun,cebuano
paglarawan,cebuano
sutla,tagalog
organiko,tagalog
taya,cebuano
lumus,cebuano
nadayaw,ilocano
antalahin,tagalog
napigsa,ilocano
kalàkalà,cebuano
rúgon,hiligaynon
masupsupon,cebuano
primyu,cebuano
bulador,tagalog
langay-langay,cebuano
alamat (mga -),tagalog
gara,tagalog
magkaugma,tagalog
alinlangan,tagalog
ngalngalen,ilocano
banág,hiligaynon
lumiwanag,tagalog
sabyag,cebuano
sáng-at,hiligaynon
tinahian,cebuano
ward,cebuano
prumininti,cebuano
bistayin,tagalog
banlikan,tagalog
panagisucat,ilocano
balagtíngon,hiligaynon
sakót,hiligaynon
bukàkà,cebuano
gináhud,hiligaynon
magbatbat,tagalog
hanghang,cebuano
pako,tagalog
anod sa dagat,cebuano
gisíng-gisingán,hiligaynon
cuarta,ilocano
lablab,tagalog
tistis,tagalog
hapon,tagalog
pag-inamigohay,cebuano
rádyo,hiligaynon
agsanod,ilocano
sabít,hiligaynon
pintigin,tagalog
bálhot,hiligaynon
ribisar,cebuano
kalátung,cebuano
ababaw,ilocano
kumanan,tagalog
hadlukan,cebuano
mabulahaw,tagalog
silbáto,hiligaynon
makapag-ingat,tagalog
pasilab,cebuano
brískas,hiligaynon
siyuting,tagalog
kuntadur,cebuano
ipautang,ilocano
salisal,ilocano
isubli,ilocano
bertigo,tagalog
batikusin,tagalog
pagay-ayaman,ilocano
malao't madali,tagalog
klaustropobya,tagalog
putot,cebuano
pingkì,cebuano
pileten,ilocano
perahan,tagalog
sagnunut,cebuano
kon mao,cebuano
bunót,hiligaynon
buhunbúhun,cebuano
naculot,ilocano
dayuhan,cebuano
husto,cebuano
nakatimbol,tagalog
suwit sa elektrisidad,cebuano
míting,cebuano
tasar,cebuano
lúray,cebuano
halad,cebuano
lami,cebuano
nalaca a madadael,ilocano
nalawag,ilocano
mangkakalot,tagalog
batong-panulok,tagalog
palabasin,tagalog
lúpug,cebuano
disko,tagalog
agtagtagilaco,ilocano
húraw,hiligaynon
hulmahan,cebuano
balutá-i,hiligaynon
"batáng, bátang",hiligaynon
awang,cebuano
buriskas,cebuano
uktába,cebuano
pagdawdaw,tagalog
ginnasanggasat,ilocano
kapak,tagalog
Hayan,tagalog
banquera,ilocano
ganas,ilocano
panangpilit,ilocano
diablo,ilocano
fiansa,ilocano
báilo,hiligaynon
magpalubha,tagalog
Huling Hapunan,tagalog
kagahaman,tagalog
pag-usbaw,cebuano
súnyod,hiligaynon
haláhad,hiligaynon
kalamay,cebuano
pannacatiliw,ilocano
salíli,hiligaynon
adto,cebuano
magpaalibadbad,tagalog
litù,cebuano
dibdibin,tagalog
tokador,tagalog
ulandis,cebuano
panig-ingnan,cebuano
kula,cebuano
hilapít,hiligaynon
kirogen,ilocano
pagmatuod,cebuano
butíngting,hiligaynon
kalanda,tagalog
pagpapatawa,tagalog
lábil,cebuano
panagtipon,cebuano
pagpagawal,cebuano
paglaktaw,tagalog
casayaatan,ilocano
ginka,hiligaynon
kiskisin,tagalog
karig,tagalog
magkotse,tagalog
kalkag,cebuano
limbong,cebuano
mamalhin,cebuano
búgsok,hiligaynon
kerubin,tagalog
damiha,tagalog
nigusyu,cebuano
"aritmitika, aritmitiku",cebuano
silap,ilocano
salaulain,tagalog
batis,tagalog
binagay nga sinulat,cebuano
matud-anon,cebuano
reflector,tagalog
baskad,cebuano
nangipatacder,ilocano
balatikál,hiligaynon
balasúbas,hiligaynon
saysay,cebuano
agdayaw,ilocano
maninirko,cebuano
ang-ang,cebuano
hugnù,cebuano
bagólbol,hiligaynon
panahunon,cebuano
nalinteg,ilocano
hilisgutan,cebuano
sáhà,hiligaynon
binugkosán,hiligaynon
talaan,cebuano
sukdol,tagalog
kusgan,cebuano
pagkakatali,tagalog
koniho,cebuano
asmatika,tagalog
hurág-ol,hiligaynon
hagunoy,tagalog
klarete,tagalog
hiwi,cebuano
saklang,tagalog
kumirot,tagalog
bangkang-may-katig,tagalog
kuskusan ng paa,tagalog
"suhung, súhung",cebuano
bata,cebuano
ugaling-bata,tagalog
di-matinag,tagalog
walang-numero,tagalog
kaugat,tagalog
pangimbísug,cebuano
tagsa-tagsa,cebuano
sopa,cebuano
balita,tagalog
potahe,cebuano
ungguwento,tagalog
naanus,ilocano
kustabularyo,tagalog
kaaslum,cebuano
piskalya,tagalog
dundun,cebuano
tabíki,cebuano
paghakot,cebuano
maghawan,tagalog
lingap,tagalog
bawasin,tagalog
búgrong,hiligaynon
mabait,cebuano
hagid,cebuano
umuk-ok,tagalog
buy-ud,cebuano
tughok,cebuano
butigón,hiligaynon
addaan calintengan,ilocano
bumagal,tagalog
atup,cebuano
magpungos,tagalog
mahipuan,tagalog
kumana,tagalog
madaldal,tagalog
hingumán,hiligaynon
yudyud,cebuano
hatinig,tagalog
magdadasig,cebuano
karganti,cebuano
bobón,hiligaynon
hilurin,tagalog
gótgot,hiligaynon
turnilyu,cebuano
grasyosa,tagalog
padackelen,ilocano
post opissea,cebuano
hangáwà,hiligaynon
timonel,tagalog
kural,cebuano
ibales,ilocano
busón,hiligaynon
enkarnasyon,tagalog
maputi nang bahagya,tagalog
rabaw,ilocano
makabaton,cebuano
pagkamapanlikha,tagalog
usikan,cebuano
pag-aayuno,tagalog
id-id,cebuano
silap,ilocano
pagtamay,cebuano
sabang,tagalog
baimbi,tagalog
magkunot,tagalog
nasawi,tagalog
"galyíta, galyítas",cebuano
salugsugin,tagalog
binhuron,cebuano
unsiyon,tagalog
bóhos,hiligaynon
hákad,hiligaynon
dala,cebuano
ting-init,cebuano
dilingkwente,tagalog
damili,cebuano
tiwasin,tagalog
búslan,hiligaynon
tugdun,cebuano
tuytuy,cebuano
paglitok,cebuano
"soltéro, soltéra",hiligaynon
kardinal,tagalog
ulutwásan,hiligaynon
tinu-od,cebuano
dáyak,cebuano
tagbagu,cebuano
medias ti babai,ilocano
tibak,tagalog
marilag,tagalog
tayukod,tagalog
ulmog,ilocano
panimpalad,cebuano
sakyud,cebuano
magkumunyon,tagalog
menswal,tagalog
sa gula,cebuano
arang-arang,cebuano
korta,cebuano
loudespiker,tagalog
kuniktádu,cebuano
kánat,cebuano
itaghoy,tagalog
magpulut-gata,tagalog
hugáb,hiligaynon
kawkus,cebuano
aluhipan,cebuano
pungkay,cebuano
tamhan,cebuano
panagputed,ilocano
kontrabida,tagalog
"básia, basiá",hiligaynon
maghinto,tagalog
bumalumbon,tagalog
masakit,ilocano
sírip,hiligaynon
panglipong,cebuano
puno sa balili,cebuano
puhunan,tagalog
masanghid,tagalog
magluku-lukuhan,tagalog
suroten,ilocano
ganti,cebuano
lagnatin,tagalog
di-maawain,tagalog
gákit,hiligaynon
tal-up,cebuano
mabgas,cebuano
masansan,ilocano
sicucusilap,ilocano
"supirintindint, supirintindinti",cebuano
panangited,ilocano
magpasasa,tagalog
plantsa,tagalog
nakatimpuho,tagalog
magkaalinsabay,tagalog
halikwat,tagalog
kabagayan,tagalog
tugunan,tagalog
udyúykuy,hiligaynon
naragsac nga isasangpet,ilocano
kontrabando,tagalog
gótgot,hiligaynon
untugin,tagalog
malayung-malayo,tagalog
matakid,tagalog
paghadlang,tagalog
gulimgim,tagalog
kabligráma,cebuano
katawa-tawa,tagalog
gabinete,ilocano
káput,cebuano
pavo,ilocano
karatnan,tagalog
uhay,cebuano
parti,cebuano
elaborasyon,tagalog
kitíkut,cebuano
pag-aaboy,tagalog
niluto,cebuano
sa miaging adlaw,cebuano
uluyogón,hiligaynon
blangku,cebuano
pagsuway,cebuano
usbon,cebuano
humá,hiligaynon
kahabaan,tagalog
peymaster,tagalog
dakup,cebuano
pasaganain,tagalog
gamó,hiligaynon
gaod,cebuano
I.O.U.,cebuano
mabanlawan,tagalog
nagtimbukel,ilocano
malasat,ilocano
kaigoan,cebuano
gisádo,hiligaynon
kalit,cebuano
hághag,hiligaynon
magkusa,tagalog
Salamat!,tagalog
pagdedemanda,tagalog
mangunkong,cebuano
ibati,ilocano
makalipat,tagalog
sangcapirit,ilocano
kubung,cebuano
pahapdiin,tagalog
mamigat,tagalog
kílaw,cebuano
sangkatauhan,tagalog
nacudrep,ilocano
dala-dalahan,tagalog
upat,cebuano
Glorya Patri,tagalog
palhug,cebuano
kapitol,tagalog
magalang,cebuano
hatî,hiligaynon
saup,cebuano
bugírit,cebuano
kaimítu,cebuano
tarong,cebuano
rittuoken,ilocano
himánwa,hiligaynon
lutuon,cebuano
aparato,cebuano
"segúndo,-a",hiligaynon
halagunús,hiligaynon
memorya,tagalog
gusípad,hiligaynon
"sásà, sâsâ",hiligaynon
gasa,cebuano
haykap,tagalog
paghalbot,tagalog
ulúnan,hiligaynon
nuwang,tagalog
manggahan,tagalog
masa,cebuano
sáble,hiligaynon
pag-imbestiga,tagalog
himaymay,tagalog
panghalaga,tagalog
bulalato,tagalog
hugádu,cebuano
kalinangan,tagalog
sinág,hiligaynon
kilígù,cebuano
hoyót-hóyot,hiligaynon
tuntonen,ilocano
pontipikado,tagalog
ulútngan,hiligaynon
riták,hiligaynon
bugnutin,tagalog
pahuway,cebuano
sída,hiligaynon
idolatriya,tagalog
bida,tagalog
baráw,hiligaynon
lumpia,cebuano
pína,cebuano
yárì,cebuano
limon,tagalog
tindera,cebuano
kinapigsa,ilocano
kuhaan,cebuano
gambi,tagalog
gím-ang,hiligaynon
magdinamita,tagalog
pagkaapi,tagalog
masiguro,tagalog
aguuyong,ilocano
"hitíng-híting, hitíng-hitíng",hiligaynon
kanato,cebuano
kabuayan,tagalog
mamayan,tagalog
aporohan,tagalog
ruaran,ilocano
kapulisan,cebuano
kandila,cebuano
kaulawan,cebuano
daglat,tagalog
kanátù,cebuano
wala labwi,cebuano
hiláy,hiligaynon
awisen,ilocano
híkot,hiligaynon
sálbid,hiligaynon
nakasabog,tagalog
hágal,hiligaynon
insayid dyab,cebuano
dusil,cebuano
pag-agaw,cebuano
krak,cebuano
panumbas,tagalog
mapatanim,tagalog
halilib-un,cebuano
napanglaw,ilocano
rámas,hiligaynon
hapsay,cebuano
mamupog,tagalog
gita ti aso,ilocano
pabalatkayo,tagalog
buhi,cebuano
tingsi,cebuano
butikin,tagalog
pumingas,tagalog
pyangà,cebuano
ugoy,tagalog
salin,cebuano
wahak,tagalog
wala'y bayad,cebuano
panagway,cebuano
rásras,hiligaynon
senyoríto,hiligaynon
banayón,hiligaynon
lumaban,tagalog
pagmamanman,tagalog
kinamanagbain,ilocano
líyu,cebuano
súbsub,hiligaynon
sayón,hiligaynon
lugdat,cebuano
kasakit,cebuano
gusto,cebuano
gupun,cebuano
búdhì,hiligaynon
bitamina,tagalog
osurero,ilocano
salipadpad,tagalog
kigindig,cebuano
pagtamay,cebuano
burlas,tagalog
hapakin,tagalog
maghatag,cebuano
manghawa,tagalog
sugapa,tagalog
sabid,tagalog
papagsaliwin,tagalog
eksportasyon,tagalog
pagpapabulaan,tagalog
siríu,hiligaynon
tsupon,tagalog
panagmaymaysa,ilocano
nyutral,cebuano
panagpaadu iti mula,ilocano
búklang,hiligaynon
tig-usisa,cebuano
maag,ilocano
sarórot,hiligaynon
"sakayánhúlas, sakayán-húlas",hiligaynon
kimis,tagalog
verbo,ilocano
balískad,hiligaynon
surot,tagalog
pag-ugog,tagalog
langoy,cebuano
minyatura,tagalog
hóom,hiligaynon
mangiturong,ilocano
daluhungin,tagalog
magkabalahibo,tagalog
bukbok,cebuano
paggaras,cebuano
tukgaw,cebuano
tukod,cebuano
baldokín,hiligaynon
suka,cebuano
di-kasali,tagalog
paghandom,cebuano
sira-sira ang ulo,tagalog
pasagwain,tagalog
pusit,cebuano
panggugol,cebuano
paglulunsad,tagalog
naregget,ilocano
itom maitom,cebuano
nakalilibang,tagalog
pirasong yuta,cebuano
hángir,cebuano
pagkaikli,tagalog
kotse,tagalog
segundo anyo,cebuano
buntisan,tagalog
maisupiat iti linteg,ilocano
takip ng makina,tagalog
kintal,tagalog
tawong maalam,cebuano
tulukibon,cebuano
manugang a lalaki,ilocano
pakwan,tagalog
guyá,hiligaynon
buyásyas,hiligaynon
pagputed iti ruot,ilocano
adj . saan a mairaman,ilocano
marigatan,ilocano
tagbaw,cebuano
ibayo,tagalog
naringgor,ilocano
mutun,cebuano
magpaekstra,tagalog
laylay,cebuano
kilu-kilo,tagalog
ang pagtuo,cebuano
pagakpak,cebuano
sámpung,hiligaynon
gasto,cebuano
"purung, púrung",cebuano
saan a nalaing,ilocano
búang,cebuano
hórno,hiligaynon
handâ-hándà,hiligaynon
buáya,cebuano
lumoko,tagalog
pag-ilis,cebuano
entiyero,tagalog
pagsisilim,tagalog
halungkap,tagalog
magpanatili,tagalog
hukmuy,cebuano
sambílat,cebuano
"rúgi, rugí",hiligaynon
ulán,hiligaynon
balátong,hiligaynon
kurapan,tagalog
bahandiánon,hiligaynon
husto,cebuano
lahang,tagalog
pagkamatimtiman,tagalog
tubos,cebuano
autobiyograpiya,tagalog
piranggot,tagalog
gayúd,hiligaynon
kahambal-hambal,tagalog
hanggang,cebuano
tumanggap,tagalog
"sikót, sikót-síkot",hiligaynon
kisame,tagalog
ribisiyun,cebuano
ipakasal,tagalog
pagkalason ng dugo,tagalog
hiphip,cebuano
magbentosa,tagalog
bilyar,cebuano
aginana,ilocano
kasamok,cebuano
plaslait,tagalog
magpatihulog,tagalog
burídu,cebuano
nakalitan,cebuano
impas,cebuano
mahitabo,cebuano
likido,cebuano
malanta,tagalog
kibit,tagalog
ubod,tagalog
halakô,hiligaynon
lúku,cebuano
ti nalabbasit ti itlog,ilocano
sabán,hiligaynon
pisigan,tagalog
tulong,ilocano
ereser,tagalog
maugna,cebuano
paagi,cebuano
búrhot,hiligaynon
pakinig,tagalog
lunuglunug,cebuano
sakum,cebuano
tus-ap,cebuano
santa-elena,tagalog
paset,ilocano
puluputin,tagalog
sinamáy,hiligaynon
lahukan,tagalog
rángsì,hiligaynon
naingkanto,tagalog
pagkabyaw,tagalog
kasilag,cebuano
italik,tagalog
hariánon,hiligaynon
lamhuy,cebuano
buláhug,hiligaynon
ulúmhon,hiligaynon
dibutanti,cebuano
tangba,cebuano
pagkikilala,tagalog
úgsod,hiligaynon
sumala sa pagbabayad,tagalog
magpaliwanag,tagalog
nakaulwa,tagalog
makahahadlok,cebuano
halúng-halúng,hiligaynon
tiyo,cebuano
dílà,cebuano
balikáw,hiligaynon
sáy-o,hiligaynon
ríbrib,hiligaynon
mangga,cebuano
siannad a pannagna,ilocano
latundan,tagalog
palayawin,tagalog
gangù,cebuano
laging magkasama,tagalog
bintaha,cebuano
idolo,cebuano
sulambì,cebuano
sulasi,tagalog
dughù,cebuano
pukù,cebuano
pagbuisen,ilocano
haluk,cebuano
hálhag,hiligaynon
pago,tagalog
artisyano,tagalog
luwa,cebuano
tulad,tagalog
saan a pudno,ilocano
karaka,tagalog
wala'y sulod,cebuano
sonata,cebuano
palaibunan,tagalog
bagáni,hiligaynon
pagdasig,cebuano
sa pamamagitan nito,cebuano
nagsusustento sa sarili,tagalog
gunô,hiligaynon
kubkubin,tagalog
bút-ong,hiligaynon
tanda,ilocano
ibbatan,ilocano
takdong pagkabahin,cebuano
walang-kuwentang tao,tagalog
ikapahungaw,cebuano
pumaris,tagalog
magkaanib,tagalog
napardas a panagpangato,ilocano
sumirko-sirko,tagalog
yúkyuk,hiligaynon
nilambal,tagalog
kaldiríta,cebuano
agmula,ilocano
bilíkis,cebuano
taracnen,ilocano
taksi,cebuano
kulípat,cebuano
luwa,tagalog
hugút,hiligaynon
alimuwang,tagalog
walang-gaanong-saysay,tagalog
reséta,hiligaynon
pagkainggit,tagalog
úgsod,hiligaynon
kahalaga,tagalog
sumbríya,cebuano
naptalin,tagalog
kapurihan,tagalog
magnolya,tagalog
lumapirot,tagalog
láging,cebuano
hílig,hiligaynon
igid ti baybay,ilocano
addang,ilocano
huyúg,hiligaynon
cuentas,ilocano
quimica,ilocano
pagsusuksok,tagalog
panlupi,tagalog
iabuloy,tagalog
ragámak,hiligaynon
sapi,tagalog
hinakâ,hiligaynon
hapón,hiligaynon
sikayatris,tagalog
pagwala,cebuano
hinabol,cebuano
gíhab,hiligaynon
yukulele,tagalog
magpatalas,tagalog
agub-ubon,cebuano
banayáw,hiligaynon
dayalin,tagalog
sagasaan,tagalog
simiénto,hiligaynon
halákson,hiligaynon
ulús,hiligaynon
pangulitawo,cebuano
samantalahin,tagalog
empanada,cebuano
gupden,ilocano
taing-tanso,tagalog
nubo,cebuano
rekord,tagalog
paghaplas,tagalog
sumige,tagalog
lasunin,tagalog
bá-og,hiligaynon
lababo,cebuano
yayongán,hiligaynon
tawong bakikaw,cebuano
kaharlikaan,tagalog
bigyang-bisa,tagalog
igges ti tian wenno cudi,ilocano
hirîhî,hiligaynon
gipanugnaw,cebuano
reppet,ilocano
itunda,ilocano
oficina,ilocano
pahayagan,cebuano
bombo,tagalog
pagkaganap,tagalog
pagnaan,ilocano
humán-humán,hiligaynon
salawag,tagalog
dal-us,cebuano
kalipir,cebuano
caldero,ilocano
saan a pagayatan,ilocano
paglalakbay,tagalog
matugtanon,cebuano
minyù,cebuano
magbanyos,tagalog
síng-al,hiligaynon
baylehan,cebuano
sublimidad,tagalog
pagbalda,cebuano
kaging,cebuano
mapagtagumpayan,tagalog
parang santo,tagalog
bánu,cebuano
buhul-buhol,tagalog
húgaw,cebuano
aristokrato,tagalog
asir,cebuano
himuran,tagalog
maghagikgik,tagalog
gálhò,hiligaynon
sakit,ilocano
mangobra,cebuano
ranget,ilocano
balibód,hiligaynon
búsuk,hiligaynon
magbalingusngos,tagalog
hukip,cebuano
nítù,cebuano
gangkaw,cebuano
bibinhiin,tagalog
ulúnlan,hiligaynon
waliswis,tagalog
panapton,cebuano
talibod,cebuano
panagtagicua,ilocano
fortúna,hiligaynon
makasalita,tagalog
salimuang,cebuano
giniikan,tagalog
lagong,tagalog
tiempo ti lam-ex,ilocano
itapal,tagalog
gátong,hiligaynon
sipál,hiligaynon
mabalot,tagalog
cuerdasan,ilocano
ampo,cebuano
linugaw,cebuano
buto nga masipa,cebuano
kubirtus,cebuano
haniti,cebuano
agtupra,ilocano
bulhang,cebuano
nalawa,ilocano
túbay,cebuano
trúkis,cebuano
balás,hiligaynon
bánwa,hiligaynon
lúmun,cebuano
higayon,cebuano
bakál,hiligaynon
nacapuy,ilocano
naalas,ilocano
tulunghaan,cebuano
printing pris,cebuano
kutya,tagalog
"hukad, húkad",cebuano
sira sa pag-ibig,cebuano
árang,cebuano
likiran,cebuano
panagbacnang,ilocano
magkahulihan ng loob,tagalog
gaygay,tagalog
yubón-yubonán,hiligaynon
rikrak,cebuano
ammo,ilocano
mangimaton iti ramit a mangtengngel iti corriente ti electricidad,ilocano
elektrika,tagalog
barálbal,hiligaynon
sampahan,tagalog
humana,cebuano
lobo a cas aso,ilocano
baho,cebuano
barandilya,cebuano
saggabassit,ilocano
dugwa,cebuano
managpabuya,ilocano
bakaláw,hiligaynon
binaligyáay,hiligaynon
hinawan,tagalog
paghahayag,tagalog
sangag,tagalog
ussoban,ilocano
passangir,ilocano
hulmígas,cebuano
galut,cebuano
magtiyaga,tagalog
budyong,cebuano
kansot,tagalog
sápsap,hiligaynon
pagbugdo,cebuano
kubo,tagalog
hungít-hungít,hiligaynon
himangud,cebuano
nakinnákin,cebuano
ungal,tagalog
hapáw,hiligaynon
paltog,ilocano
panandaan,tagalog
lagsut,cebuano
brids,cebuano
masikip,tagalog
magpaningas,tagalog
sampalíya,hiligaynon
gáhuk,hiligaynon
tanlas,cebuano
magpainom,tagalog
pinnatay,ilocano
managsarita,ilocano
building,cebuano
suskrisiyun,cebuano
kapunongan,cebuano
magkaamag,tagalog
panagsangit,ilocano
tultul,cebuano
balíndò,hiligaynon
halandúmon,hiligaynon
katuyoan,cebuano
sulámbaw,hiligaynon
dili kasuginlan,cebuano
maitim,tagalog
matahan,tagalog
handunguy,cebuano
tamis,tagalog
sánsaw,hiligaynon
naparagsit,ilocano
mudmod,tagalog
tunggol,tagalog
wala'y buhat,cebuano
kami ba?,cebuano
dolerita,tagalog
ipagsapantaha,tagalog
calicasumga,ilocano
antemano,tagalog
galabáyan,hiligaynon
hakô-hákò,hiligaynon
tighakay nga panimalus,cebuano
halaan,tagalog
pepino,tagalog
úrum,cebuano
mapagkausap,tagalog
distilador,tagalog
gulat,tagalog
agyaman,ilocano
sumbilíng,hiligaynon
pagdugang,cebuano
paliton,cebuano
mími,cebuano
ganso,ilocano
bimbinin,tagalog
lambayog,tagalog
nipis,cebuano
buganóy,hiligaynon
hún-og,hiligaynon
úmuk pa-,cebuano
balbakúwa,cebuano
dir-i,ilocano
hiling,tagalog
sulúg-ak,hiligaynon
utasin,tagalog
pagkakataas,tagalog
malibing,tagalog
magkudkod,tagalog
panaginana,ilocano
gawíd,hiligaynon
ipatuman,cebuano
sangnilalang,tagalog
yab-okón,hiligaynon
ang uyok,cebuano
siál-síal,hiligaynon
tuluk,cebuano
maipapan iti ugali,ilocano
panangabac,ilocano
kampeonato,tagalog
mag-,cebuano
wala'y hunong,cebuano
gátas,cebuano
punto,cebuano
trín,cebuano
pagwari-wariin,tagalog
ulutíson,hiligaynon
roskas,tagalog
piliten,ilocano
makapagtiis,tagalog
alangsúhan,cebuano
lángaw,cebuano
disimpektahin,tagalog
saritaenm ibaga,ilocano
síghud,hiligaynon
pagtis,tagalog
napakalalim,tagalog
pagduol,cebuano
tattao o mangbukel iti nacion,ilocano
pannacadadael,ilocano
kuku krúdu,cebuano
silid,cebuano
mamanhid,tagalog
dugol,ilocano
pailub,cebuano
hingutás,hiligaynon
siyasatin,tagalog
himúlat,hiligaynon
gumriad,ilocano
paglapoy,cebuano
igka-,cebuano
búgtas,hiligaynon
bokabularyo,cebuano
ti panangyulog iti sabali a pagsasao,ilocano
manghagad,tagalog
karista,cebuano
magripa,tagalog
lumingkis,tagalog
matatag,tagalog
pruyba,cebuano
balingkút,cebuano
may pulong,tagalog
ipurwac,ilocano
pasgung,cebuano
bombéro,hiligaynon
búlak,cebuano
ríng,cebuano
imraimatsu,cebuano
salakyanan,cebuano
kambiyúlu,cebuano
buol,cebuano
ingku,cebuano
gitgit,tagalog
garapinyíra,cebuano
pacada,ilocano
bayanggudaw,ilocano
walang-halaga,tagalog
pagpakiluoy,cebuano
údyong,hiligaynon
águng,cebuano
agcanta,ilocano
ipalimbag,tagalog
agcurang,ilocano
sukáy,hiligaynon
elebator,cebuano
timsim,tagalog
báhì,cebuano
bakakon,cebuano
singgálong,hiligaynon
banuar,ilocano
hanabô,hiligaynon
paricipal,ilocano
subo,cebuano
sunop,cebuano
plan,tagalog
mahibalo,cebuano
pagtuhoy,cebuano
hungaw,cebuano
ipamuspusan,ilocano
nangisit,ilocano
sugung,cebuano
nakabatay,tagalog
buyot,ilocano
baliko,cebuano
yélo,hiligaynon
nota sa musika,cebuano
"búlu, búlù",cebuano
mababa a clase,ilocano
balakbak,tagalog
"segúndo,-a",hiligaynon
tugkad,cebuano
ikaapatnapu,tagalog
sángat,hiligaynon
uháy,hiligaynon
báhin,hiligaynon
turan,tagalog
nabawas (ang -),tagalog
hulugan,tagalog
taliunduk,cebuano
magbanlaw,tagalog
iskríba,cebuano
bahô,hiligaynon
pagtutuos,tagalog
dili takus,cebuano
abswelto,tagalog
pagkuyog,cebuano
pislen,ilocano
pagbeto,cebuano
katapusan,cebuano
pasabut,cebuano
gúhù,cebuano
"wílwig, wíl-wig",hiligaynon
sungpit,cebuano
pitlà,cebuano
humóy-húmoy,hiligaynon
komadronaihilot,cebuano
acuen,ilocano
pagpapalubha,tagalog
ibigin,tagalog
ganót,hiligaynon
pagsasao,ilocano
pagseguro,cebuano
karampatan,tagalog
tagop,tagalog
bakát,hiligaynon
ilawom,cebuano
panid,cebuano
butbutngen tapno agbayad iti pasukib,ilocano
kililingin,tagalog
pang-eespiya,tagalog
sorótsot,hiligaynon
pabor sa,cebuano
kamuruhan,tagalog
sakayán,hiligaynon
uláb,hiligaynon
hupay,cebuano
nalaing,ilocano
maquina a paggarawen ti angin,ilocano
bangkiyaw,tagalog
tínà,cebuano
pagtusik,cebuano
bilbil,cebuano
mansa sa ngipon,cebuano
gibain,tagalog
prverbio,ilocano
agrigáwu,cebuano
tinguha,cebuano
ulpot,tagalog
nagpadulong,cebuano
uluníson,hiligaynon
kamumo,tagalog
pirítu,cebuano
biríng,hiligaynon
mamindua,ilocano
dili matarog,cebuano
nalupoy,ilocano
kulag,tagalog
puyot,ilocano
balo,cebuano
napanglaw,ilocano
hágkan,hiligaynon
magkamantsa,tagalog
saplag,cebuano
kaakbay,tagalog
kasinghalaga,tagalog
kaigmat,cebuano
timpránu,cebuano
lapped,ilocano
katimpalak,tagalog
pagtilamsik,tagalog
singit,tagalog
kahoyng,cebuano
repineriya,tagalog
madunganan,cebuano
pannacaudi,ilocano
nangato ang clase,ilocano
maysa pay,ilocano
daga,ilocano
tuktok,cebuano
pagsunod,tagalog
polosert,tagalog
dumispalko,tagalog
sibol,tagalog
ugang,cebuano
huwego ng mga tipo,tagalog
mapasidan-on,cebuano
dangs,cebuano
artistiko,tagalog
danum,ilocano
tábong,hiligaynon
puti,tagalog
údyong,hiligaynon
kakas,cebuano
nangagi,cebuano
liya-liya,cebuano
dumugo,tagalog
salinan ng dugo,tagalog
hingaón,hiligaynon
nakatanga,tagalog
sántos,hiligaynon
pulong,cebuano
lubaung,cebuano
almusalin,tagalog
plátap,cebuano
bíngkol,hiligaynon
mustra,tagalog
salapì,cebuano
walang-ngipin,tagalog
imirdyinsi,cebuano
mabinuhaton,cebuano
magana,tagalog
alamang,tagalog
tagos,tagalog
kalos,tagalog
kurbáwu,cebuano
húngkyang,hiligaynon
pacanen,ilocano
putol,tagalog
mapamungka,tagalog
komisyonado,cebuano
batinggílan,cebuano
haway,tagalog
diay?,cebuano
sakitan,cebuano
laylay,cebuano
lambitinan,tagalog
hakot,tagalog
kímun,cebuano
pagbuhong,cebuano
takob,cebuano
bulúblag,hiligaynon
kamatinaw,cebuano
háslò,hiligaynon
nalpasen,ilocano
palasak,tagalog
agsagawisiw,ilocano
rosal,tagalog
aliwas,cebuano
anumalíya,cebuano
makagagahom,cebuano
bubho sa buhok,cebuano
gireserba,cebuano
mubong balak sa gugma,cebuano
magbalani,tagalog
dapuan,tagalog
Aprika,cebuano
tibùtibù,cebuano
pagtaob,tagalog
landag,cebuano
parugo,tagalog
naanus,ilocano
masasaan,tagalog
hilánat,hiligaynon
butánhan,hiligaynon
agam-agamin,tagalog
pangulo nga escribiente,ilocano
pagcalapan,ilocano
sigun,tagalog
híom,hiligaynon
distansiya,tagalog
harmonyum,tagalog
hákpon,hiligaynon
allilawen,ilocano
may-ari ng tindahan,tagalog
mammartec,ilocano
isturya,cebuano
búngkag nga ítlog,hiligaynon
"hamíli, hamilí",hiligaynon
ipahikap,cebuano
paglabas,tagalog
sinadya,tagalog
makapaglakbay,tagalog
bobongán,hiligaynon
hagúnoy,hiligaynon
ifrito,ilocano
ikging,cebuano
rumbu,cebuano
sinángya,hiligaynon
bánggì,hiligaynon
"kíya, kíyà",cebuano
magsabaw,tagalog
sagúd,hiligaynon
makatanda,tagalog
kahoy,tagalog
magpaaga ng petsa,tagalog
zapatos,ilocano
bienes,tagalog
papirmahan,tagalog
ayat iti ili,ilocano
dikstrus,cebuano
maghibilya,tagalog
bayinti,cebuano
pagkakasala,tagalog
kahimtang,cebuano
ikspusisiyun,cebuano
mga galamiton sa pagsulat,cebuano
ulít,hiligaynon
pagbulodan ken pagbasaan cadagiti libro,ilocano
tingpupo,cebuano
tagaytay,cebuano
lingkús,cebuano
sumbalilo,tagalog
paglalawag,tagalog
lumpag,cebuano
rámbat,hiligaynon
mapacapsuten ti nakem,ilocano
ang pagbating kadug-ol,cebuano
duol,cebuano
kumplikádu,cebuano
gútrab,hiligaynon
pataas,cebuano
siminaryu,cebuano
manugat,tagalog
bingihin,tagalog
heroglipiko,tagalog
centro,ilocano
iisa,tagalog
kasayaan,cebuano
búgwal,hiligaynon
salsa,tagalog
walóhan,hiligaynon
dalambà,cebuano
"umbihas, umbíhas",cebuano
magkasintayog,tagalog
bigkílan,hiligaynon
humâ-húmà,hiligaynon
matabsong,tagalog
balálbal,hiligaynon
gamitin,tagalog
hapin,tagalog
ritwal,tagalog
buwis,tagalog
trabajo,ilocano
bósbos,hiligaynon
hinayhay,cebuano
sa tungatunga dnigilt tunga ng gabii,cebuano
isketing,tagalog
kiase,cebuano
ibelleng,ilocano
tuhugin,tagalog
panggiba,tagalog
naisisasi,ilocano
pinagtabasan,tagalog
paghabol,cebuano
damyang,cebuano
provincia,ilocano
pakita,cebuano
abbong ti ulo,ilocano
mabintad,tagalog
paghihingasing,tagalog
gípì,hiligaynon
baunin,tagalog
ikako,tagalog
pungusin,tagalog
superyora,tagalog
"sagwâ, sâgwà",hiligaynon
ipit,tagalog
ginagútum,hiligaynon
pasucuen,ilocano
"gúbuk, gubúk",hiligaynon
lirit,tagalog
suguin,tagalog
pamasgedan,ilocano
pagtitipid,tagalog
kudlit,cebuano
batyáy,hiligaynon
kudak,cebuano
paghunong,cebuano
kulang-kulang,cebuano
pagsalo,cebuano
kinkin,cebuano
karburong pampinta,tagalog
ulianón,hiligaynon
pangulo,ilocano
ipakita,ilocano
kunbento,cebuano
kumunista,tagalog
diborsiyado,tagalog
mapaghahalamanan,tagalog
"minyak, minyat",cebuano
padespedida,tagalog
natagari,ilocano
midiyas,cebuano
panangawis ng agpungtot,ilocano
ábat,cebuano
mangangagas,tagalog
ukáb,hiligaynon
lipti,cebuano
sanggúwà,hiligaynon
tehero,tagalog
mapuy-anon,cebuano
sanít,hiligaynon
púkì,cebuano
sapnut,cebuano
maaskad,tagalog
"bútyag, bútyog",hiligaynon
ginaestarán,hiligaynon
di-matwid,tagalog
pato,cebuano
daw sumpaki,cebuano
bakatín,hiligaynon
rikurida,tagalog
paksiw,cebuano
lantugi,cebuano
masapul,ilocano
pagpag,cebuano
labatoryo,tagalog
hagabhab,tagalog
brungkítis,cebuano
asang,ilocano
salab,tagalog
magtandisan,tagalog
sinusumpong,tagalog
sanidad,tagalog
"sá-ot, sáot",hiligaynon
basag,tagalog
sine,cebuano
gunggona,ilocano
paglampos,cebuano
enkargado,tagalog
"báyhan, báyhon, báywan, báywon",hiligaynon
tindera,cebuano
hungáw,hiligaynon
gayaman,ilocano
budlat og mata,cebuano
provincia,ilocano
túun,cebuano
istoiko,tagalog
milagro,tagalog
maysa,ilocano
kontrato,tagalog
agduduma a maris,ilocano
pulut-sasa,tagalog
sakáy,hiligaynon
tumana,tagalog
pakla,tagalog
pagpakugang,cebuano
sutíl,hiligaynon
pabigatin,tagalog
padanom,ilocano
gayyem,ilocano
higpitan,tagalog
mug-ot,cebuano
liwliwaen,ilocano
"yámyam, yám-yam",hiligaynon
"samalabit, samalabits",cebuano
magkatsoke,tagalog
pante,tagalog
tanay sa bulohaton,cebuano
likhitab,tagalog
guyud,cebuano
hampángan,hiligaynon
maguniguni,tagalog
pusang-gubat,tagalog
pag-asdang,cebuano
siksik,cebuano
pagkakasundo,tagalog
baybayin,tagalog
gíkan,hiligaynon
gatús,hiligaynon
bendicion,ilocano
kahita,tagalog
kahingahan,tagalog
pugal,tagalog
matunganga,tagalog
hasmag,cebuano
dimitudu,cebuano
fóndo,hiligaynon
magladlad,tagalog
dunghay,cebuano
pumulupot,tagalog
samut,cebuano
úlay,hiligaynon
bulibitóon,hiligaynon
kapakyasan,cebuano
walang-tatag,tagalog
batikólon,hiligaynon
pareho rin,tagalog
burud,cebuano
beauty parlor,cebuano
kumurukutok,tagalog
kutsi-kutsi,tagalog
bartender,tagalog
"yupu, yúpu",cebuano
bumalibang,tagalog
lugátub,cebuano
mahal,cebuano
langway,tagalog
"bugâ-búgà, bugâ-bugâ",hiligaynon
padrǐ,cebuano
masalok,tagalog
baling,tagalog
timbang,cebuano
hidwa,tagalog
oditor,tagalog
maidagdag,tagalog
hapín,hiligaynon
kasadya,cebuano
antak,cebuano
katag-katag,cebuano
nimsiha,tagalog
kumun,cebuano
sulálum,hiligaynon
agubhub,cebuano
ipalayaw,tagalog
paghahambog,tagalog
lánay,cebuano
coachero,ilocano
napulo ug tulo,cebuano
gana,tagalog
paghisakop,cebuano
silíng,hiligaynon
hulíd-húlid,hiligaynon
bikâ,hiligaynon
bugno,cebuano
sákyan,hiligaynon
basâ,hiligaynon
mulapik,tagalog
saliw,tagalog
lastiko,tagalog
himán,hiligaynon
pagbati,cebuano
sagasa,tagalog
sariwáol,hiligaynon
kanin,tagalog
mamualan,tagalog
pagbeddengan,ilocano
himáan,hiligaynon
sípà,hiligaynon
linihokan,cebuano
hiwág-os,hiligaynon
magpalupaypay,tagalog
moda,ilocano
píkit,cebuano
andukhain,tagalog
kiwag,cebuano
suwab,cebuano
báta,cebuano
karton,tagalog
agasan,ilocano
mayaman,cebuano
balhibo sa mananap,cebuano
katekista,tagalog
hayúb,hiligaynon
bat-ul,cebuano
pagpapaluwang,tagalog
homóg,hiligaynon
umid,tagalog
nagaraw,ilocano
hínlas,hiligaynon
magmanda,tagalog
típus,cebuano
puwing,tagalog
palaisdaan,tagalog
banóg,hiligaynon
matulin,cebuano
duol na,cebuano
belo,cebuano
cas pagarigan,ilocano
sintaksis,cebuano
alindahaw,cebuano
hálas,hiligaynon
sumamba,tagalog
tuberiya,tagalog
binakól,hiligaynon
pununglunsod,tagalog
tapat,cebuano
magtama-tama,tagalog
lalaking sinayuran,cebuano
bala-balahan,tagalog
hitô-hítò,hiligaynon
pacaituronga unay ti imatang,ilocano
dapit,cebuano
"hiswíta, hiswítas",cebuano
alas diyes,cebuano
pálut,cebuano
manganino,tagalog
sakay,cebuano
magsapat,tagalog
tigusisa,cebuano
pagpisi,cebuano
pagpiang,cebuano
pagkakautang,tagalog
hapit na,cebuano
pagtultol,tagalog
umari ka,cebuano
hinguko,tagalog
budbod,tagalog
buád-ad,hiligaynon
himúot,hiligaynon
bassit nga ayup,ilocano
bómbo,hiligaynon
duruan,tagalog
lechon,ilocano
kapusukan,tagalog
mabiro,tagalog
kuratsa,tagalog
pagpilian,tagalog
durar,cebuano
mokasin,tagalog
apohan,cebuano
magbrodkast,tagalog
bánban,hiligaynon
pagtigum,cebuano
libro a pacaisuratan ti paglaccuan nga inaldaw; pagiwarnac,ilocano
hugús,hiligaynon
magmama,tagalog
metodiko,tagalog
húmhum,hiligaynon
ikaloko,tagalog
escoba,ilocano
balakolón,hiligaynon
tumbayà,cebuano
agmauyong,ilocano
tunghaan,cebuano
kalalim-laliman,tagalog
"síod, siód",hiligaynon
agsiddaaw,ilocano
hapíl-hápil,hiligaynon
mamingit,tagalog
aktuhan,tagalog
pannacabiroc,ilocano
rórog,hiligaynon
búrà,hiligaynon
kuna,cebuano
sampalatayanan,tagalog
punoan,cebuano
puwede,cebuano
gána,cebuano
nakahandusay,tagalog
bárho,hiligaynon
pannacadalus,ilocano
alkampor,tagalog
niktay,cebuano
sirapínis,cebuano
kitaen,ilocano
gunát,hiligaynon
waswas,cebuano
pakapin,cebuano
báywan,hiligaynon
pag-uli,cebuano
apad,tagalog
rígna,hiligaynon
kahulian,tagalog
gabnut,cebuano
damba,tagalog
matanda,cebuano
pagtataob,tagalog
saanna nga ammo ti agsurat wenno agbasa,ilocano
bág-as,hiligaynon
ikidkid,tagalog
mahalagahin,tagalog
awanan adal,ilocano
manangirurumen nga agturay,ilocano
gratitud,tagalog
paghangos,tagalog
napintas macaawis,ilocano
gín-ot,hiligaynon
búking úpis,cebuano
sókol,hiligaynon
sabitan,tagalog
pidistǎl,cebuano
tarsin,cebuano
sapatnánon,hiligaynon
gidak-on,cebuano
uubra,tagalog
kabanay,cebuano
sa ganang akin,tagalog
malipayon,cebuano
hiwis,tagalog
rubbuoten,ilocano
botser,tagalog
gun-oden,ilocano
lungsuranon,cebuano
súkat,hiligaynon
papha,cebuano
dekadensiya,tagalog
ilogay,cebuano
septiémbre,hiligaynon
badyitin,tagalog
sinonimya,tagalog
adlaw,cebuano
bautismo,tagalog
banal,cebuano
nalati,ilocano
bokádo,hiligaynon
kinalucmeg,ilocano
mag-adyo,tagalog
panganak nga wala sa panahon,cebuano
tawtolohiya,tagalog
patawagin,tagalog
pagtugot sa kagumbanan,cebuano
paglumpag,cebuano
kulangot,tagalog
banlian,tagalog
indulhensiya,tagalog
ang kaparat,cebuano
burangóson,hiligaynon
tanggíli,cebuano
tampal,cebuano
mayanig,tagalog
sa tanan,cebuano
tumisod,tagalog
pasma,tagalog
but-ánan,hiligaynon
ako nga,cebuano
dayawen,ilocano
umadu,ilocano
puasa,cebuano
birha,cebuano
bóte,hiligaynon
úgsad,hiligaynon
watwaten,ilocano
sangcabassit,ilocano
soók,hiligaynon
húnga,hiligaynon
sa Bibliya,cebuano
panistis,cebuano
iupo sa katungkulan,tagalog
panabo,tagalog
kabug-at,cebuano
tape,tagalog
swítir,cebuano
balsa,tagalog
magbanig,tagalog
ngusngus,cebuano
ilansa,ilocano
bugnoy,tagalog
láyik,cebuano
serreken,ilocano
bátog,hiligaynon
disi otso,cebuano
uban sa panon,cebuano
taban,cebuano
hinog,tagalog
tambayayong,cebuano
pag-init,cebuano
gupitan,tagalog
dagiti,ilocano
ipabuya,ilocano
Belhika,tagalog
dedikado,tagalog
tinun-an,cebuano
bayóng,hiligaynon
pagannurotan,ilocano
agpangato,ilocano
patumal,tagalog
sáya,hiligaynon
pangguhit,tagalog
agnostika,tagalog
hapô-hápò or hapô-hapô,hiligaynon
editor,cebuano
kalsáda,cebuano
siyap,tagalog
ipaalis,tagalog
kinatan-oc,ilocano
kultson,cebuano
lingkag,tagalog
kalisang,cebuano
por ciento,ilocano
kahiyangan,tagalog
basiyo,tagalog
tugkalan,cebuano
kunstituyinti,cebuano
tagapakinabang,tagalog
rumsua,ilocano
balanâ,hiligaynon
raket,tagalog
kimpot,tagalog
usa ra,cebuano
meridyan,tagalog
butung,cebuano
salagúnting,hiligaynon
tig-atiman sa buhok,cebuano
sangbud,cebuano
gáhi,hiligaynon
agtataeng,ilocano
magmalasakit,tagalog
yíba,cebuano
goldpis,tagalog
tinasa,tagalog
uray ania,ilocano
tik-um,cebuano
kalapíti,cebuano
naghinulsul,cebuano
pagbulatlat,tagalog
labnog,tagalog
sámpan,hiligaynon
tingali,cebuano
manaka-naka,tagalog
kulang,cebuano
liho,tagalog
salitána,hiligaynon
lagasaw,tagalog
tagapag-ingat,tagalog
ulutíson,hiligaynon
hinúgon,hiligaynon
sahín,hiligaynon
galingan,cebuano
mabatbaton,cebuano
kulang-kulang,cebuano
pika,tagalog
lumawit,tagalog
panunot,ilocano
huyangô,hiligaynon
kasibáya,cebuano
timaan,cebuano
utangan,tagalog
alingagngag,cebuano
síbin,hiligaynon
dunasiyun,cebuano
putolputol,cebuano
kanahan,cebuano
magtornilyo,tagalog
pútu,cebuano
rusanger,ilocano
barikes,ilocano
"sintimintu, sintimyintu",cebuano
oportunista,cebuano
ulohan,cebuano
sugí,hiligaynon
lúas,cebuano
rimatsihan,tagalog
magkakontra,tagalog
ipaatubang,cebuano
batíis,hiligaynon
abot-isip,tagalog
Bulang Nagdudurog,tagalog
agwa-plorida,tagalog
bántal,hiligaynon
kagalakan,tagalog
wagayway,ilocano
sermon,tagalog
mabantot,tagalog
sabornuan,ilocano
nakaugalian,tagalog
wakalán,hiligaynon
dili sama,cebuano
casasaad ti pagsiddaawan,ilocano
nalag-an,ilocano
barko,cebuano
hilabihan,cebuano
tunged,ilocano
taracnen,ilocano
sigbo,tagalog
sumila,tagalog
soldádo,hiligaynon
ilinya,tagalog
ramákan,hiligaynon
butáng,hiligaynon
maysakit,cebuano
masamang pangalan,tagalog
"gabára, gabará",hiligaynon
dato,tagalog
naragpat,ilocano
udót-udót,hiligaynon
asog,tagalog
haso-hasohánan,hiligaynon
payil,cebuano
makahadlok,cebuano
sabitan,ilocano
prehuwisyo,tagalog
sotána,hiligaynon
tapon,tagalog
marekarguhan,tagalog
mini,cebuano
panagpadas,ilocano
inughad,cebuano
sáug,hiligaynon
sanám,hiligaynon
haníp,hiligaynon
paypayan,ilocano
kalusugan,tagalog
bánda,hiligaynon
hinguto,tagalog
patinti,cebuano
maipusing,ilocano
banáyan,hiligaynon
entremes,tagalog
balayón,hiligaynon
alak-alakan,tagalog
diktahan,tagalog
kurtin rísir,cebuano
libúrus,cebuano
mangkù,cebuano
talinghaga,tagalog
naunget,ilocano
icamen,ilocano
sóknà,hiligaynon
sínta,hiligaynon
mas daghan,cebuano
di-mapayapa,tagalog
kuntud,cebuano
tipaklong,tagalog
malaking sunog,tagalog
pagniniig,tagalog
lapisakin,tagalog
magtikom ng labi,tagalog
nyebe,cebuano
garí-gári,hiligaynon
pagdausan,tagalog
labatiba; inyeccion,ilocano
gayundin,tagalog
yúngyung,hiligaynon
maysa a kita cadagiti innem a maquina,ilocano
kuyut,cebuano
uluhán,hiligaynon
iskombro,tagalog
ibato,ilocano
sanaturyum,cebuano
pagkayab,cebuano
malikmik,tagalog
sentimos,cebuano
kalmen,tagalog
hípon,hiligaynon
daan na kaayo,cebuano
báting,hiligaynon
disdis,cebuano
todas,tagalog
kukhan,cebuano
dakong dagat,cebuano
saan a cadawyan,ilocano
gustung-gusto,tagalog
magsagawa,cebuano
ihap,cebuano
ti gastosen iti masapulan,ilocano
bugál,hiligaynon
biómbo,hiligaynon
wiwián,hiligaynon
miulan,cebuano
aming sarili,tagalog
panagna,cebuano
minútu,cebuano
pangsut,cebuano
magdingas,tagalog
súr-ub,hiligaynon
calbit,ilocano
maidlip,tagalog
tangki,cebuano
cadacuada,ilocano
sumira ng loob,tagalog
kardenal,tagalog
di mahimo,cebuano
malingin,cebuano
munurec,ilocano
buntutan,tagalog
abut a pagtedtedan iti danum,ilocano
kulang,cebuano
mamighani,tagalog
mayabong,tagalog
kanonisado,tagalog
dangkúlus,cebuano
ukhab,cebuano
asosyasyon,tagalog
layo,cebuano
pagsaway,cebuano
sandaanan,tagalog
bigote,cebuano
pagtatanod,tagalog
pagbibigay-layaw,tagalog
talangguhit,tagalog
hagtok,cebuano
hóom,hiligaynon
sókbit,hiligaynon
pagsumpa,cebuano
angaw,ilocano
gisá,hiligaynon
binúgway,hiligaynon
pederasyon,tagalog
paglihiman,tagalog
samád,hiligaynon
pahiyas ingon sa mutya,cebuano
kurik,cebuano
cablaaw,ilocano
luklukan,tagalog
bugáng,hiligaynon
pamilya,tagalog
hamál,hiligaynon
malumoy,cebuano
ibbatan,ilocano
epeirohenetiko,tagalog
duot,cebuano
pitpitin,tagalog
tawen,ilocano
nag-ungaog,cebuano
pag-isip,cebuano
hari,tagalog
bílik,hiligaynon
iskabitsi,cebuano
pasublien,ilocano
pakikisalamuha,tagalog
taraken,ilocano
tigkiriwkiriw,cebuano
pagkaliwagan,tagalog
pikù,cebuano
banyira,cebuano
bigatlun,cebuano
naduyaw,ilocano
makabingi,tagalog
pagwawakiwak,tagalog
maanindot,cebuano
bariles,ilocano
bólas,hiligaynon
sasag,tagalog
kuripot,cebuano
banggaay,cebuano
butang gunitanan,cebuano
quimico,ilocano
pugong,cebuano
sumangkalan,tagalog
paaralang-bayan,tagalog
inyiksiyun,cebuano
sahugan,tagalog
nacaam-amac,ilocano
matnag,ilocano
Insíka,cebuano
sáhat,hiligaynon
subók-súbok,hiligaynon
magsayang,tagalog
familia,ilocano
nakabiyakis,tagalog
iskáwut,cebuano
lata,ilocano
casapulan,ilocano
hugut,cebuano
sámbud,hiligaynon
pasa,cebuano
mag-ugoy,tagalog
naangep,ilocano
uwan,cebuano
pagsalo,tagalog
binulús,hiligaynon
suroc,ilocano
búay,hiligaynon
kumurot,tagalog
mungkádu kuluni,cebuano
Kastila,tagalog
pikat,cebuano
paggiri,tagalog
biopsiya,tagalog
napakahirap,tagalog
panibat,tagalog
iamba,tagalog
súlung,cebuano
kawawaan,tagalog
mahalap,cebuano
búg-ong,hiligaynon
tadiyà,cebuano
giyán,hiligaynon
prigunta,cebuano
pagbilog,tagalog
pamalandong,cebuano
bitiránu,cebuano
agsardeng,ilocano
yuneg,ilocano
tumbok,tagalog
salakyanan sa hangin,cebuano
langkay,cebuano
pampreserba,tagalog
ulunúngan,hiligaynon
painugin,tagalog
kaatbang,cebuano
tinuod?,cebuano
niya,cebuano
kabingangha,cebuano
kupil,cebuano
pag-aadya,tagalog
ak-ak,cebuano
masanga,tagalog
tubuhan,tagalog
mangugit,tagalog
nadangranan,ilocano
radyográma,hiligaynon
sa gugma,cebuano
híkaw,hiligaynon
arusbalensiyana,tagalog
timing,cebuano
sumbagay,cebuano
nidnid,cebuano
pagkalutkot,tagalog
kab ot abot,cebuano
wan-aydyak,cebuano
kalagungan,tagalog
pagkastigo,tagalog
panagramat,ilocano
tumbalik,cebuano
patien,ilocano
bugáhod,hiligaynon
apas-sulat,cebuano
magkanaw,tagalog
nibíra,cebuano
panghihingi (ng abuloy),tagalog
salaywánan,hiligaynon
lay-u,cebuano
pagbuno,cebuano
kanhi,cebuano
paragwa,cebuano
hinay,cebuano
taraken,ilocano
magkaibigan,tagalog
revolucion,ilocano
milagro,cebuano
kalat sa buong mundo,tagalog
adadu,ilocano
ginisa,tagalog
inabac,ilocano
ladawan,ilocano
lugituk,cebuano
tunhay,cebuano
pagkahanaw,cebuano
ipalamang,tagalog
pagkaparalisa,tagalog
pirmihin,tagalog
mao rag,cebuano
aktiba,tagalog
pantalon,ilocano
nakapagpapagana,tagalog
cadua,ilocano
pagkapagal,tagalog
kiatkiat,cebuano
sayhanan,cebuano
sarómo,hiligaynon
lindulin,tagalog
pagsayaatan,ilocano
paingat,tagalog
pagpapalista,tagalog
pagtimaan,cebuano
tigpanagana,cebuano
trapo,cebuano
pagdiriwang,tagalog
pulída,cebuano
pagkamaliit,tagalog
landas,tagalog
gónggong,hiligaynon
ruéda,hiligaynon
kulipláwir,cebuano
ripi-ripen,ilocano
bánas,hiligaynon
anu-ano,tagalog
ipawit,ilocano
sarita,ilocano
makalula,tagalog
panagmaymaysa,ilocano
panagtung-ed,ilocano
buotan,cebuano
memorya,cebuano
sugaten,ilocano
konsulado,cebuano
paglalakad,tagalog
caruotan,ilocano
mapatama,tagalog
ubing a lalaki,ilocano
nakumpilan na,tagalog
diyastropism,tagalog
suskritor,tagalog
silaw,cebuano
gatad,ilocano
parbangon,ilocano
pag-agaw,cebuano
nuwes muskada,tagalog
daungan,tagalog
tipiganan sa dugo,cebuano
pulukuy,cebuano
sabud,cebuano
may-takda,tagalog
hubás,hiligaynon
magpanakbuhan,tagalog
angaw,ilocano
pribinir,cebuano
panayin,tagalog
museum,ilocano
atakihin,tagalog
kabaret,tagalog
transparente,tagalog
kughad,cebuano
adyusan,tagalog
hamutáng,hiligaynon
balatwánun,cebuano
balítan,hiligaynon
baniug,cebuano
líab,cebuano
magpalabuy-laboy,tagalog
laubláub,cebuano
dibersiyon,tagalog
mauso,cebuano
dukiruk,cebuano
balíswà,hiligaynon
landol,tagalog
rabanos,cebuano
aroy!,cebuano
panmacadalus,ilocano
siápò,hiligaynon
mabay,cebuano
pamugos,cebuano
labatibahin,tagalog
presyon sa dugo,cebuano
init gamay,cebuano
kulag,cebuano
liwanagan,tagalog
mata,cebuano
agpapatay,ilocano
disisayis,cebuano
yadbut,cebuano
salahan,tagalog
panangiladawan,ilocano
ubúd-ubudán,hiligaynon
simbulawán,hiligaynon
kakaplagan,cebuano
umalipusta,tagalog
may-katipan,tagalog
tugyan,cebuano
pangigi,cebuano
parot,cebuano
panangabac,ilocano
larang,tagalog
dayawen,ilocano
nagapahulay,cebuano
tobako,cebuano
húsay,cebuano
wala,cebuano
andas,cebuano
"húyak, huyák-húyak",hiligaynon
sápnaw,hiligaynon
tipik sa tinapay,cebuano
hálang,cebuano
pagginhawa,cebuano
kuarta,cebuano
mag-argolya,tagalog
n partaan ti peggad,ilocano
lampas-tao,tagalog
matanga,tagalog
malulong,tagalog
camoteng cahoy,ilocano
bunal,cebuano
tábnul,hiligaynon
baká-báka,hiligaynon
balabag,cebuano
balî-bálì,hiligaynon
hílab,cebuano
relikáryo,hiligaynon
salita,cebuano
yàyà,cebuano
dadaelen,ilocano
umdas,ilocano
hantánà,cebuano
sarhintu,cebuano
panangiccat,ilocano
angkinin,tagalog
sambingay,cebuano
kapatas,cebuano
pagsapulan,ilocano
maghangad,tagalog
sabut,cebuano
palahin,tagalog
suriksurik,cebuano
lunaw,tagalog
sagukuy,cebuano
sánay,cebuano
apatnapu,tagalog
pangatawa,cebuano
himálad,hiligaynon
risis,cebuano
básyaw,hiligaynon
lumamlam,tagalog
probinsya,tagalog
palantikan,tagalog
luslos,tagalog
mapatili,tagalog
gútlab,hiligaynon
nasobrahan pagluto,cebuano
endorso,tagalog
kulob,tagalog
agiwayat,ilocano
wala'y sapayan,cebuano
gáhid,hiligaynon
sunggarót,hiligaynon
pagbangutan,cebuano
"sáypan, etc.",hiligaynon
dalupani,tagalog
kapulubihan,tagalog
paghahambalos,tagalog
ipagalad,ilocano
sakmal,cebuano
putian,tagalog
sárab,hiligaynon
ligaw-tingin,tagalog
dackel a cayom trozo,ilocano
pagulungin,tagalog
hagnáya,hiligaynon
lipon,cebuano
tabó-tabó,hiligaynon
tirem,ilocano
hilímot,hiligaynon
manalaktak,tagalog
karo,cebuano
untu,cebuano
pagcacatawsan,ilocano
rosáryo,hiligaynon
káki,cebuano
pabassiten,ilocano
kasangga,tagalog
prangha,cebuano
sinina sa lalay,cebuano
hulugán,hiligaynon
nikinikinu,cebuano
singkuríbut,cebuano
maaaring magkamali,tagalog
katíbu,cebuano
panagsangit,ilocano
gwâ-sulúd,hiligaynon
no casta,ilocano
siac,ilocano
úkay,hiligaynon
inutil,ilocano
kagubatan,tagalog
gíhay,hiligaynon
balatok,tagalog
antulíhaw,cebuano
pirmi,cebuano
guba,cebuano
kahitaran,tagalog
pag-asa,tagalog
relyenado,tagalog
bilyard,cebuano
rematsado,tagalog
garanil,cebuano
gasgas,tagalog
tina-tinaan,tagalog
"anagu, anágu",cebuano
lanos,cebuano
búgnà,hiligaynon
balitoc,ilocano
séra,hiligaynon
radar,tagalog
higupin,tagalog
pagkatha,tagalog
bumitiw,tagalog
rugit,ilocano
bayâ,hiligaynon
Marti,cebuano
káma,cebuano
panagragragsac,ilocano
bukalkalin,tagalog
gálhom,hiligaynon
hámbog,hiligaynon
abot,cebuano
bastón ni San Hosé,hiligaynon
sáro,hiligaynon
matikud,cebuano
himútad,hiligaynon
bintay,tagalog
adayo,ilocano
hinayun,cebuano
pag-aayus-ayos,tagalog
glaukoma,tagalog
súy-aw,hiligaynon
paggastos,tagalog
pugtuan,ilocano
tingpamulak,cebuano
agad-ad,cebuano
garupa,tagalog
sakón,hiligaynon
direktoryo,cebuano
hapón,hiligaynon
papagpawisin,tagalog
ikaligaya,tagalog
ibassit,ilocano
pagpasidaan,cebuano
maktol,tagalog
kerusin,tagalog
anghaw,cebuano
pag-uswag,cebuano
pagagasan,ilocano
basin pa,cebuano
wani,cebuano
dumaluhong,tagalog
saan a matawaran,ilocano
mag-odit,tagalog
paggatasan,ilocano
sungkud,cebuano
bokóg,hiligaynon
gamit,cebuano
mabug-at,cebuano
sábdong,hiligaynon
nagbaktas,cebuano
umawit,tagalog
"kubli, kublì",cebuano
pumulot,tagalog
maayong kabutang,cebuano
sungá,hiligaynon
pagyko,cebuano
ingato,ilocano
balud,ilocano
wala lupigi,cebuano
tumbasan,tagalog
& adj. ay-ayaten,ilocano
tamarindo,tagalog
pensiyon,cebuano
baen,ilocano
kamahan,tagalog
guna,cebuano
masigwa,tagalog
rogó-rógo,hiligaynon
hiwaang panit,cebuano
kritiko,tagalog
hitudhítud,cebuano
di-takot,tagalog
mag-uban,cebuano
saló-sálo,hiligaynon
kurayag,cebuano
salók,hiligaynon
pananaw,tagalog
pondo,tagalog
lik-up,cebuano
tabloid,tagalog
barinuhan,cebuano
sokól,hiligaynon
latas,cebuano
recibo,ilocano
butihón,hiligaynon
timáwà,cebuano
kahab-an,tagalog
gútum,cebuano
trigo,tagalog
ipakipagsapalaran,tagalog
buhô-buhò,hiligaynon
lumabnot,tagalog
"lampuay, lampúay",cebuano
sitsarón,hiligaynon
ekspert,tagalog
malislisan,tagalog
nakabalatay,tagalog
posible,tagalog
hinagúnoy,hiligaynon
nalawa,ilocano
panulat sa kamut,cebuano
muwestrahan,tagalog
kana,tagalog
biyayan,tagalog
abuten,ilocano
lakwig,cebuano
taas,cebuano
timaan,cebuano
sugíd-súgid,hiligaynon
gugoran,ilocano
katal,tagalog
namumutiktik,tagalog
pislat og ilong,cebuano
hánday,hiligaynon
"ulu-, -ulu-",hiligaynon
lahang,cebuano
naragsac,ilocano
pamantingin,tagalog
mag-aliw,tagalog
bále,hiligaynon
gúpak,hiligaynon
pagpapaliit,tagalog
istudyo,tagalog
lukso,cebuano
sirado,cebuano
siénto,hiligaynon
lampis,cebuano
alang sa babaye,cebuano
hípi,cebuano
limonada,tagalog
canen,ilocano
hunggaw,cebuano
sugapa,tagalog
kaulaw,cebuano
hanghang,tagalog
údlon,hiligaynon
palamangin,tagalog
dara,ilocano
ministro,ilocano
kamposanto,tagalog
bayóg,hiligaynon
nalabes a cagudua,ilocano
naincalintegan,ilocano
hagdan,cebuano
úgdang,hiligaynon
ubúd-uburán,hiligaynon
maypabrika,tagalog
timec,ilocano
rupeke,tagalog
magpaulik-ulik,tagalog
huwásay,cebuano
pamauna,tagalog
istudiyante,cebuano
sakarina,cebuano
pammati,ilocano
gabing-uwak,tagalog
mapigta,tagalog
rororógan,hiligaynon
libreria,tagalog
humán,hiligaynon
plansa,ilocano
pagkabkab,tagalog
hámpul,hiligaynon
mapatibayan,tagalog
bagâ,hiligaynon
sabungáyngay,hiligaynon
bakunáwa,hiligaynon
ulágon,hiligaynon
salbahis,cebuano
paghupay,cebuano
walang-katotohanan,tagalog
poltri,tagalog
pálung,cebuano
pagsalit,tagalog
isaayos,tagalog
saritaen,ilocano
ulás,hiligaynon
manununod sa kabilin,cebuano
bili,cebuano
sapol sa mula,tagalog
tabingan,tagalog
hútik,cebuano
apindisaytis,cebuano
karot,tagalog
lusay,cebuano
tipo,tagalog
úd-ud,hiligaynon
cristal,ilocano
karakul,cebuano
ipalathala,tagalog
alimbuyugin,tagalog
galî,hiligaynon
umuntol,tagalog
sáb-o,hiligaynon
hadígi,cebuano
ang wala'y Diyos,cebuano
dugámis,cebuano
kundi,tagalog
háp-og,hiligaynon
magbulaan,tagalog
búhin,hiligaynon
tagilma,cebuano
hagod,tagalog
Mahometanismo,tagalog
háwid,hiligaynon
haráhad,hiligaynon
kangrína,cebuano
lingo,cebuano
abyasyon,cebuano
tuyokan sa ligid,cebuano
balándra,hiligaynon
taripnong,ilocano
buluyayawón,hiligaynon
magtagal,tagalog
náwi,cebuano
sambilád,hiligaynon
natibker,ilocano
bagotálos,hiligaynon
dili ikaw,cebuano
suplút-súplut,hiligaynon
hónos,hiligaynon
trak,tagalog
pumapalit,cebuano
panraya,tagalog
ugat,cebuano
pagkamasagwa,tagalog
hamáy,hiligaynon
pagpuno,cebuano
makaparis,tagalog
bagyohon,cebuano
magkasalabid,tagalog
sayup,cebuano
pagyuko,cebuano
barálkan,hiligaynon
haginghing,tagalog
karinderiya,tagalog
sysyon,cebuano
síkit,cebuano
pagkakauntulan,tagalog
lig-on,cebuano
manunuhid,cebuano
bulunakán,hiligaynon
súndal,hiligaynon
balatibát,hiligaynon
lupog,tagalog
eskuylahan,cebuano
sokóg,hiligaynon
bendita,tagalog
alas singko,cebuano
gwánta,hiligaynon
dagiti adalen,ilocano
remata,tagalog
leppasen,ilocano
kartutsu,cebuano
nais,cebuano
isarita,ilocano
tikbil,cebuano
sálig,hiligaynon
deskargo,tagalog
timawa,cebuano
pilusupu,cebuano
lawak,cebuano
nimo,cebuano
holster,tagalog
súlab,cebuano
sukíb,hiligaynon
luba,tagalog
istilwul,cebuano
íkat,cebuano
guwantis,cebuano
gagmáting,cebuano
magpaampang-ampang,tagalog
manggagabot,tagalog
sandalian,tagalog
gisulat,cebuano
mangged,ilocano
súma,hiligaynon
baliwan,ilocano
bisyó-bísyo,hiligaynon
handulungan,tagalog
ulungán,hiligaynon
bilang,ilocano
kalikawin,tagalog
halíntang,hiligaynon
aghuy,cebuano
totoong maingat,tagalog
butang,cebuano
laguna,cebuano
haruhas,cebuano
bunlot,cebuano
tigulang nga babaye'g laksot og panagway,cebuano
salugsug,cebuano
dalikyat,cebuano
wisky,cebuano
bruto,tagalog
manlalaki,tagalog
kahalumigmigan,tagalog
kapalarang di-inaasahan,tagalog
ipatala,tagalog
bagol-bagol,cebuano
limbungan,cebuano
balay hukmanan,cebuano
lipas,tagalog
mínù,cebuano
salírap,cebuano
kanunay,cebuano
mag-imbentaryo,tagalog
kumaykay,tagalog
kamahatagon,cebuano
salabutan,cebuano
nangabac,ilocano
banaag,tagalog
hépe,hiligaynon
patuluyin,tagalog
taeb,tagalog
ipadles,ilocano
basbáson,hiligaynon
hínuk,cebuano
hanús,hiligaynon
asod,tagalog
magsabit,tagalog
takulahaw,cebuano
mamanas,tagalog
sumuntok,tagalog
pagakpak,tagalog
casla-balitoc,ilocano
markahan,cebuano
manganluran,tagalog
umapela,tagalog
kinahanglan,cebuano
petsahan,tagalog
magmakaawa,tagalog
kita,ilocano
panapton,cebuano
makapal na tabla,tagalog
kiryulína,cebuano
paninugdan,cebuano
batong,tagalog
makalilisang,cebuano
desbentaha,tagalog
balintung,cebuano
solisitár,hiligaynon
kalmado,tagalog
tagidiyut,cebuano
eksibit,tagalog
hurót,hiligaynon
lantugay,cebuano
rinyun,cebuano
panagpalawag,ilocano
pamaligyang hutdanay,cebuano
pagi,tagalog
paghimatngon,cebuano
hudikatura,tagalog
mahayap,tagalog
maquina a pangingato; elevator,ilocano
bulíng,hiligaynon
laeng,ilocano
tugtogen,ilocano
húgpay,hiligaynon
malinis,cebuano
baníslak,hiligaynon
pangáwan,cebuano
paghihinguko,tagalog
barung-barong,tagalog
sahang,tagalog
pananaig,tagalog
pagbiya,cebuano
maut,cebuano
bagingan,tagalog
subasta,cebuano
kinamaag,ilocano
pagunien,ilocano
intimánu,cebuano
búog,hiligaynon
mananabas,cebuano
yabî,hiligaynon
bapór,hiligaynon
kabubut-on,cebuano
gaán-gáan,hiligaynon
sulíg,hiligaynon
panday-bakal,tagalog
nadagsen,ilocano
ikwal,tagalog
kasalmotan,cebuano
súul,cebuano
makapasidungog,cebuano
sweldo,cebuano
magniting,tagalog
sarísári,hiligaynon
mahilas,cebuano
kawkawin,tagalog
taksì,cebuano
dibidind,cebuano
sípit,hiligaynon
sursuro,ilocano
hipón-hipón,hiligaynon
panglantaw,cebuano
sukmag,cebuano
tuwi na,tagalog
hérba,hiligaynon
babai a baboy,ilocano
ugsa,ilocano
gumilgil-ayab,ilocano
bangkwang,tagalog
arado,ilocano
iti maysa,ilocano
Sulpur,tagalog
ang pagpatuo nga mao,cebuano
Kawi,tagalog
pinya,cebuano
hilimosón,hiligaynon
lamyat,cebuano
talec,ilocano
paningkamut,cebuano
bísio,hiligaynon
buna,cebuano
dipsomania,tagalog
pagtutulad,tagalog
masusukat,tagalog
súbung,hiligaynon
pamatasan,cebuano
magsaisang-tabi,tagalog
balúd-bálud,hiligaynon
may-akda,tagalog
sulbod,ilocano
pannacabagi,ilocano
wala mabuak,cebuano
sabong,ilocano
bágnos,hiligaynon
halálban,hiligaynon
bago tumanghali,tagalog
kunat,tagalog
taniman,tagalog
rikúbir,cebuano
sipilyo,tagalog
grabeng,cebuano
agtuloy,ilocano
manggas,ilocano
súlit,hiligaynon
pagkamapangamkam,tagalog
lúmid,cebuano
bakak,cebuano
pagka-maganit,tagalog
kalyus,cebuano
panangatur,ilocano
distornilyador,cebuano
"baraw, báraw",cebuano
yukaliptus,cebuano
dúyung,cebuano
sululátan,hiligaynon
Mars,cebuano
pagadalan,ilocano
gimong,ilocano
nahitabo,cebuano
buyúg,hiligaynon
bakarát,hiligaynon
kinaiya,cebuano
hiphip,cebuano
hielo,ilocano
magpatuka,tagalog
tiyempo,tagalog
ratsáda,cebuano
"lagarat, lagárat",cebuano
paggabas,cebuano
hinaw,tagalog
lumba sa dagan,cebuano
bayad,cebuano
ayaw,cebuano
caunegan,ilocano
pisikal,tagalog
batíyà,hiligaynon
ikgam,cebuano
pakyas,cebuano
sulúlhan,hiligaynon
plato,tagalog
sikiting,tagalog
mang-umit,tagalog
bagóong,hiligaynon
hanginéro,hiligaynon
adunahan,cebuano
pag-ismid,tagalog
pisik,tagalog
panaganong pasakali,tagalog
hitabo,cebuano
sungayan,tagalog
nataengan,ilocano
lumagto,ilocano
daotan kaayo,cebuano
patik,cebuano
manininda,cebuano
maalamat,tagalog
palúrus,cebuano
litmo,tagalog
himúlus,cebuano
agsardeng,ilocano
tulot,tagalog
sáplid,hiligaynon
hábas,cebuano
maribuhuk,cebuano
sinulid,ilocano
blakbúting,cebuano
ang kadako,cebuano
yaring-kamay,tagalog
australiano,tagalog
makaagwanta,tagalog
multiplikasyon,tagalog
tsíp,cebuano
holót,hiligaynon
búnggò,hiligaynon
naatamid,ilocano
sopléte,hiligaynon
patigmaan,ilocano
aganung-og,ilocano
gusáb,hiligaynon
posteng pamatnubay,tagalog
silik,cebuano
pagbalhin,cebuano
úgnud,hiligaynon
pampasuka,tagalog
salíndab,hiligaynon
kalibutaa,cebuano
bukbukin,tagalog
panagkita,ilocano
dangran,ilocano
nagliliyab,tagalog
sosón,hiligaynon
magkalmin,tagalog
párut,cebuano
bangga,cebuano
inig-,cebuano
pikì,cebuano
paniudto,cebuano
lalin,tagalog
biyak,tagalog
ibunton,tagalog
kúgi,cebuano
pananaling-haga,tagalog
pagdebosyunan,tagalog
makidigma,tagalog
karatola,cebuano
makatapad,cebuano
dumali,tagalog
nagugumon,tagalog
pakontra,tagalog
mahipan ng hangin,tagalog
alas dos,cebuano
canito,ilocano
latak,tagalog
mamuko,tagalog
binag,cebuano
patakpatak,cebuano
badbad,cebuano
umabot,tagalog
trumpeta,ilocano
pagbugkos,cebuano
salamputánan,hiligaynon
sálug,hiligaynon
karbon,tagalog
pagluthang,cebuano
binunalan,cebuano
pagtuo,cebuano
"lagak, lágak",cebuano
linghud,cebuano
gaan ng kamay,tagalog
ikarga,tagalog
pagtapok,cebuano
bangkuwang,tagalog
pagtapon,cebuano
paggikan,cebuano
pagbutas,tagalog
wárì,cebuano
girúm,hiligaynon
nabilin,cebuano
maiwan,tagalog
taltalan,tagalog
sulúg,hiligaynon
dagiti,ilocano
ticticrobong,ilocano
panagdaliasat,ilocano
hupúng,hiligaynon
kinalit,cebuano
imoral,cebuano
sinuratan,ilocano
húnio,hiligaynon
sa amo,cebuano
pagbabantas,tagalog
tias,ilocano
canito nga awan nasken nga aramiden,ilocano
taginhus,cebuano
gwayabanu,cebuano
saláywan,hiligaynon
napigsa,ilocano
bulúksan,hiligaynon
sagaysay,ilocano
canigid,ilocano
panghaw,cebuano
linog,cebuano
sonambulismo,tagalog
lumo,tagalog
tabili,cebuano
pagbababa,tagalog
sápad,hiligaynon
akwatiko,tagalog
pagkaaba,tagalog
lamuga,tagalog
binúlung,hiligaynon
sunggu,cebuano
Pasku,cebuano
magtitis,tagalog
butilin,tagalog
hipnotismuhin,tagalog
peggad,ilocano
antok,tagalog
sigahúm,hiligaynon
dugay,cebuano
balálkan,hiligaynon
batombalani,ilocano
sanog,tagalog
pait,tagalog
pasinawon,cebuano
alimpulo,cebuano
bayad,cebuano
botica,ilocano
kuyumusin,tagalog
suruan,ilocano
ábat,cebuano
bubuháton,hiligaynon
lighot,cebuano
lipat sa mata,cebuano
kutsetes,tagalog
kumilos,tagalog
agnganga,ilocano
yókyok,hiligaynon
initlog,cebuano
ngutngot,tagalog
mangiba,tagalog
syintu,cebuano
sulup,cebuano
dalit,tagalog
pariugat,tagalog
natangay,tagalog
mas hagkap,cebuano
pisyoterapya,tagalog
sumpal,tagalog
hísà,hiligaynon
dalan,cebuano
búdlò,hiligaynon
sunô,hiligaynon
dagiti,ilocano
saráng,hiligaynon
pagkahagis,tagalog
hunahuna,cebuano
lantip,cebuano
may kinalaman,tagalog
gradwar,cebuano
sana,cebuano
sahót,hiligaynon
hiníti,cebuano
maN-r-ay,cebuano
mapadestino,tagalog
lunod,ilocano
beterano,cebuano
parakayda,tagalog
sa gawas,cebuano
kaserola,tagalog
paglalango,tagalog
mapang-upasala,tagalog
pagtiwa-tiwalagin,tagalog
uged,ilocano
pahunpáhun,cebuano
kwarinta,cebuano
pasgong,cebuano
ante-sala,tagalog
casasaad ti panawen,ilocano
pasiuna pauna,cebuano
ipitan,tagalog
palirong,tagalog
ulaán,hiligaynon
silweta,tagalog
baróng-baróng,hiligaynon
subáng,hiligaynon
disgustáwu,cebuano
liboy dagitabbalani,tagalog
ekonomik,tagalog
sakáte,hiligaynon
síng-it,hiligaynon
pankik,cebuano
rebel,tagalog
magbunton,tagalog
sampalita,cebuano
salang pagbudhi,cebuano
sílong,hiligaynon
kabiglaan,tagalog
pontimpen,tagalog
agcanta iti mainnayat ken nacapsut,ilocano
rúmpag,hiligaynon
kaláyu,cebuano
awan urnos,ilocano
pamilihan ng saping-puhunan,tagalog
pihig,cebuano
dili dutlan,cebuano
kapakanan,tagalog
makahimuot,cebuano
hilód-hílod,hiligaynon
pálid,cebuano
mapanganib,tagalog
dúdung,cebuano
rubya,tagalog
panangis,tagalog
balatáan,hiligaynon
pagkalungkot,tagalog
teolohiya,tagalog
solár,hiligaynon
basá-bása,hiligaynon
hugung,cebuano
mundyal,tagalog
estadistika,tagalog
pabasolen,ilocano
balukay,tagalog
dyíns,cebuano
syúpaw,cebuano
taong bale-wala,tagalog
panangalilaw,ilocano
salipád,hiligaynon
dalaput,cebuano
walang-saya,tagalog
sakarina,tagalog
pagkakakilanlan,tagalog
lugas,cebuano
damuhan,tagalog
hanúdlò,hiligaynon
suwan,cebuano
masupiton sa balaod,cebuano
aramaten iti pagimbagan,ilocano
hingbangkaágan,cebuano
luntian,tagalog
bantugan,cebuano
pala,cebuano
mag-alpombra,tagalog
Eukaristia,tagalog
husto pa,cebuano
katiwalian,tagalog
lúkab,cebuano
dili duktan sa kalayo,cebuano
wagtang,cebuano
tikbas,cebuano
balísa,hiligaynon
silíng ko,hiligaynon
bulitin,tagalog
panagtutudo,ilocano
nuwes,tagalog
sídlaw,hiligaynon
hasol,cebuano
lumiling,tagalog
mangapit-bayan,tagalog
"súlhan, sólhan",hiligaynon
lingay,tagalog
igpot,cebuano
maagapon sa higayon,cebuano
Sabado ug Dominggo,cebuano
pagbibigay-bisa,tagalog
betun,tagalog
húpit,hiligaynon
trín,cebuano
tingali,cebuano
kabaryu,cebuano
pumasak,tagalog
ientrega,tagalog
manghibok,tagalog
tapunan,tagalog
hukot,cebuano
lintuhílas,cebuano
igiban,tagalog
kinasuokan,cebuano
panangicaso,ilocano
"bilinhión, bilinhíon",hiligaynon
surháno,hiligaynon
serádo,hiligaynon
amaspas,cebuano
siwit,cebuano
"búk-an, búk-on, etc.",hiligaynon
ipambuli,tagalog
panagalis,ilocano
hiwál,hiligaynon
tulag,ilocano
rástra,hiligaynon
gansang-gansang,cebuano
sibilisar,cebuano
salagasák,hiligaynon
himatayón,hiligaynon
pagmahal,cebuano
gíwà,hiligaynon
Manganis,tagalog
udlot,tagalog
bitâ,hiligaynon
maghuhupot,cebuano
lapot,tagalog
pahigain,tagalog
sinélas,hiligaynon
panaderia,ilocano
himuligót,hiligaynon
pirpiktu,cebuano
kurutin,tagalog
resulta,tagalog
hilot,cebuano
salámbud,hiligaynon
karne ng tupa,tagalog
piltacan,ilocano
pakikipag-ayos,tagalog
tábà,hiligaynon
pagsira,tagalog
aramid,ilocano
súndal,hiligaynon
"bilíbid, bilibíd",hiligaynon
tabyog-tabyog,cebuano
habóy,hiligaynon
magkakatulong,tagalog
adyinda,cebuano
nam-ay,ilocano
mamataan,tagalog
pagado,tagalog
mabination,cebuano
tagapagmana,tagalog
may-kagagawan,tagalog
hura,tagalog
buslutón,hiligaynon
panangawat,ilocano
"basas, básas",cebuano
"kura, kúra",cebuano
badlit,cebuano
talakayan,tagalog
pagsunog sa dagitab,cebuano
halóp,hiligaynon
solusiyon,tagalog
surúdlan,hiligaynon
gabang,cebuano
walang-tawad,tagalog
"disimitru, disimitrus",cebuano
búnal,hiligaynon
kaliksihan,tagalog
hómoy,hiligaynon
tingali,cebuano
maakusar,cebuano
súkad,hiligaynon
yari sa ginto,tagalog
maglihaman,tagalog
hilunó,hiligaynon
tetilya,tagalog
pagkawalang-galang,tagalog
bulandus,cebuano
yaruk,cebuano
natalinaay,ilocano
kuwa-,cebuano
gamót,hiligaynon
laksan,tagalog
bani-ól,hiligaynon
managdayaw,ilocano
ikatahimik,tagalog
hunggal,cebuano
híos,hiligaynon
ugdángan,hiligaynon
maabsuwelto,tagalog
sát-um,hiligaynon
launen,ilocano
yapyapan,tagalog
kuwaltahin,tagalog
tacupan,ilocano
pagmumuni,tagalog
kuyumpit,tagalog
uháw,hiligaynon
agiw,tagalog
súnlug,hiligaynon
sulat,cebuano
balos,cebuano
tigpaminaw,cebuano
gata ng niyog,tagalog
udág,hiligaynon
matirik,tagalog
haráw,hiligaynon
sugot,cebuano
tampì,cebuano
lisod basahon,cebuano
hagtik,cebuano
iturong,ilocano
hár-as,hiligaynon
salíyab,cebuano
indig,cebuano
area,tagalog
rapunáya,hiligaynon
manigo,tagalog
iladawan,ilocano
partac,ilocano
tagíma,cebuano
tawag sa hukmanan,cebuano
kuliut,cebuano
multa,tagalog
kapaya,cebuano
balisa,tagalog
tunghayan,tagalog
húnad,hiligaynon
pugto,tagalog
magboda-de-plata,tagalog
ganánsya,hiligaynon
pinagkaisahan,tagalog
tingog,cebuano
penahan,tagalog
tábad,hiligaynon
sobreseimyénto,hiligaynon
halús,hiligaynon
regalo,tagalog
táblaw,hiligaynon
hunong,cebuano
komisyonado,tagalog
pasibot,cebuano
pagkabulalas,tagalog
swít,cebuano
kabalyero,cebuano
kaguliyang,cebuano
nakahugpong,tagalog
batitís,hiligaynon
magpahaba,tagalog
sárì,hiligaynon
pagsisiyam,tagalog
manahi,tagalog
kultibasyon,tagalog
pípar bag,cebuano
duut,cebuano
larawan,cebuano
údyong,hiligaynon
hilíung,hiligaynon
lunag,cebuano
maipapan iti away wenno pastor,ilocano
ited,ilocano
sandánaw,cebuano
"tingkagul, tingkágul",cebuano
sip-un,cebuano
payo,tagalog
timpiratúra,cebuano
sup dringk,cebuano
hilirihî,hiligaynon
haláyhay,hiligaynon
hukhuk,cebuano
maggugulay,tagalog
dagayday,cebuano
dumungaw,tagalog
hilisaysáyon,hiligaynon
agtugtugaw,ilocano
naluom,ilocano
risetaryo,tagalog
amiten,ilocano
wangî-wángì,hiligaynon
paliting batas,tagalog
pagtrato (sa kapwa),tagalog
súr-ab,hiligaynon
panlima,tagalog
sanligan,tagalog
pagsasao,ilocano
aglaclaco,ilocano
bugnaw,cebuano
dayag,cebuano
managcararag,ilocano
madumtanon,cebuano
pagdumot,cebuano
Greko,tagalog
pagkamautita,tagalog
magpaluwang,tagalog
pagkawakaak,tagalog
táping,cebuano
ampiyun,cebuano
tubo,cebuano
makalingaw nga tan-awon,cebuano
tinuryu,cebuano
asarol,tagalog
"tábos, tabós",hiligaynon
ginsakúpan,hiligaynon
Asia,tagalog
lumamukos,tagalog
andam,cebuano
kutog,tagalog
diyusin,tagalog
saragiwít,hiligaynon
sarampáda,hiligaynon
samaláyhaw,hiligaynon
palingkawas,cebuano
kinikilalang anak,tagalog
buláw,hiligaynon
batóbantilíngon,hiligaynon
salâ-sálà,hiligaynon
makipagsayaw,tagalog
ipamatmat,ilocano
sang-isahan,tagalog
sarita,ilocano
bugbug,cebuano
pirs,cebuano
panagsiddaaw,ilocano
hinungdanon,cebuano
tigpaminaw,cebuano
paglaba,cebuano
pilayt,tagalog
panuwitik,cebuano
magpahayin,tagalog
idrasiyon,tagalog
dugo,tagalog
pagastahin,tagalog
yádan,hiligaynon
magguwarnisyon,tagalog
tabanog,cebuano
buraybúray,cebuano
pala,ilocano
"rúgya, rugyá",hiligaynon
panakot,cebuano
magpatao,tagalog
bangus,cebuano
mas lapad,cebuano
hinun-ánon,hiligaynon
sa langit,cebuano
paghiabot sa,cebuano
nasken,ilocano
labtik,tagalog
gamay nga tindahan,cebuano
agpungtot,ilocano
sumungbat,ilocano
atag,tagalog
naladingit malidliday,ilocano
salákay,hiligaynon
kalasaluan,cebuano
Domingo,ilocano
pagganti,cebuano
amistad,cebuano
magpataw ng buwis,tagalog
gurábon,hiligaynon
agiccat,ilocano
katapusan,cebuano
tinagik,cebuano
cudduten,ilocano
saan,tagalog
grabador,tagalog
salun-at,ilocano
rayama,tagalog
bililhang,cebuano
pagka-malabsak,tagalog
kabayo nga baye,cebuano
pait,tagalog
líbur,cebuano
sarkedan,ilocano
pagsasalamin,tagalog
yúka,cebuano
ilaga,cebuano
mapangiwi,tagalog
mamintog,tagalog
mud-uk,cebuano
naanus,ilocano
buthù,cebuano
paguhuin,tagalog
kakisigan,tagalog
bendíta,hiligaynon
tatuwa,cebuano
kademonyuhan,tagalog
madyung,cebuano
balók-an,hiligaynon
taranta,tagalog
bassit a carayan,ilocano
gipangunayan,cebuano
supang,cebuano
magusot,tagalog
súpuk,hiligaynon
pagsasanggunian,tagalog
liga,cebuano
malipayon,cebuano
gáyid,cebuano
gangsterismo,tagalog
mapa aron-ingnon,cebuano
pinagmulan sa panig ng ama,tagalog
pamanli,tagalog
hindi natitiyak,tagalog
magpabansag,tagalog
katalaghayan,tagalog
di-mapagtitiwalaan,tagalog
masupil,tagalog
mulitan,ilocano
gándo,hiligaynon
wáli,cebuano
balbasin,tagalog
tagari,ilocano
panitin,tagalog
hádoy,hiligaynon
eskomulgasyon,tagalog
duroha,cebuano
mag-agwanta,tagalog
taghap,cebuano
pagkukulang,tagalog
tinig,tagalog
mapaghimagsik,tagalog
papagduetuhin,tagalog
gámaw,cebuano
bitang,cebuano
halea,tagalog
ang pagbuot,cebuano
sinikwat,tagalog
selang,tagalog
kárul,cebuano
hilímson,hiligaynon
makipagtulungan,tagalog
harsiya,cebuano
iccaten,ilocano
bilyaka,tagalog
iskiping rup,cebuano
kalalis,cebuano
ngánu,cebuano
naanag,ilocano
maglalakaw,cebuano
"bályog, balyóg",hiligaynon
krast,tagalog
baliwan ti urnos,ilocano
tabla,ilocano
gakíd-gakíd,hiligaynon
dahili,cebuano
paghati-hatiin,tagalog
kúnat,cebuano
agaab,cebuano
pusible,tagalog
panagmascara,ilocano
tabú-tabú,hiligaynon
rilyeno,tagalog
magkukumpas,tagalog
sa hinay,cebuano
ubbing,ilocano
kaadlawon,cebuano
sing,hiligaynon
"pigsit, pigsut",cebuano
bágyo,hiligaynon
napalet,ilocano
lumboy,ilocano
nasaktan,tagalog
regular,tagalog
kahimayaan,cebuano
linauman,cebuano
danlak,cebuano
mapagpatawad,tagalog
kusung,cebuano
kubrikáma,cebuano
magkasapanahon,tagalog
binuligáy,hiligaynon
subali,tagalog
magrehas,tagalog
tuy-ud,cebuano
gramatica,ilocano
walang-abiso,tagalog
ságrit,hiligaynon
nasignet,ilocano
magbakbak ng balat,tagalog
agtaeng,ilocano
pulákut,cebuano
pag-ubo,tagalog
kū́b,cebuano
ambuhotan,cebuano
maghugpong,tagalog
sayawan,cebuano
takiang,cebuano
nais,tagalog
agay-ayus,ilocano
laud,cebuano
haláyan,hiligaynon
Asupre,tagalog
agtabas iti lalat,ilocano
tinawen,ilocano
salahóton,hiligaynon
drastik,tagalog
nabileg,ilocano
nangato,ilocano
sipo,tagalog
yasang,tagalog
medli,tagalog
wangki-wangki,tagalog
paltok,tagalog
platerya,tagalog
agpaay iti babai,ilocano
may-utang-na-loob,tagalog
emperador,ilocano
rangtay,ilocano
ragsac,ilocano
halangdon,cebuano
pagpapaliwanag,tagalog
ikawing,tagalog
"relihiósa, -o",hiligaynon
nalingetan,ilocano
panganud,cebuano
cayumanggi,ilocano
makatawa,tagalog
taytayan,cebuano
tumuay,tagalog
sayod,tagalog
hakog,cebuano
bayangbáyang,cebuano
batong-langis,tagalog
panteismo,tagalog
kuripot,tagalog
bugaan,tagalog
húni,cebuano
magmamanok,tagalog
imbyirnu,cebuano
taklid,cebuano
saan nga ibibiang,ilocano
hídlaw,hiligaynon
sadiay,ilocano
damit na pantrabaho,tagalog
gulâ-gúlà,hiligaynon
magpakintab,tagalog
wala'y kahanas,cebuano
sánaw,cebuano
ginakatuháyan,hiligaynon
kasaliw,tagalog
Iyurúpa,cebuano
gayumahin,tagalog
bándi,hiligaynon
magkagusto,tagalog
mapagtalacan,ilocano
laco,ilocano
laugan,cebuano
pamantayan,tagalog
kapuslanan,cebuano
partac,ilocano
búghà,hiligaynon
labihang,cebuano
butâ,hiligaynon
mama,tagalog
tengnged,ilocano
nuugnuug,cebuano
mantágà,cebuano
bulyaw,tagalog
peke,cebuano
bangas,tagalog
paghuhugas,tagalog
sa medisina,cebuano
likaw,tagalog
pagdumala,cebuano
kanunisar,cebuano
partido,tagalog
bumangon,ilocano
pungka,tagalog
padunggon,cebuano
pulgada,ilocano
kinikilingan,tagalog
kutitap,tagalog
unang pagpalis sa katilingban,cebuano
giláng,hiligaynon
panangpasurot,ilocano
kinahatian,tagalog
pagsasao a tanda,ilocano
piling,tagalog
balíling,hiligaynon
anak na pangaman,tagalog
mangang-angaw,ilocano
tiklù,cebuano
bagtok,cebuano
kuyabug,cebuano
panangipagarup,ilocano
sangkà,cebuano
pagngisi,tagalog
sabali,ilocano
pagkasawa,tagalog
minudensiya,tagalog
rígya,hiligaynon
bulan,ilocano
ditoy,ilocano
masasal,tagalog
bulúsbúlus,hiligaynon
igalaw,tagalog
casapulan,ilocano
salápding,hiligaynon
pagkakalubog,tagalog
ukáb,hiligaynon
balahibuhin,tagalog
búgnos,hiligaynon
pilik,cebuano
yúgyug,hiligaynon
ságpong,hiligaynon
tungkalù,cebuano
agasan,ilocano
mag-embargo,tagalog
paglilinang,tagalog
pagpildi,cebuano
támà,cebuano
bibingca,ilocano
motel,cebuano
sululbaron,cebuano
yawan-on,cebuano
púril,cebuano
pakikialam,tagalog
butá-búta,hiligaynon
pasakayin,tagalog
síndi,hiligaynon
"wítwit, wít-wit",hiligaynon
unahan,tagalog
"kimut, kímut, kim-ut",cebuano
bitaug,cebuano
maicasangapulo ket siam,ilocano
sarsa,cebuano
yaya,cebuano
iyak-iyak,cebuano
igpapala,cebuano
hálin,hiligaynon
kalimbagas,cebuano
paglikha,tagalog
busúngan,hiligaynon
intrans,cebuano
pag-isa,cebuano
tábung,cebuano
babaye nga balo,cebuano
inila,cebuano
hút-ong,hiligaynon
politiko,tagalog
minilyan,cebuano
pasulit,cebuano
gugma,cebuano
karang,tagalog
mabaho,tagalog
búnggò,hiligaynon
eskorpiyon,tagalog
takot,cebuano
iroskas,tagalog
nito,tagalog
hilumon,cebuano
kinugos,cebuano
bulbol,tagalog
panultihon,cebuano
para (nako),cebuano
sagawisiw,ilocano
saan nanglimlimo,ilocano
gakóm,hiligaynon
pag-una,cebuano
panina,tagalog
pagbabagay,tagalog
nagatel,ilocano
rekisito,tagalog
kunsintǐr,cebuano
naunget,ilocano
kátids indastri,cebuano
luwa,cebuano
baák,hiligaynon
pahingutuhan,tagalog
pagkapangulo,tagalog
sugot,cebuano
iskilibinti,cebuano
maglagay ng muwebles,tagalog
moapinig,cebuano
tubigan sa kamingawan,cebuano
gimingaw,cebuano
dusa,ilocano
mauyunon,cebuano
búhò,hiligaynon
ulanag,tagalog
atubangan,cebuano
paglampos,cebuano
hágok,hiligaynon
alusíman,cebuano
katul,cebuano
martillo,ilocano
maramtan,tagalog
komunista,tagalog
maicasangagasut a taen,ilocano
pagsapi,tagalog
balisbis,tagalog
agdalos iti sapatos,ilocano
hapin sa lawas,cebuano
hanguin,tagalog
baláy-bálay,hiligaynon
naliday,ilocano
tápuk,cebuano
panggep,ilocano
paglakas,tagalog
makilaoc,ilocano
tábaw,cebuano
siwálo,hiligaynon
bátwan,hiligaynon
sílak,hiligaynon
upaw,tagalog
igsapayan,cebuano
maabtik,cebuano
pigsat,cebuano
pilit,cebuano
gusù,cebuano
raán,hiligaynon
bágting,hiligaynon
pagtunaw,cebuano
nalawlaw,ilocano
ulit,tagalog
sídlang,hiligaynon
pasubalian,tagalog
di-magkasundo-sundo,tagalog
sangga,cebuano
misteryo,tagalog
pagdumot,cebuano
sánlab,hiligaynon
kareton,cebuano
timel,ilocano
pausliin,tagalog
akikid,ilocano
napakalayo,tagalog
magmatulin,tagalog
"pagan, págan",cebuano
katala,tagalog
epron,tagalog
bitsokóy,hiligaynon
mao ra,cebuano
kamusmusan,tagalog
pagpaimbagan,ilocano
sekante,tagalog
paslig,cebuano
dayon,cebuano
bág-id,hiligaynon
binó,hiligaynon
maghiwa-hiwa,tagalog
sulúdsud,hiligaynon
sudlut,cebuano
sáksak,hiligaynon
"yégua, yégwa",hiligaynon
buruha,tagalog
ilalum sa yuta,cebuano
hingapusón,hiligaynon
syílak,cebuano
wataswatas,cebuano
fiésta,hiligaynon
pagkakalaban-laban ng mga kuru-kuro,tagalog
sumina,ilocano
tungko,tagalog
salágsag,hiligaynon
alampad,cebuano
hanay,cebuano
baga,tagalog
tulbec,ilocano
kaalisangsangan,tagalog
sumasagot,tagalog
rawet,ilocano
balintang,tagalog
salabutan,cebuano
eksemted,tagalog
maghubo,cebuano
gamay nga tuwalya,cebuano
palakpak,cebuano
talahaw,cebuano
maipapan iti panaglaco,ilocano
gumunhap,cebuano
kabad,cebuano
ilaco iti sabali a daga,ilocano
mag-apat,tagalog
bangál,hiligaynon
yútyut,hiligaynon
hingahinga,cebuano
Irlandes,tagalog
kawu,cebuano
pinilopilo,cebuano
agpalpalimos,ilocano
pasalin ng dugo,tagalog
magkita,cebuano
páaw,cebuano
gikabuangan,cebuano
masilabon,cebuano
tanda,ilocano
silaw,tagalog
punta,cebuano
magbitun,tagalog
sakit,ilocano
baywang,tagalog
nacaal-alingget,ilocano
galipen,ilocano
ipaaramid,ilocano
di-palak,tagalog
bahay-kapisanan,tagalog
góma,hiligaynon
wawa,tagalog
salaysayin,tagalog
sipilya,cebuano
casasaad,ilocano
magkarera,tagalog
hatdug,cebuano
tundan,cebuano
sicacapet,ilocano
ugnuk,cebuano
kabituinan,tagalog
magpapatigayon,cebuano
ganituhin,tagalog
"úho, uhó",hiligaynon
agpaut,ilocano
magpadamit,tagalog
panagiray,ilocano
singasing,ilocano
paanad,cebuano
agundayas,ilocano
kontador,tagalog
manggaya,tagalog
sírì,hiligaynon
lipong,cebuano
dílì,cebuano
panangpaungar,ilocano
magpalimos,tagalog
rahuyuin,tagalog
sumambot,tagalog
kaharianon,cebuano
paco,ilocano
mantalaan sa mga minugbong balita,cebuano
makulta,tagalog
Enero,tagalog
amagong,tagalog
byúdu,cebuano
panatiko,cebuano
sáwut,cebuano
nalaing,ilocano
unsa pa man,cebuano
panukalain,tagalog
bahúlay,hiligaynon
magpamatok,tagalog
simsim,cebuano
aanga-anga,tagalog
gámbal,hiligaynon
aglangoy,ilocano
tabákò,hiligaynon
hingawat,cebuano
bantot,tagalog
mantilya,cebuano
uppatan,ilocano
gawi,cebuano
kasap,cebuano
remedio,tagalog
tenyente-heneral,tagalog
bankolitón,hiligaynon
sawil,tagalog
sul-ob,cebuano
muntǎr,cebuano
ministro,ilocano
lathi,tagalog
pambalot,cebuano
díhug,cebuano
dikta,tagalog
abagatan,ilocano
iliw,tagalog
mabinantayon,cebuano
himlayan,tagalog
malawig,cebuano
pusturyoso,tagalog
puthaw,cebuano
nursery,tagalog
ilapit,tagalog
saan a pannangan,ilocano
dadal,ilocano
sapulen,ilocano
sa ingon,cebuano
lumapad,tagalog
Diantres!,tagalog
saan nasimpa,ilocano
súduy,cebuano
miagi,cebuano
magtamong-ligaya,tagalog
galingan,tagalog
sumama ang loob,tagalog
panúni,cebuano
isad-ay,cebuano
"sultáda, soltáda",hiligaynon
ukuy,cebuano
rekording,tagalog
pamuasa,cebuano
playing súsir,cebuano
hitakos,cebuano
pagtuo,cebuano
maestro,ilocano
mapait,cebuano
macaturturog macadungdungsa,ilocano
báyhon,hiligaynon
gupongen,ilocano
maluya,cebuano
idayaw,ilocano
balinsuguan,cebuano
plahiyador,tagalog
makapinsala,tagalog
kauban,cebuano
pumista,tagalog
báud,cebuano
nadagsen,ilocano
baskag,cebuano
"purhisyu, purhwisyu",cebuano
pumunit,tagalog
baakin,tagalog
balakyot,tagalog
banigin,tagalog
húkaw,hiligaynon
pagdumala,cebuano
sintinaryu,cebuano
usang barako,tagalog
pagsalig,cebuano
kato,cebuano
submarine,tagalog
kaang,tagalog
sigingsiging,cebuano
babayén-on,hiligaynon
hagúlut,hiligaynon
sanga,ilocano
santolón,hiligaynon
amorseko,tagalog
sagubanit,ilocano
pangunahing lunas,tagalog
tábì,cebuano
pagsamo,tagalog
tagapagretoke,tagalog
wala'y sapin,cebuano
magkamison,tagalog
pag-akyat,tagalog
angtud,cebuano
bumaluktot,tagalog
panangisuro,ilocano
paninimbang,tagalog
lalaki,cebuano
salabát,hiligaynon
magsalita,tagalog
"kinis, kínis",cebuano
repinado,tagalog
ayaban,ilocano
Ribirindu,cebuano
klasipikasyon,tagalog
súgut,cebuano
sál-ag,hiligaynon
kagawasan,cebuano
kinsa,cebuano
bílbig,hiligaynon
pangungupit,tagalog
apisyunado,tagalog
dumalangin,tagalog
umaabot,cebuano
akademista,tagalog
iccaten,ilocano
grispul,cebuano
bastus,cebuano
tactica,ilocano
magkakanta,cebuano
pangangasim,tagalog
maamping,cebuano
balinuhin,tagalog
tinteruhan,tagalog
gánoy,hiligaynon
traspurti,cebuano
malaman,tagalog
pileen,ilocano
pasteleria,tagalog
monasteryo,cebuano
maganda,cebuano
saksak,cebuano
lisod sulbaron,cebuano
úgnud,hiligaynon
ngiyaw,tagalog
hemelo,tagalog
dumahak,tagalog
sálog,hiligaynon
bubot,tagalog
pagluhog,tagalog
paudyukan,tagalog
pagkakayakap,tagalog
sugpong,tagalog
hunásan,hiligaynon
haplak,cebuano
kuliktar,cebuano
naalas,ilocano
humalinghing,tagalog
ugma sa gabii,cebuano
padpad,tagalog
galing,tagalog
antuwánga,cebuano
dawayen,ilocano
nakaiinis,tagalog
lala,cebuano
lagumon,cebuano
salikâ,hiligaynon
bórda,hiligaynon
kahilwasan,cebuano
tibáwas,cebuano
kasalantaan,tagalog
hilihid,tagalog
gamhánan,hiligaynon
hubugin,tagalog
metodo,tagalog
bandu,cebuano
gingharian,cebuano
gidak-on,cebuano
pangita,cebuano
subwak,cebuano
pangganti,tagalog
paglalabra,tagalog
kuwang,cebuano
píting,cebuano
sara,tagalog
pag-iingat,tagalog
programa,cebuano
kabuntagon,cebuano
súmbag,hiligaynon
adj maul-ulaw,ilocano
paglait,tagalog
pambulsa,tagalog
báyud,cebuano
napartac,ilocano
kulas,tagalog
ibaon,ilocano
ipagtahi,tagalog
pagmuni-munihin,tagalog
baráy-báray,hiligaynon
sákà,hiligaynon
magbaile,tagalog
kina,tagalog
kopon,tagalog
papanuluyin,tagalog
basilo,tagalog
ti mangallilaw iti ricna,ilocano
natalna,ilocano
kalúbid,cebuano
lami,cebuano
sibin-ilíbin,cebuano
ríkot,hiligaynon
bílu,cebuano
sangáy,hiligaynon
hawod,cebuano
adya,tagalog
balisaksakan,tagalog
haín,hiligaynon
abtik,cebuano
silíng,hiligaynon
bílas,hiligaynon
mukhang-bangkay,tagalog
suso,ilocano
hiráw,hiligaynon
kampay,tagalog
mas baskog,cebuano
magpaimbulog,tagalog
barat,cebuano
apo a baket,ilocano
katapatan,tagalog
súlak,hiligaynon
kupog,cebuano
atup-atup,cebuano
bilang ti natay,ilocano
pag-ulok,tagalog
salábdan,hiligaynon
dali makabati,cebuano
hilat,tagalog
mag-ulik-ulik,tagalog
gulínat,hiligaynon
wala'y kamatayon,cebuano
súplut,hiligaynon
ginday,tagalog
magtruck,tagalog
agturay,ilocano
mahitik,tagalog
gikás,hiligaynon
ireppet,ilocano
lihay,cebuano
pustorawo,cebuano
dekalogo,tagalog
gánas,hiligaynon
gataan,tagalog
dismaya,tagalog
murtal,cebuano
magpatimbang,tagalog
pangilin,cebuano
giuhaw,cebuano
pandekorasyon,tagalog
pakita sa kamatuoran,cebuano
sa iyo,tagalog
nakayakyak,tagalog
mukhain,tagalog
manghod,cebuano
bulád,hiligaynon
nadumaduma a kita,ilocano
tagiltil,cebuano
tiklop,tagalog
pugto,ilocano
galastóhon,hiligaynon
bisita,cebuano
pilion,cebuano
siripálan,hiligaynon
gulhù,cebuano
naulbod,ilocano
pakshul,cebuano
biya,tagalog
estola,tagalog
palaaway,cebuano
sumaklang,tagalog
bensido,tagalog
batulang,tagalog
salig-ay,cebuano
balibad,cebuano
calesa,ilocano
abhak,cebuano
makita,cebuano
parating,tagalog
parnásu,cebuano
hálad,hiligaynon
tuminis,tagalog
pagbati,cebuano
diit,tagalog
lusaw,tagalog
simintu,cebuano
paggaling,cebuano
kultura,tagalog
tapno,ilocano
bahay-sanglaan,tagalog
pagtatluhin,tagalog
kini,cebuano
palanas,cebuano
tadlong,tagalog
parehas sa,cebuano
integrasyon,tagalog
tsipun,cebuano
pagmamaliklik,tagalog
bálag,hiligaynon
ayáay,cebuano
bulwak,tagalog
bílin,hiligaynon
kada usa,cebuano
bulabok,tagalog
pagkakalapat,tagalog
pagablan,ilocano
kalimitan,tagalog
ikalat,tagalog
tuslud,cebuano
dagom,ilocano
gangganaet,ilocano
itsas,cebuano
grado,ilocano
kapitalista,cebuano
balásan,hiligaynon
súndang,hiligaynon
makahahadlok,cebuano
hádak,hiligaynon
suyákon,hiligaynon
magpapatay,cebuano
kumunismu,cebuano
carcarna,ilocano
kawad-on,cebuano
bunbun,cebuano
timpla,cebuano
padyamas,tagalog
suyaab,ilocano
bàbà,cebuano
lumteg,ilocano
konsagrasyon,tagalog
kúlan,cebuano
ságyad,hiligaynon
wanwi,cebuano
napigket,ilocano
bawug,cebuano
tam-is,cebuano
hiwì,cebuano
maminto,tagalog
"sulukusák, sulukúsak",hiligaynon
sagóksok,hiligaynon
lundag,tagalog
padedehin,tagalog
patambakan,tagalog
sasanto,ilocano
babaon,cebuano
Sabong ti Mayo,ilocano
bakalan,tagalog
agballa,ilocano
lukas,cebuano
yugtu-yugto,tagalog
lumason,tagalog
romantika,tagalog
nakasara,tagalog
búnlak,hiligaynon
pag-aalun-alon,tagalog
tumayung-tayong,tagalog
pakilos,tagalog
rimurki,cebuano
handilítik,cebuano
dúsi,cebuano
sápyaw,hiligaynon
mag-ebakwet,tagalog
tigbuhol,tagalog
naudtuhan,cebuano
Mampur,cebuano
arcosan,ilocano
rámas,hiligaynon
balay,ilocano
pala,tagalog
dambil,cebuano
balangisí,hiligaynon
kakulian,cebuano
katarungan,tagalog
maong,tagalog
ayon,cebuano
calle,ilocano
manyampuk,cebuano
pangatungdanan,cebuano
hagóyhágoy,hiligaynon
pagbaskog,cebuano
laslasin,tagalog
gúrus,hiligaynon
hindang,cebuano
masigawin,tagalog
poligamia,tagalog
sakit,cebuano
iyaadyo,ilocano
tag-iya sa bahin,cebuano
pamunuan,tagalog
patusin,tagalog
iti ngato,ilocano
rúngkab,hiligaynon
angkla,cebuano
sigaw,tagalog
inaugurahan,tagalog
tuybù,cebuano
obligahin,tagalog
suám,hiligaynon
kapin,cebuano
magkatipan,tagalog
bágol,hiligaynon
mamandoan,cebuano
pagpalamiis,ilocano
agsungbat,ilocano
supiat,ilocano
kinaiya,cebuano
balot,tagalog
disipulo,tagalog
uyon,cebuano
pimpin,tagalog
pagsibak,tagalog
sa dinuyogay,cebuano
wala'y kinabuhi,cebuano
pákut,cebuano
mag-ayos,tagalog
runawen,ilocano
dáma,cebuano
pandugsong,tagalog
canayonan ti sentencia (sentencia in grammar) nga addaan ti masasao,ilocano
pangula,ilocano
lingig,cebuano
"kula, kúla",cebuano
kawatan,tagalog
marisko,tagalog
sunluk,cebuano
patalbugin,tagalog
kabutil,tagalog
bahíya,cebuano
radyo resiber,tagalog
sa kimiko,cebuano
linutoan sa sud-an,cebuano
apalan,ilocano
kahimayaan,cebuano
banyádas,hiligaynon
kinamaingel,ilocano
isamo,tagalog
baláking,hiligaynon
báog,hiligaynon
tala,cebuano
anay,cebuano
tabì,cebuano
canayon,ilocano
carayan,ilocano
hakab,tagalog
itupi,tagalog
umutal-utal,tagalog
"waáy, wa'áy",hiligaynon
ság-ud,hiligaynon
nasantuan,ilocano
tahik,tagalog
kumpiskǎr,cebuano
eskandalo,tagalog
taghud,cebuano
burungáyngay,hiligaynon
uramen,ilocano
aristokrasya,tagalog
patanong,tagalog
distrungkahin,tagalog
manindigan,tagalog
bumakli,tagalog
pili,ilocano
digahan,tagalog
pagngalan,cebuano
dapya,cebuano
ikaduha,cebuano
bandehado,tagalog
rublis,cebuano
maicadua a panangkita,ilocano
tapyas,tagalog
kamp,tagalog
íway,cebuano
antropolohia,tagalog
paghihinuha,tagalog
sórò,hiligaynon
magtatag,tagalog
washer,tagalog
kunot-noo,tagalog
pagtinguha,cebuano
tíbak,cebuano
samut-samot,tagalog
karnerohon,cebuano
dyákit,cebuano
cababalin,ilocano
taluktok,tagalog
"háwas, háw-as",hiligaynon
sapsap,cebuano
gitì,cebuano
agay-aywan iti funeraria,ilocano
nagsasayaw (ang -),tagalog
panagriing,ilocano
mangtaming iti libro ti negocio,ilocano
paspuru,cebuano
suwab,cebuano
sángkap,hiligaynon
"úgtan, etc.",hiligaynon
antangan,tagalog
"habókon, habokón",hiligaynon
kahista,cebuano
kamahalan,tagalog
salansanan,tagalog
humihip,tagalog
obligasyon,cebuano
basahanin,tagalog
pagkatuyo,tagalog
baro,ilocano
naraniag,ilocano
hamulák,hiligaynon
magdudumala,cebuano
taliti,cebuano
hulagpos,tagalog
ti tattao ti ili,ilocano
mortero,tagalog
kaasalan,tagalog
tuunan,tagalog
sikúktut,hiligaynon
bikwálon,hiligaynon
tabyáyung,cebuano
sa tinuod,cebuano
ramáy,hiligaynon
pirgis,ilocano
iskrip,cebuano
pagmatuod,cebuano
Martis,cebuano
sigik,tagalog
maleta,ilocano
áyag,cebuano
abangan,ilocano
buntalan,tagalog
kalbit,tagalog
sákut,cebuano
busog na,cebuano
magkatao,tagalog
ulutwásan,hiligaynon
kaplag,cebuano
ipagpaibang-araw,tagalog
lubahin,tagalog
bílo,hiligaynon
kabang,cebuano
akyut,cebuano
unsiyálan,cebuano
pagkakita,tagalog
riurganisar,cebuano
admitídu,cebuano
suspinsu,cebuano
makadiskubre,tagalog
kimpitay,cebuano
pagpagahom,cebuano
pispis,tagalog
garantia,tagalog
aliwárus,cebuano
punong sugnay,tagalog
pagkakagusot,tagalog
estima,tagalog
arac,ilocano
ugpù,cebuano
naipadackel a letra,ilocano
gama,cebuano
polisa,tagalog
tanque,ilocano
"ibabaw, ibábaw",cebuano
tilagak,cebuano
atmospera,tagalog
agmaymaysa,ilocano
puta,cebuano
búgwak,hiligaynon
kalipikasyon,tagalog
pagsama,tagalog
hulad,cebuano
latak,cebuano
panggep,ilocano
múbil,cebuano
musa,tagalog
hupsáray,hiligaynon
pitpit,cebuano
isangla,tagalog
mahigit,tagalog
tangkol,cebuano
yatyat,cebuano
ngidngid,cebuano
ipagkapuri,tagalog
orakulo,cebuano
liwat,tagalog
matiisin,tagalog
naa mo?,cebuano
lipak,tagalog
hagukâ,hiligaynon
calapaw,ilocano
bangalga,cebuano
ipasabi,tagalog
kikilan,tagalog
umunlad,tagalog
suok,cebuano
nánuy,cebuano
dakong itaas,tagalog
culot babaen ti ima,ilocano
"habál, hábal",hiligaynon
gasgas,cebuano
pugas,cebuano
dala-dalawa,tagalog
kanang,cebuano
banggun,cebuano
kábaw,cebuano
laon,tagalog
maggayat,tagalog
kalkal,tagalog
hapak,cebuano
bisíto,hiligaynon
antibayutiku,cebuano
magmagaling,tagalog
alang-alang,cebuano
pawíkan,cebuano
nangabac,ilocano
masonero,ilocano
kahamili,cebuano
paghatag,cebuano
balátas,hiligaynon
mapabangga,tagalog
tuon,tagalog
kursuhin,tagalog
dragon,tagalog
malinis,cebuano
panagtitipon,ilocano
lumadlad,tagalog
magpasikat,cebuano
panangatipa,ilocano
agsipud,ilocano
pagtugawan,ilocano
tono,cebuano
transperensya,tagalog
traksiyon,tagalog
nadursoc,ilocano
sádsad,hiligaynon
hanás,hiligaynon
lilong,cebuano
bánglid,hiligaynon
gilagiran,tagalog
hínul,cebuano
abalbalay,ilocano
mahiwalay,tagalog
adayo,ilocano
bungkag,cebuano
lapulápu,cebuano
tren,ilocano
patang lawas,cebuano
babarin,tagalog
fónda,hiligaynon
bunton,ilocano
dili makita,cebuano
hawas,cebuano
simpatika,tagalog
pagsusuka,tagalog
hasàhásà,cebuano
arbis,ilocano
nababa a paset ti daga,ilocano
bunghan,cebuano
baratángan,hiligaynon
suyurin,tagalog
dikya,tagalog
pagyubit,cebuano
napaay,ilocano
sulugilanonán,hiligaynon
karyír,cebuano
"wáyway, wáy-way",hiligaynon
paghinuktok,cebuano
pormula,tagalog
tiawtiaw,cebuano
kaguliyang,cebuano
kaulag,cebuano
oranggutang,tagalog
lakip,cebuano
panagtalec,ilocano
sumbong,cebuano
pagkamahinhin,tagalog
búdngan,hiligaynon
ingglis,cebuano
aligutgut,cebuano
kamabaw,cebuano
labis,tagalog
bagnol,cebuano
panecnecan ti kinasia-sino,ilocano
falsificadór,hiligaynon
minatuto,cebuano
dagway,cebuano
sa dakong kalinaw,cebuano
maghuhukom,cebuano
mannyrat,ilocano
ukút,hiligaynon
"yâyà, yáyà",hiligaynon
gíob,hiligaynon
abatingting,ilocano
gapong,tagalog
hinù,cebuano
representante,ilocano
yákal,hiligaynon
lukluk,cebuano
híru,cebuano
frésa,hiligaynon
balingíg,hiligaynon
silipálan,hiligaynon
nakasala,cebuano
kaulaw,cebuano
yawit,cebuano
mangalog,tagalog
kupya,tagalog
bahon,tagalog
pag-inggansa,cebuano
agulo,cebuano
ginhawaan,cebuano
gipilde,cebuano
senyál,hiligaynon
mahigalahon,cebuano
kapanutuhan,tagalog
paglaglag,cebuano
pusturahan,tagalog
paghibik,tagalog
pumagaspas,tagalog
pag-eelado,tagalog
gapî-gápì,hiligaynon
danaw,cebuano
nagbukal,cebuano
panunuklas,tagalog
hubáyhubáy,hiligaynon
tumuwid,tagalog
lantúgì,cebuano
gísing,hiligaynon
tanga,cebuano
dapo,ilocano
púyus,cebuano
lítuk,cebuano
pahnyag sa saksi,cebuano
"sakayánsumalálum, sakayán-sumalálum",hiligaynon
allilaw,ilocano
napuscol,ilocano
siyutsiyut,cebuano
dakyup,cebuano
ulnayanin,tagalog
entablado,ilocano
casupadi,ilocano
sákal,hiligaynon
dumanak,tagalog
pagyanan ti cawes,ilocano
pakigtugyan,cebuano
lúkung,cebuano
calicagum,ilocano
magilukon,cebuano
hirâ-hírà,hiligaynon
sa isang tabi,tagalog
pumasyal,tagalog
pagbalinen,ilocano
sumaládsad,hiligaynon
tagilumbuy,cebuano
espres,tagalog
pikante,tagalog
bunggalo,tagalog
hígdà,hiligaynon
kuling,cebuano
isubli ti gatad,ilocano
samput,cebuano
agbuteng,ilocano
puso,ilocano
hubánan,hiligaynon
alkúba,cebuano
tahulan,tagalog
sípraw,hiligaynon
tsokolate,tagalog
caaduan,ilocano
tiwtiw,cebuano
gamot,cebuano
hinalángday,hiligaynon
ang pagbiya,cebuano
kasama,tagalog
iccatan,ilocano
pabayani,tagalog
sangapulo ket pito,ilocano
sángsang,hiligaynon
paghatag,cebuano
Nobiyembre,cebuano
habús-habús,hiligaynon
sáhì,hiligaynon
managuni,ilocano
sab-ong,cebuano
uban,cebuano
barì,cebuano
batang-tapon,tagalog
plastir,cebuano
kalantaran,tagalog
mananalo,tagalog
maumedo,tagalog
addang,ilocano
balítwà,hiligaynon
tukbilon,cebuano
wala'y usa,cebuano
uhawin,tagalog
panagbitla,ilocano
hunâ-húnà,hiligaynon
cugtar,ilocano
dasalan,tagalog
pamitig,tagalog
tingog,cebuano
palupalo,tagalog
dalem,ilocano
bumalikat,tagalog
musiku,cebuano
lupaining karapatan,tagalog
pisù,cebuano
prímu,cebuano
bágtis,hiligaynon
balítaw,hiligaynon
pulísa,cebuano
hugaw,cebuano
dapil,tagalog
palakasin,tagalog
magparipa,tagalog
diyamitru,cebuano
sákyud,hiligaynon
napuso,ilocano
wálda,hiligaynon
radya,cebuano
pagiyun,cebuano
libadora,cebuano
papanglawen,ilocano
pagsarhan,tagalog
dángay,cebuano
idahik,tagalog
sákit,hiligaynon
busay,cebuano
kinilkilan,cebuano
magganoy,cebuano
bíntig,hiligaynon
mandala ng dayami,tagalog
kimaw,tagalog
hardwir,cebuano
"ukiduk, ukidúki",cebuano
totoo,tagalog
hipíhip,cebuano
makinang igpanakwat,cebuano
bagyo,ilocano
managliway,ilocano
may kasabutan,cebuano
tampalasan,cebuano
bag-ong linutas,cebuano
papaskuhin,tagalog
tanghuran,tagalog
pagkalmot,tagalog
gáid,cebuano
paghilis,cebuano
mahakugon,cebuano
sapo,tagalog
nupay casta,ilocano
kultu,cebuano
himpilan,tagalog
tagnipà,cebuano
puwangan,tagalog
pasungan,cebuano
panimbang sa sakayan,cebuano
balse,cebuano
gurong,ilocano
napartac,ilocano
anaa mi?,cebuano
sapín,hiligaynon
panon,cebuano
samít,hiligaynon
glurya,cebuano
balikaw,tagalog
pangitain,tagalog
bulay,cebuano
anyeho,tagalog
saríksik,hiligaynon
"solitárya, solitáryo",hiligaynon
salô,hiligaynon
mansanítas,cebuano
tiritiren,ilocano
pag-untos,tagalog
pagkalibumbunan,tagalog
pagkabatay,tagalog
macapagpaay,ilocano
landas,tagalog
sarangiság,hiligaynon
konserbatibo,tagalog
híkog,hiligaynon
kumamkam,tagalog
kantonera,tagalog
ambut,cebuano
iskuwater,tagalog
carro,ilocano
pagsabot,cebuano
hilom,cebuano
humimok,tagalog
pilo,cebuano
manalo,tagalog
tiponan,ilocano
akup-akup,cebuano
kawalang-galang,tagalog
ud-ud,cebuano
abutan,tagalog
úkag,hiligaynon
kasingkahulugan,tagalog
magkabisa,tagalog
sánta,hiligaynon
gawaan ng serbesa,tagalog
bunáyon,hiligaynon
namansahan sa dugo,cebuano
hatsa,cebuano
pagbabangayan,tagalog
panábu,cebuano
di kakaunti,tagalog
sikwalu,cebuano
paghablon,cebuano
rígay,hiligaynon
maasul,tagalog
kuntimpuraryu,cebuano
pagsakay,tagalog
halambúyan,hiligaynon
himúyas,hiligaynon
cawes,ilocano
langtung,cebuano
pagsuko,tagalog
paggasgas,tagalog
bágtik,hiligaynon
mag-absent,tagalog
pagpataas,cebuano
sampong,cebuano
gamól,hiligaynon
personahe,tagalog
makahusto,tagalog
macasabidong,ilocano
garupa,tagalog
sakâ,hiligaynon
magpalibre,tagalog
datihan,tagalog
tipus,ilocano
pannacaisubli,ilocano
sanaysay,tagalog
calendario,ilocano
casla,ilocano
hawot,tagalog
butang,cebuano
talantar,cebuano
mapintas,cebuano
lingkáng,cebuano
pagluwan,cebuano
aksyon,tagalog
sugok,cebuano
tilamsikan,tagalog
ramay,ilocano
dalahik,cebuano
magtakong,tagalog
tahi,tagalog
dili tinukodtukod,cebuano
húthut,hiligaynon
umadayo,ilocano
riingen,ilocano
patalastas,tagalog
cagay,ilocano
kaarang,cebuano
sakayan-dagat,cebuano
nagmamayumi,tagalog
ngumibit,tagalog
luto,cebuano
magsirado,cebuano
takuláhaw,cebuano
seremónyas,hiligaynon
akincucua iti balay nga ababangan,ilocano
igpapanas,cebuano
manhik-manaog,tagalog
rágas,hiligaynon
bátì,hiligaynon
sa kaugdang,cebuano
"hisálo, hisálok",hiligaynon
magpasugo,tagalog
mahalal,tagalog
"sántan, santán",hiligaynon
matuod,cebuano
pakuluin,tagalog
panagwatwat,ilocano
kalandrakas,cebuano
dili matarog,cebuano
titanus,cebuano
tusmaw,cebuano
apílu,cebuano
pilipisan,tagalog
matuod,cebuano
magkaanyo,tagalog
yádi,hiligaynon
dugtong,cebuano
kaserola,cebuano
nagwas,tagalog
dupliket,tagalog
singíl,hiligaynon
ginamit,cebuano
agurnong,ilocano
tunggal talio bulan,ilocano
kahalayan,tagalog
bitla,ilocano
sagáng,hiligaynon
partacan,ilocano
nayonan,ilocano
gayon man,tagalog
iduron,ilocano
wala'y kinutoban,cebuano
gambulin,tagalog
pagtabil,cebuano
binatog,ilocano
nagpasaka,cebuano
salpù,cebuano
sigídas,cebuano
patente,cebuano
manggubat,tagalog
bakáris,hiligaynon
kinsay,cebuano
rekargo,tagalog
tukdug,cebuano
húptan,hiligaynon
byintus,cebuano
pagparisan,tagalog
magbangayan,tagalog
tagmaneho,cebuano
kagawlang malinis,cebuano
natutugma,tagalog
dursoc,ilocano
diadtu,cebuano
buruka,cebuano
agwado,tagalog
bátiag,hiligaynon
pagsungay,cebuano
balad,tagalog
tigpanaway,cebuano
paringgan,tagalog
pabrika,tagalog
singut,cebuano
sáng-an,hiligaynon
balaláyon,hiligaynon
en (suffix) sacbay ti masinunuo a canito,ilocano
pagdawat,cebuano
báw-ing,hiligaynon
siddaaw,ilocano
pataganahan,tagalog
manikluhod,tagalog
mapula,cebuano
kabuti,tagalog
papel,tagalog
panagpapada,ilocano
bungkalin,tagalog
haló,hiligaynon
barôrô,hiligaynon
kadkarin,tagalog
bangaw,tagalog
may-tao,tagalog
kontraespiya,tagalog
dayo,cebuano
panagragsac,ilocano
taeng dagiti ululila,ilocano
pinatuybo,cebuano
pultada,tagalog
superintendente,cebuano
"sángka, sang, san, sam",hiligaynon
sungkil,cebuano
matin-aw,cebuano
kyápù,cebuano
kamisin,cebuano
pánit,cebuano
garbo,tagalog
sasacayan iti danum,ilocano
límun,cebuano
suko,tagalog
pang-aginaldo,tagalog
hinabúl,hiligaynon
plása,cebuano
agballa,ilocano
kabahagi,tagalog
pinulongan,cebuano
giláng,hiligaynon
limpal,tagalog
papa,tagalog
balangaw,tagalog
umugin,tagalog
bato,ilocano
bánsok,hiligaynon
pagkaluray,tagalog
pares,tagalog
pid-ok pid-ok,cebuano
magpapanaw,cebuano
balita,cebuano
para nako,cebuano
makinaadmanon,cebuano
igtutudlo,cebuano
dili ba?,cebuano
agáak,cebuano
papagduyanin,tagalog
magpaamot,tagalog
maipapan iti aramiden ti salamangkero,ilocano
lip-an rayit,cebuano
sinangag,tagalog
payadpayad,cebuano
ubbog,ilocano
gamatoy nga sanga,cebuano
pinagtataguan,cebuano
hulás,hiligaynon
hágas,hiligaynon
kasuyo,tagalog
pagadalan,ilocano
napigket,ilocano
rísmò,hiligaynon
kapatawaran,tagalog
gápas,hiligaynon
"istima, istimar",cebuano
bagi,ilocano
lubiran,tagalog
"hinánday, hinángday",hiligaynon
babóy-babóy,hiligaynon
nakapagkakasakit,tagalog
cameng ti orquesta,ilocano
taong itinakwil,tagalog
matunhayon,cebuano
tigpatubo,cebuano
papag-alun-alunin,tagalog
handumánan,hiligaynon
halaghag,cebuano
badbado,ilocano
"wái, wá-i",hiligaynon
kapit-os,cebuano
pagbadbad,cebuano
"wálwal, wál-wal",hiligaynon
balántik,hiligaynon
dyít,cebuano
seguradong,cebuano
rikódo,hiligaynon
saúb,hiligaynon
pagkagusot,tagalog
bumalása,hiligaynon
panuya,tagalog
siyá,hiligaynon
landoc a pagyanan ti pirac,ilocano
puspos,tagalog
kapanagutan,tagalog
biniál,hiligaynon
pagbag-o,cebuano
barák-barák,hiligaynon
banahían,cebuano
bula,tagalog
mangharana,tagalog
hatinggabihin,tagalog
parang puritano,tagalog
tridwo,tagalog
búr-it,hiligaynon
katad na tagisan,tagalog
búgnot,hiligaynon
halo,cebuano
banggud,cebuano
síktot,hiligaynon
empleado,tagalog
kahapdusan,cebuano
darasig,tagalog
ligpit,cebuano
desgrasya,tagalog
kinamenosan,cebuano
húgbon,hiligaynon
singgit,cebuano
maducotan,ilocano
pangit,cebuano
ibagay,tagalog
tabonánà,hiligaynon
humagunot,tagalog
dagway,cebuano
isturya,cebuano
humáyan,hiligaynon
ribyu,tagalog
tagarekisa,tagalog
reinkarnasyon,tagalog
daniw,ilocano
sacbay,ilocano
pudno,ilocano
tagamarka,tagalog
limbákug,cebuano
panagrigat,ilocano
hinayón,hiligaynon
yubit,cebuano
ginting,cebuano
ipulong,ilocano
hirás,hiligaynon
milung,cebuano
húlay,hiligaynon
bungád,hiligaynon
gatasen,ilocano
pagkamabilis,tagalog
hingutas,cebuano
pepesen; aribungbingan,ilocano
tikalbung,cebuano
mouban,cebuano
bátaw,cebuano
dani,cebuano
ekilibrio,tagalog
magkakape,tagalog
aywaywaya,ilocano
tira,tagalog
yantak,cebuano
natagsac,ilocano
sagubang,cebuano
mabà,cebuano
espesyal,cebuano
pamilihan ng aksiyon,tagalog
aswang,cebuano
"kapan, kapankapan",cebuano
baláy,hiligaynon
sumisi,tagalog
bali,cebuano
hilabot,cebuano
"pukdaw, pukgaw",cebuano
bussog,ilocano
"nikutin, nikutína",cebuano
pagpalandong,cebuano
kapungot,cebuano
mapabuti,tagalog
paghahalo,tagalog
tislang,cebuano
panagtigerger,ilocano
tigam,tagalog
maipapan cadagiti banag a saan a nasken unay iti biag,ilocano
labù,cebuano
matubo,tagalog
bayat,ilocano
húkdò,hiligaynon
kugihan,cebuano
gitarra,ilocano
Ilukánu,cebuano
barandilya,tagalog
bawód,hiligaynon
dayaw,ilocano
maris,ilocano
gapu,ilocano
hilúngos,hiligaynon
buntog,cebuano
banâ,hiligaynon
tits,cebuano
siak,cebuano
panagtangken,ilocano
kasahog,tagalog
trigonometriya,tagalog
pagkamamugnaon,cebuano
hugù,cebuano
tumanyag,tagalog
balíkwat,hiligaynon
batuen,ilocano
saráksákan,hiligaynon
puyo sa pisngi,tagalog
palitan,tagalog
úkay,hiligaynon
pagsagol,cebuano
paglalayas,tagalog
kalabitin,tagalog
sangaribu,ilocano
taligamà,cebuano
búlwat,hiligaynon
balaúd,hiligaynon
tugpo,cebuano
salabláyan,hiligaynon
"dinguldingul, dinguldíngul",cebuano
tumuring,tagalog
mangalubakbak,tagalog
laslas,tagalog
igisa,ilocano
bansíli,cebuano
Panalapiang Internasyonal,tagalog
galansíyang,cebuano
magtumba,tagalog
umilag,tagalog
munisipyo,cebuano
sáad,hiligaynon
apatan,tagalog
batín-batín,hiligaynon
agar-aramid,ilocano
hilinagoón,hiligaynon
sukdanan,cebuano
basagulero,cebuano
kumusta ka?,cebuano
acacia,ilocano
komplikado,tagalog
magbanayad,tagalog
sumad,cebuano
suwayin,tagalog
mapagbago,tagalog
butsing,cebuano
halúg-halúg,hiligaynon
bángot,hiligaynon
akbù,cebuano
aramid,ilocano
kagaspangan,tagalog
sanda-sandali,tagalog
ibulong,tagalog
ay-ayam,ilocano
malinamnam,tagalog
dinaliang kinahanglan,cebuano
sanglitanan,cebuano
kagutom,cebuano
"kalat, kálat",cebuano
magsigarilyo,cebuano
gitling,tagalog
mapahulayon,cebuano
kaimito,tagalog
ulnayanon,tagalog
bahunísta,hiligaynon
pagkapare,tagalog
agguummong,ilocano
pagiggaman iti ridaw,ilocano
wáslik,hiligaynon
tiyakan,tagalog
mais,cebuano
lumimot,tagalog
bansay-bansay,cebuano
palacio,ilocano
kagawasan,cebuano
iudlot,tagalog
kongresista,cebuano
bukid,cebuano
buot,cebuano
"bóka de páto, bokápáto, bóka y páto",hiligaynon
akba,cebuano
masilaw,cebuano
taktak,tagalog
magpabilin,cebuano
gwardabrísa,hiligaynon
lakonik,tagalog
uloden,ilocano
hiúgyon,hiligaynon
sabten,ilocano
madapigon sa usa,cebuano
karapatang mauna,tagalog
magrima,tagalog
prutagunista,cebuano
tumumal,tagalog
alam na alam,tagalog
tipun-og,cebuano
butas,tagalog
maunongon,cebuano
anawnsir,cebuano
kapig-ot,cebuano
saysenta,cebuano
bikabika,cebuano
kinhas,cebuano
kalmante,tagalog
ripliksiyun,cebuano
gut-ub,cebuano
tumawag,tagalog
mapagpatawa,tagalog
iti kinapudona,ilocano
senténsya,hiligaynon
larawang-buhay,tagalog
paño,ilocano
magbaon,tagalog
pintig,tagalog
báda,hiligaynon
panatilihan,tagalog
pupot,tagalog
sampuan,tagalog
tumutop a maiccan iti gunggona,ilocano
pagmaniho,cebuano
papaglawayin,tagalog
bag-ong kinasal,cebuano
sumusunod,tagalog
wáros,hiligaynon
pagkamatapat,tagalog
sa pagpatawa,cebuano
cadua ti agcasar a babai,ilocano
iskúr,cebuano
gingì,cebuano
bukas-isip,tagalog
butoy,cebuano
"huláy, húlay",hiligaynon
paghahaliryong,tagalog
palug,cebuano
ibacling,ilocano
pisut,cebuano
balisbisan,tagalog
palabis,tagalog
ipakuha,tagalog
bingasin,tagalog
hagad,cebuano
igking,cebuano
ulubítan,hiligaynon
hitâ-hítà,hiligaynon
barahán,hiligaynon
tiwas,tagalog
pamálung,cebuano
húyad,hiligaynon
tagagaod,tagalog
balita,cebuano
nasa isip,tagalog
nasyunalisar,cebuano
maudi,ilocano
pik-ap,cebuano
hanágub,hiligaynon
gúnting,hiligaynon
pitsil,cebuano
tan-oc,ilocano
pigurin,tagalog
haydropobya,tagalog
pagkabansa,tagalog
libro,ilocano
tangígi,cebuano
mapang-alipusta,tagalog
"kungkiyang, kungkíyang",cebuano
"salaulúgon, salaulugón",hiligaynon
"sug-után, sug-útan",hiligaynon
pagpapatulin,tagalog
mausikon,cebuano
"giwá-os, giwáos",hiligaynon
maubusan,tagalog
sisirin,tagalog
naraniag,ilocano
caanacan a lalaki,ilocano
welgísta,hiligaynon
bángkay,hiligaynon
pagngingitngit,tagalog
hihigan,tagalog
pagsuray,tagalog
pontempen,tagalog
banyasin,tagalog
suplágay,cebuano
biliáko,hiligaynon
libingan,tagalog
panagpagnapagna,ilocano
tan-awa!,cebuano
magsakayan,tagalog
sakupin,tagalog
apagisu,ilocano
"damikà, damíkà",cebuano
balidbid,cebuano
anus asi,ilocano
masairan,tagalog
magkaukasyon,tagalog
balcon,ilocano
gútab,hiligaynon
pagrerekisa,tagalog
Hayun,tagalog
umagad nga lalaki,cebuano
eksaherasyon,tagalog
igkalkulo,cebuano
midyas sa babaye,cebuano
sahigan,tagalog
hinigayon,cebuano
sanglang-bili,tagalog
bilar,cebuano
magsombra,tagalog
pagpungtoten,ilocano
disimpektahan,tagalog
panangtengngel,ilocano
humbíngil,cebuano
liwayway,cebuano
bángday,hiligaynon
panunoten,ilocano
tagbisi,tagalog
drísing rum,cebuano
unyon,tagalog
hangup,cebuano
tukdab,cebuano
tagaktak,cebuano
kaibog,cebuano
kapulungan,tagalog
bunlaw,cebuano
hayap,tagalog
tin-aw,cebuano
animo,tagalog
kompidensiyal,tagalog
iwacsi as ti caayan-ayat,ilocano
pagsakgaw,cebuano
dagsen,ilocano
magpatatag,tagalog
swásid,cebuano
uwang sa iro,cebuano
nati,cebuano
panangallucoy,ilocano
tiyara,tagalog
dába,cebuano
súpat,hiligaynon
piloto sa ayroplano,cebuano
pagbibigkis,tagalog
desimpeksiyon,tagalog
paghayuma,tagalog
pagbabagong-anyo,tagalog
ganás,hiligaynon
makapuyon,cebuano
sukod,tagalog
taga-aliw,tagalog
mamutak,tagalog
hibaló,hiligaynon
dyutay ra,cebuano
burec; labutab,ilocano
mandasiyun,cebuano
lupaining katakdaan,tagalog
pabigla-bigla,tagalog
kasangkapan,cebuano
pakikisakil,tagalog
úkbong,hiligaynon
paggupilpil,tagalog
táruk,cebuano
pagkatinuod,cebuano
retaso,tagalog
pagpinarayganay,cebuano
iligpit,tagalog
pang-araw-araw,tagalog
nasimpa,ilocano
bangón,hiligaynon
piluk,cebuano
aglaclaco,ilocano
turungturung,cebuano
abri,cebuano
tinuod,cebuano
ordinaryo,cebuano
magpait,tagalog
salungkitin,tagalog
sikól,hiligaynon
úgpot,hiligaynon
caano man,ilocano
yubón-yubón,hiligaynon
bansag,cebuano
layas,cebuano
durmituryána,cebuano
kodigong lihim,tagalog
balayád,hiligaynon
pamamakyaw,tagalog
magtsamporado,tagalog
maghilot,tagalog
wayáng,hiligaynon
ekstra,tagalog
bagunáw,hiligaynon
dambungin,tagalog
hunús,hiligaynon
kapisnun,cebuano
lanlan,cebuano
agaw-buhay,tagalog
casla daniw,ilocano
magtalo ang kalooban,tagalog
panangidayaw,ilocano
hugák,hiligaynon
malabato,tagalog
bungíl,hiligaynon
pirinda,cebuano
pag-ayo,cebuano
sarita,ilocano
maghayop,tagalog
saláda,hiligaynon
balkon,cebuano
pagurayan,ilocano
anhing,cebuano
pagtapal,cebuano
istuward,tagalog
tigwawalo,tagalog
sensílyo,hiligaynon
barbón,hiligaynon
bumayoneta,tagalog
tubo,tagalog
nalabit,ilocano
balikhaw,cebuano
lampik,tagalog
magngitian,tagalog
itahan,tagalog
lusob,tagalog
kulor,tagalog
kabalaka,cebuano
abrása,cebuano
kayangkang,tagalog
sikutút,hiligaynon
walák-wálak,hiligaynon
baybayin,tagalog
pislat,cebuano
tinunuan,cebuano
tawak,cebuano
gangster,tagalog
balighotán,hiligaynon
ang paghiabot,cebuano
sulúng,hiligaynon
malacsid,ilocano
basahonan,cebuano
walang-saysay,tagalog
bassit a simbaan,ilocano
tumindi,tagalog
bágrong,hiligaynon
Amen,tagalog
hunahuna,cebuano
Posporus,tagalog
abogado,ilocano
suléras,hiligaynon
palakihang lawa,tagalog
bangka,tagalog
banag,ilocano
mamingawon,cebuano
hibî,hiligaynon
prubitsu,cebuano
makipagdebate,cebuano
bumuhay,tagalog
buksiyadur,cebuano
siroc,ilocano
sinagâ-ságà,hiligaynon
paghanga,tagalog
tumagpos,tagalog
bilíbul,cebuano
lakat-lakat,cebuano
balangkatan,tagalog
alingugngug,cebuano
naliday,ilocano
wala,cebuano
goót-góot,hiligaynon
sumubasob,tagalog
kunsirbaturyu,cebuano
halyas,tagalog
ipagpatayo,tagalog
ganggannaet,ilocano
amihan,cebuano
bumanas,tagalog
huwag nang sabihin,tagalog
iggaman,ilocano
mantalaan,cebuano
hisáhò,hiligaynon
maipapan iti tao,ilocano
panangtiritir,ilocano
eskultor,tagalog
ilinsad,tagalog
dumais,tagalog
laping,cebuano
anac a lalaki,ilocano
hadlok,cebuano
solát,hiligaynon
paghupa,tagalog
penitensiya,tagalog
paset,ilocano
sambuángan,hiligaynon
antaw,cebuano
idahak,tagalog
mayuhay,tagalog
gabardin,cebuano
pinguypinguy,cebuano
at-at,cebuano
diprinsiya,cebuano
atraktíbu,cebuano
kaulaw,cebuano
dayis,cebuano
matino,cebuano
bathálà,hiligaynon
ilunsad,tagalog
prinsahan,tagalog
katindihan,tagalog
bulintang,cebuano
masabugan,tagalog
yakyak,tagalog
darasudos,ilocano
iban,cebuano
inila kaayo,cebuano
bumuang,ilocano
sáplung,hiligaynon
patawarin,tagalog
saan a maicanatad iti linteg,ilocano
pagsasaritaan,ilocano
ebangheliko,tagalog
pagsiboy,tagalog
amatyur,cebuano
gana sa pagkaon,cebuano
sabut,cebuano
buntung,cebuano
peligro,cebuano
sitsit,cebuano
makita,ilocano
gastusin,tagalog
awto,cebuano
bulimánu,cebuano
luiban,cebuano
hungág,hiligaynon
magtsoke,tagalog
bayadan,ilocano
bagon,tagalog
yángyang,hiligaynon
kislabù,cebuano
papeles,tagalog
magtawanan,tagalog
sapupo,tagalog
pagúha,cebuano
magpalathala,tagalog
hilom,tagalog
tabinás,hiligaynon
rabong,ilocano
pigura,tagalog
bánhot,hiligaynon
bulak,cebuano
suysuyin,tagalog
sagapan,tagalog
tinta,cebuano
pidsbuy,cebuano
sála,cebuano
singgit,cebuano
cawar,ilocano
"tangag, tángag",cebuano
talisuyo,tagalog
bato,cebuano
dumingas,tagalog
galawin,tagalog
paghukon,cebuano
magpayaman,tagalog
háy-og,hiligaynon
rucod,ilocano
Hamo!,tagalog
budiáwi,hiligaynon
masidhi,tagalog
tangka,tagalog
langkat,cebuano
pasanga,tagalog
natured,ilocano
pagpaslang,tagalog
Maano kung,tagalog
coronaan,ilocano
mas mubo,cebuano
hatod-kawat,cebuano
sulisogen,ilocano
"púgis, pug-is",cebuano
pákul,cebuano
ululí,hiligaynon
istrilya,cebuano
imbalsamar,cebuano
kalaliman,tagalog
pagpagsingot,cebuano
tikung,cebuano
sarming,ilocano
manguha,tagalog
bákal,hiligaynon
sangkung,cebuano
impok,tagalog
tamisan,tagalog
bimpo,tagalog
gubat,ilocano
suub,cebuano
pag-antos,cebuano
hornaléro,hiligaynon
katawa,cebuano
pakalawigan,tagalog
alipugpog,ilocano
hudáw-húdaw,hiligaynon
hinabol,cebuano
masaba,cebuano
suot,ilocano
tábì,hiligaynon
pamahid,tagalog
hilimpíton,hiligaynon
magmungkahi,tagalog
nasayaat,ilocano
ságsag,hiligaynon
baybay-an,ilocano
manlililok,tagalog
kastanits,cebuano
mag-uubo,tagalog
pangyuta,cebuano
pamyinta,cebuano
manútu,cebuano
híbag,cebuano
pasluk,cebuano
dalangin,tagalog
vaso,ilocano
puno sa kapungut,cebuano
wuyuwuyu,cebuano
kilù,cebuano
sakrilehiyo,tagalog
nalabes,ilocano
agrupanget,ilocano
lahat,tagalog
ugís,hiligaynon
labing maayo,cebuano
kalutkot,tagalog
tapos,tagalog
bilíbitóon,hiligaynon
bínka,hiligaynon
makapagpaunlad,tagalog
"suál-suál, suál-súal",hiligaynon
yúnke,hiligaynon
reputasyon,tagalog
bati,cebuano
gilingan,cebuano
nangudel,ilocano
bagáng,hiligaynon
kyamuy,cebuano
salamagi,ilocano
sa salabutan,cebuano
sa likod,cebuano
bagong buwan,tagalog
balay sa lawa-lawa,cebuano
ukitan,cebuano
"basío, basíyo",hiligaynon
sikil,tagalog
sulsol,tagalog
egoista,tagalog
hanginón,hiligaynon
iangkas,tagalog
gipasabut,cebuano
utang,cebuano
anien,ilocano
dilis,tagalog
tibhang,cebuano
salisalen,ilocano
hibi,tagalog
maloko,tagalog
hamón-hámon,hiligaynon
gun-ub,cebuano
mag-aruga,tagalog
embudo,cebuano
kinasaririt,ilocano
rektangulo,cebuano
isiksik,tagalog
buhî,hiligaynon
tapyasan,tagalog
gay-ut,cebuano
tuud,cebuano
awanan asi,ilocano
ipahagod,tagalog
sídla,hiligaynon
pangpaninguha,cebuano
dalo,tagalog
kagugolan,cebuano
ngipen,ilocano
histórya,hiligaynon
haranahan,tagalog
sip-on,cebuano
Amerikano,tagalog
kaugalingon,cebuano
hámtang,hiligaynon
lamad,tagalog
sanga,tagalog
magpaalingawngaw,tagalog
hilás,hiligaynon
hinundanon,cebuano
cupinen,ilocano
lemma dagiti ramay,ilocano
sugilon,cebuano
huung,cebuano
gahig ulo,cebuano
mahimo,cebuano
sambog,cebuano
kibra,cebuano
tában,cebuano
kublan,cebuano
galamhan,cebuano
bisá,hiligaynon
makapatingala,cebuano
rutin,tagalog
buylu,cebuano
baba,tagalog
ilitsu dibilin,cebuano
naandan,cebuano
lapok,cebuano
bulangan,ilocano
sipilis,tagalog
mangan,ilocano
barato,cebuano
gála,hiligaynon
batota,cebuano
magsalig,cebuano
nadara,ilocano
canal,ilocano
bayuhan,tagalog
malukat,cebuano
pangen,ilocano
ordinaryo,cebuano
trono,cebuano
umanit,tagalog
sumundo,tagalog
sucayen,ilocano
maka-Bathala,cebuano
bumutbot,tagalog
pagtulsok,tagalog
bayanihon,cebuano
kalkagon,cebuano
pagyatak,cebuano
hapakon ihapak,cebuano
tulis,cebuano
nitruhínu,cebuano
batulang,cebuano
talahiban,tagalog
makipagsuntukan,tagalog
"bukagay, bukaghay",cebuano
dyimnastiks,cebuano
pagsibo,cebuano
kulikta,cebuano
natagbaw,cebuano
corporacion,ilocano
seguro,cebuano
ikahuli,tagalog
peste,cebuano
suam,tagalog
ibangga,tagalog
pagkakaakit-akit,tagalog
kikil na magaspang,tagalog
rumbeng,ilocano
paypay,ilocano
hamíl-ay,hiligaynon
pagkarga,cebuano
obispado,tagalog
tapulan,cebuano
lúbag,cebuano
pagindapatin,tagalog
ulol,tagalog
mopalit,cebuano
sôsô,hiligaynon
dúng,cebuano
magkakampi,tagalog
maabi-abihon,cebuano
pagkatigtig,tagalog
alisbung,cebuano
pangangapitbahay,tagalog
pagdangdang,cebuano
sinampu,tagalog
itangsit,ilocano
emulsyon,tagalog
umaso,tagalog
paglumbaan,ilocano
banhay,tagalog
binuhat-buhat,cebuano
rauten,ilocano
sigundo,tagalog
paglarga,cebuano
harán-on,hiligaynon
huminto,tagalog
asikasuhin,tagalog
uy-ug,cebuano
sa ibabaw,cebuano
paakyat,tagalog
paw-ang,cebuano
aríba,cebuano
istilmáting,cebuano
paghid,cebuano
pagpatigayon,cebuano
sirbilyíta,cebuano
kasangkapan,cebuano
atbug,cebuano
1/16 ti maysa a libra,ilocano
"uluk, úluk",cebuano
ispíhu,cebuano
matakal,tagalog
bída,cebuano
atribir,cebuano
nang di-inaasahan,tagalog
paghikayat,tagalog
"rímis, rím-is",hiligaynon
macascasdaaw,ilocano
iti- isu-amin,ilocano
pasagdan,cebuano
naingpis a banag a mangcalub iti paset ti bagi,ilocano
ugali,ilocano
húgut,hiligaynon
lampinig,cebuano
tísas,cebuano
bálid,hiligaynon
hunahuna,cebuano
balígyà,hiligaynon
palispis,tagalog
timbon,tagalog
sa ibabaw,cebuano
lapi,tagalog
pamula sa nawong,cebuano
bakakon,cebuano
ubos na ubos,tagalog
kahati,tagalog
bircog,ilocano
sayahan,tagalog
himalingka,cebuano
ipacaammo,ilocano
"panid, pánid",cebuano
saan nga impagarup,ilocano
guyahón,hiligaynon
kanaw,tagalog
sádlab,hiligaynon
sákir,cebuano
bungtod,cebuano
huluádan,hiligaynon
Sugboanon,cebuano
hikayatin,tagalog
nagrueob,ilocano
pamalak,cebuano
hunulán,hiligaynon
tangga,tagalog
ipilit,ilocano
bandéra,hiligaynon
amplipáyir,cebuano
agbitbitin,ilocano
magsubo,tagalog
dilaw,tagalog
taripnong,ilocano
karadyaw,cebuano
gastóso,hiligaynon
hamitán,hiligaynon
hangâ-hángà,hiligaynon
sa harianon kun halangdunon nga paagi,cebuano
katamin,tagalog
kaha,cebuano
sapay,cebuano
manunuman,cebuano
mamighati,tagalog
kapunongan,cebuano
garó-garó,hiligaynon
di-magkatugma,tagalog
pangkalahatan,tagalog
rasón,hiligaynon
karetilya,cebuano
guraen,ilocano
halúmhum,hiligaynon
pag-angay,cebuano
patindihin,tagalog
matamo,tagalog
mamayong,tagalog
intranti,cebuano
likmuan,tagalog
gimingaw,cebuano
panak-op,cebuano
biroken,ilocano
hádug,hiligaynon
libagbag,cebuano
antipúna,cebuano
halawom,cebuano
tabong-bao,tagalog
deskontento,tagalog
bosyo,tagalog
paghidalian,cebuano
panangparucma,ilocano
súlda,hiligaynon
sasalin,tagalog
pamumulahaw,tagalog
tambok,cebuano
tantiyahin,tagalog
prueba,tagalog
hirangan,tagalog
úyun,cebuano
pátid,cebuano
manipis,cebuano
"birgó-íri, birgoíri",hiligaynon
luhod,tagalog
burburtia,ilocano
sagangsang,cebuano
túsug,cebuano
burec,ilocano
sulumilyu,cebuano
pagilid,tagalog
wayat iti panagtunton babaen ti linteg,ilocano
naulahi,cebuano
kangitngit,cebuano
itlib,cebuano
kumpayan,tagalog
hanggup,cebuano
uli sa salapi,cebuano
kalit,cebuano
yámat,hiligaynon
sagabal,tagalog
gulyasan,tagalog
iti uneg,ilocano
lamas,tagalog
takutin,tagalog
maglisod,cebuano
lamesa,cebuano
pagpopropesyon,tagalog
dumyang,cebuano
halabasin,tagalog
paging,tagalog
balugbug,cebuano
adobo,tagalog
balda,cebuano
calub,ilocano
kagumkum,cebuano
mahangin,cebuano
tingi,tagalog
higála,hiligaynon
payla,cebuano
kaskas,cebuano
walang-patlang,tagalog
nangkà,cebuano
ngikngik,tagalog
kamakailan lamang,tagalog
lihang guhit,tagalog
sista,cebuano
talay,cebuano
danay,tagalog
fiscalía,hiligaynon
iurong,tagalog
sâsâ,hiligaynon
suluayán,hiligaynon
agbalcot,ilocano
gakíd-gákid,hiligaynon
pagpaligid,cebuano
inepisyent,tagalog
pagtataas,tagalog
himat,tagalog
siklista,tagalog
mag-apholster,tagalog
húlas,hiligaynon
kútib,cebuano
maryánas,cebuano
kamuritsing,cebuano
agayayam iti danum,ilocano
baritunu,cebuano
hinangíban,hiligaynon
tinápay,cebuano
tay-ugon,cebuano
gubâ,hiligaynon
pangmasid,tagalog
lamira,tagalog
wáling,hiligaynon
"ulít-úlit, ulít-ulít",hiligaynon
macaawis,ilocano
isungaw,tagalog
pamimilipit,tagalog
silip,tagalog
wala'y katapusan,cebuano
ihalas,cebuano
nagdaug,cebuano
"istiplir, istípul",cebuano
gámà,hiligaynon
"sulíp, súlip",hiligaynon
panahong kambriyano,tagalog
popular,tagalog
pidpid,cebuano
sagad,cebuano
bangkawbangkaw,cebuano
magpapaniwala,tagalog
bángkong,hiligaynon
alyádu,cebuano
agpilpilay,ilocano
pinagtahipan,tagalog
"humablus, humabus",cebuano
silanis,cebuano
ispiyahan,tagalog
lupalop,tagalog
proyekto,cebuano
panecnecan nga umisu,ilocano
balik,cebuano
alak-bigas,tagalog
sáykwa,hiligaynon
benditahin,tagalog
sámpad,hiligaynon
magtitimaan,cebuano
suskribir,cebuano
sípat,hiligaynon
hulík,hiligaynon
maoy,cebuano
umaga,tagalog
lima,cebuano
nagkahilis,cebuano
kuhil,cebuano
tawong bantugan,cebuano
bandurista,tagalog
diligar,cebuano
caallogan,ilocano
dalaga,cebuano
saan galing,tagalog
kamahal-mahalan,tagalog
tauhan ng dula,tagalog
makahirin,tagalog
biniyaan,cebuano
salidahan,tagalog
salig,cebuano
bokón,hiligaynon
kabakasan,tagalog
oras,ilocano
turod,ilocano
pakikisamo,tagalog
agtubo,ilocano
panyuleta,tagalog
siúpaw,hiligaynon
harákhak,hiligaynon
sampádong,hiligaynon
baláan,hiligaynon
kabahan,tagalog
pangulo,cebuano
sandurot,cebuano
sápya,hiligaynon
galapong,tagalog
tusuy,cebuano
alarakas,tagalog
caaduan,ilocano
golót,hiligaynon
halanasón,hiligaynon
labos,tagalog
piyak,cebuano
largabista,tagalog
mas baga,cebuano
padrun,cebuano
kalaparan,tagalog
pusamánu,cebuano
paglapas sa tagal,cebuano
tugtugin,tagalog
callugong,ilocano
kinutlo gikan sa tagsulat kun mamumulong,cebuano
pagdagkot,cebuano
bugalbugal,cebuano
di bakakon,cebuano
mahigpit na salakayin,tagalog
lamang,cebuano
hantungan,tagalog
taliwala,cebuano
hilabtéra,hiligaynon
tumaga,tagalog
gámhon,hiligaynon
carnero,ilocano
libuyhaba,tagalog
kagàkà,cebuano
humuthot,tagalog
patis,cebuano
gihidlaw,cebuano
makulot,tagalog
gangut,cebuano
bakalán,hiligaynon
función,hiligaynon
ayaw,cebuano
mikatkat,cebuano
salig,tagalog
porsiyent,cebuano
titig,tagalog
reúma,hiligaynon
kaykay,cebuano
namumuhi,tagalog
kapalaran,cebuano
sahol,tagalog
pagpalos,cebuano
hanâ,hiligaynon
búgaw,cebuano
eskombro,tagalog
fiánza,hiligaynon
miringgi,cebuano
borángkol,hiligaynon
sililhígon,hiligaynon
pigsa,ilocano
dugso,tagalog
pútad,cebuano
bintana,tagalog
sippiten,ilocano
pagnunuynoy,tagalog
kataw,cebuano
búthò,hiligaynon
uruy,cebuano
cawayan,ilocano
aru-aten,ilocano
pagbantayan,ilocano
patay nang isinilang,tagalog
magmedyanotse,tagalog
kalumniyahin,tagalog
panagsabat,ilocano
maganansiyahon,cebuano
adyenda,tagalog
lugami,tagalog
bukilya,tagalog
magpingki,tagalog
kencuana (babai),ilocano
damgu,cebuano
talipa,tagalog
umadayo,ilocano
balukás,hiligaynon
danasin,tagalog
pangolor,tagalog
abilay,cebuano
mamuntot,tagalog
magkatawang-tao,tagalog
pasalubong,tagalog
kalibang die matay,cebuano
hálup,hiligaynon
ipilit,ilocano
pungopunguan,ilocano
batidór,hiligaynon
mas taas,cebuano
suskritur,cebuano
dalumat,tagalog
magmantsa,tagalog
concierto,ilocano
sulod,cebuano
malalim,tagalog
samót,hiligaynon
dalisdis,tagalog
mamati la unay,ilocano
umatraso,tagalog
kabat,cebuano
sa sakripisyo,cebuano
tubig na mineral,tagalog
mimyu,cebuano
sandosena,tagalog
manga,cebuano
ikabilibid,tagalog
eskeleto,cebuano
ulop,tagalog
mabudhion,cebuano
kurikit,cebuano
ipapatay,ilocano
sadino man,ilocano
mangilngid,cebuano
pag-aaksaya,tagalog
kursunáda,cebuano
búngkoy,hiligaynon
retratista,ilocano
pagpagat,tagalog
human na,cebuano
manaog,tagalog
pag-bukad,cebuano
umalok,tagalog
kiburen,ilocano
dili-dili,tagalog
kalapoy,cebuano
rotograbado,tagalog
pumikit,tagalog
ngano,cebuano
sampalayok,tagalog
frankíyo,hiligaynon
agdamdamili,ilocano
milakaw,cebuano
barung,cebuano
pruntu,cebuano
lana,ilocano
pugon,ilocano
beto,tagalog
ipampaligo,tagalog
tupad na,tagalog
nagkalaylay,cebuano
uyuan,cebuano
agúmud,cebuano
parang tupa,tagalog
hokót-hókot,hiligaynon
ugsarán,hiligaynon
mangalot,tagalog
matam-is,cebuano
litrátu,cebuano
dakes,ilocano
hingábut,hiligaynon
usigen ken tarimaanen,ilocano
bagutbut,cebuano
lutosay,cebuano
hátal,hiligaynon
matabas,tagalog
selyo,cebuano
batuganan,cebuano
akincucua,ilocano
hulad,cebuano
kagulang,cebuano
magbigay-galang,tagalog
prinsipal,cebuano
kawa,tagalog
sangkalibutan,tagalog
madaling-araw,tagalog
walang-karapatan,tagalog
narapis ken natayag,ilocano
panhikan,tagalog
ipadala,cebuano
pagpapagala-gala,tagalog
salapsap,cebuano
panapaw,cebuano
isuro,ilocano
botika,cebuano
úgyak,hiligaynon
managdakes,ilocano
saliríng,hiligaynon
iturnilyo,tagalog
wala'y piho,cebuano
rikisisiyun,cebuano
buladór,hiligaynon
mahiram,tagalog
palusi,tagalog
ikasiyam,cebuano
taripnong,ilocano
"prak, prák",cebuano
buhat sa kamot,cebuano
malunok,tagalog
kahog,tagalog
bátug,cebuano
herbabuéna,hiligaynon
pagdawat,cebuano
naulep,ilocano
gaúl-gául,hiligaynon
mag-alitan,tagalog
abbongan,ilocano
di-makapipinsala,tagalog
magdiskurso,tagalog
bukikís,hiligaynon
bangkang pantawid,tagalog
magtanda,tagalog
gubat,tagalog
takduy,cebuano
lalum,cebuano
narang-ay,ilocano
Eto!,tagalog
bangag,cebuano
akwatika,tagalog
pito,ilocano
hínay,cebuano
agwas,cebuano
licudan,ilocano
paasucan,ilocano
bulibul,cebuano
n panagdungpar,ilocano
isteypol,tagalog
pabulag,cebuano
mapaglabag,tagalog
pagsalig,cebuano
inay,cebuano
pagkababa sa tungkulin,tagalog
turnilyuhan,tagalog
pahibalo,cebuano
úkbo,hiligaynon
bapor,tagalog
haya,tagalog
búngot,hiligaynon
ilis,cebuano
curimatmat,ilocano
magtatabako,tagalog
paghihilom,tagalog
napintas,ilocano
lunglayin,cebuano
sisíg,hiligaynon
nalinisuro,ilocano
bíla,hiligaynon
hilabut,cebuano
porma,cebuano
mas taphaw,cebuano
bitíis,cebuano
hinun-ánon,hiligaynon
panaggatang,ilocano
sipák,hiligaynon
nauma,ilocano
wist púwin,cebuano
barángon,hiligaynon
saup,cebuano
radyum,tagalog
sampiyad,cebuano
kahoy,cebuano
gobernador,tagalog
siglot,ilocano
hábug,hiligaynon
lain-lain,cebuano
hutoy,cebuano
labhonon,cebuano
matandain,tagalog
gúkop,hiligaynon
bat-ólan,hiligaynon
parada,tagalog
aninawin,tagalog
sarásay,cebuano
ditensiyon,tagalog
pauna nga bayad,cebuano
lip-ut,cebuano
tátut,cebuano
sagka,cebuano
hanggang sa libingan,tagalog
naganetget,ilocano
Osmiyum,tagalog
pesimist,tagalog
balikutkut,cebuano
tílib,cebuano
nabessag,ilocano
pansamantala,tagalog
ságut,cebuano
nakatagilid,tagalog
mapailubon,cebuano
kulakdup,cebuano
mag-isip-isip,tagalog
bakbak,tagalog
haybrid,tagalog
kabaong,cebuano
"sayúti, sayútis",cebuano
marubdob,tagalog
kíput,cebuano
maalindog,tagalog
hawus,cebuano
immun-una,ilocano
kábag,cebuano
balo a babai,ilocano
indyiksiyun,cebuano
gráno,hiligaynon
santohon,cebuano
naulimec,ilocano
sapa,tagalog
sugúng,hiligaynon
asnu,cebuano
gíak,cebuano
pirme,cebuano
pammanecnec,ilocano
simpok,tagalog
kung ipaparis,tagalog
hukáw,hiligaynon
humura,tagalog
napakaringal,tagalog
agal-al,ilocano
pilduras,ilocano
dyába,cebuano
banghaw,cebuano
bala,ilocano
hirán,hiligaynon
tisa,ilocano
magkahika,tagalog
papagbayarin,tagalog
halayo,cebuano
salúgsug,hiligaynon
gún-gun,hiligaynon
pakiling,tagalog
naladingit a pasamac,ilocano
Eskosesa,tagalog
biya,cebuano
hábug,cebuano
butones,ilocano
pagluwan,cebuano
di-mapaihi,tagalog
panghilis,cebuano
pansin,tagalog
makalilim,tagalog
hutô,hiligaynon
pagkakalog,tagalog
pareho sa,cebuano
panagtipon,ilocano
pagputlin-putlin,tagalog
kanang,cebuano
anan,tagalog
ina iti buniag,ilocano
búntug,hiligaynon
kalungkong,tagalog
kinapadparan,tagalog
bumilo,tagalog
rúmbang,hiligaynon
bák-ong,hiligaynon
last díl,cebuano
pabo,tagalog
microphone,tagalog
kalainan,cebuano
ubing,ilocano
gantang,cebuano
galit,cebuano
mamà,cebuano
mangatawan,tagalog
tagapagdikta,tagalog
bilanggóan,hiligaynon
palabas sa hapon,cebuano
tukang,cebuano
salawákì,cebuano
salipód,hiligaynon
mangil-ad,cebuano
iccaten,ilocano
pagkulumpulan,tagalog
nasipnget,ilocano
mangupit,tagalog
nayits ab kulumbus,cebuano
hinuríng-húring,hiligaynon
lagamak,cebuano
makicadua,ilocano
iksámin,cebuano
buaya,cebuano
sinulínga,hiligaynon
alapaap,tagalog
walang-sala,tagalog
tuyo,cebuano
pasipngeten,ilocano
sírko,hiligaynon
pangilin,cebuano
saan a matignay,ilocano
mantalaan,cebuano
itudlo,cebuano
pilosopo,tagalog
kondenado,tagalog
magduha-duha,cebuano
daig,tagalog
banà,cebuano
halawhaw,tagalog
buteng,ilocano
million,tagalog
kailikgan,cebuano
mamasukan,tagalog
paghagit,cebuano
hák-um,hiligaynon
pinaglilingkuran,tagalog
kalagot,cebuano
A.D.,cebuano
"lihiya, lihíya",cebuano
lango,tagalog
mao ngani,cebuano
sursi,cebuano
tuos,tagalog
ubing,ilocano
kagalangan,tagalog
mangdengngeg; mangalimadamad,ilocano
magtalisay,cebuano
napudot,ilocano
kalampusan,cebuano
garboso,cebuano
clase,ilocano
surumalâ,hiligaynon
managtulong,ilocano
buláw-búlaw,hiligaynon
saburát,hiligaynon
peklatin,tagalog
aginging,tagalog
tap-il,cebuano
panagpautang,ilocano
paghigot,cebuano
gaak,cebuano
Enero,ilocano
kutsínu,cebuano
Mananakop,tagalog
bulanghuy,cebuano
lingla,cebuano
paghuhunos,tagalog
pako,cebuano
supak sa pamatasan,cebuano
tabánug,cebuano
palawit-lawitin,tagalog
taga-Silangan,tagalog
ilaga,cebuano
awanan iti cuarta,ilocano
pagsabat-sabat,cebuano
bulásut,cebuano
luga,tagalog
siinget,ilocano
linnaaw,ilocano
diskubrihin,tagalog
sáday,hiligaynon
baúl-baúl,hiligaynon
kalabsakan,tagalog
kaluya,cebuano
maaliw,tagalog
sampáda,hiligaynon
buhong,cebuano
alipúlu,cebuano
tuga,cebuano
sitsarong baboy,tagalog
luto,cebuano
puños,ilocano
magbaligtad,tagalog
komparasyon,tagalog
pinadapat,cebuano
sálay,hiligaynon
kisdum,cebuano
pag-apil,cebuano
hiláw,hiligaynon
maramot,cebuano
gumanti ng pinsala,tagalog
magdampi,tagalog
kasilanganan,tagalog
tambúluk,cebuano
laro,tagalog
panangimutectec,ilocano
bunlon,tagalog
languyin,tagalog
kapalaran,tagalog
pumipili,cebuano
marahas,tagalog
uleg,ilocano
panawen,ilocano
teksto,tagalog
bumiwas,tagalog
ipangalan,tagalog
kilá,cebuano
bango,tagalog
magamay,tagalog
baná-bána,hiligaynon
cucuac,ilocano
sabunin,tagalog
kinanunongan,ilocano
astrunumu,cebuano
halálbon,hiligaynon
salisi,tagalog
kubit,cebuano
suból-suból,hiligaynon
súb-it,hiligaynon
galope,tagalog
kalingawan and ug,cebuano
nalapasen,ilocano
búyun,cebuano
laaglaag,cebuano
súngkà,hiligaynon
pagkakaloob,tagalog
awanan iti alluad,ilocano
buthobuho,cebuano
mukhaan,tagalog
panagangsubbot,ilocano
sángod,hiligaynon
súray,hiligaynon
bínhì,hiligaynon
salápi,hiligaynon
lansita,ilocano
makapabalaka,cebuano
ipaglinis,tagalog
diyabites,cebuano
libak,cebuano
lektor,tagalog
pagkaluwal,tagalog
cocinero,ilocano
unggoy,cebuano
pagsagi,tagalog
búklas,hiligaynon
resume,tagalog
sabnit,cebuano
bungot,cebuano
punoan sa tanum,cebuano
dason,cebuano
ilaw na unahan,tagalog
kita ba?,cebuano
siráng,hiligaynon
lipaten,ilocano
calding,ilocano
gúli,cebuano
bángil,hiligaynon
típun,cebuano
cadua iti siled,ilocano
hugánas,hiligaynon
ringgíru,cebuano
makabanas,tagalog
agsacay,ilocano
likin,cebuano
hilumon,cebuano
baránggay,hiligaynon
donakoy,cebuano
sakám,hiligaynon
may buot,cebuano
paya,tagalog
galamay,tagalog
nabato,ilocano
paskilan,tagalog
láag,cebuano
riklámu,cebuano
seisyentos,tagalog
ukút,hiligaynon
buto,cebuano
lawasnong kakulian,cebuano
bisag,cebuano
liwanag ng araw,tagalog
sánting,hiligaynon
silo,ilocano
punteriya,tagalog
wápir,cebuano
kinatas-an,cebuano
hubit,cebuano
sálong,hiligaynon
silibaón,hiligaynon
monasilyo,tagalog
magyuyuta,cebuano
pagkalutas,tagalog
hinúlsul,hiligaynon
dinurog,tagalog
bilihagón,hiligaynon
pagbantay,cebuano
karon dayon,cebuano
hagúnus,hiligaynon
makasira,tagalog
paghihirap,tagalog
balántak,hiligaynon
hamóy,hiligaynon
kwa-,cebuano
sumingaw,tagalog
bagul,cebuano
kahangturan,cebuano
pagbisibis,cebuano
magandahin,tagalog
sapâ,hiligaynon
gwabón,hiligaynon
makombensi,tagalog
gáab,hiligaynon
agcabatog,ilocano
papawirin,tagalog
ninot,cebuano
búlid,hiligaynon
makinang panahi,tagalog
niya,cebuano
tiliwen,ilocano
bátir,cebuano
masekreto,tagalog
pagpapaalam,tagalog
pagtugot,cebuano
makapakugang,cebuano
magluwa,tagalog
tugastugas,cebuano
banag,ilocano
gásta,hiligaynon
mailiw,ilocano
tibugun,cebuano
síntas,hiligaynon
bunít,hiligaynon
lit-ad,cebuano
hátay,cebuano
siklob,hiligaynon
súblak,hiligaynon
pahulain,tagalog
Kanada,tagalog
sángkò,hiligaynon
saúlug,cebuano
mantika,tagalog
agdindinamag a dakes,ilocano
patig,cebuano
sad-ay,cebuano
sugatán,hiligaynon
hadakán,hiligaynon
sirtipíku,cebuano
beckelen,ilocano
tuhuy,cebuano
baywen,ilocano
lilik,tagalog
Mindanaw,cebuano
bunihin,tagalog
agpaspasiar,ilocano
kambyo,tagalog
maturog,ilocano
pagsukol,cebuano
panghampas,tagalog
sumbáli,hiligaynon
patulungan,tagalog
kabilinggan,cebuano
patino,cebuano
sango,ilocano
agpatpataray iti caballo,ilocano
paglibat-libat,tagalog
sinaloháy,hiligaynon
pagtuon,cebuano
balniing guhit,tagalog
sirína,cebuano
hikaw-hikawan,tagalog
rorô,hiligaynon
pansakob,tagalog
báso,hiligaynon
bángin,cebuano
gikasón,hiligaynon
wánwan,hiligaynon
talataan,tagalog
pukay,cebuano
masirib,ilocano
kaukulang palagyo,tagalog
latayan,tagalog
ukúb-ukúb,hiligaynon
pahibay-hibay,tagalog
maudi,ilocano
suplimintu,cebuano
úgsang,hiligaynon
agbiag iti sabali,ilocano
macacatang,ilocano
lagablab,tagalog
pangkalakal,tagalog
paglilipat ng liham,tagalog
takiang,cebuano
babaye nga budok,cebuano
Pilipino,cebuano
kasíra,cebuano
alikási,cebuano
rimbawan,ilocano
híbyok,hiligaynon
bángtò,hiligaynon
walang-bahala,tagalog
súm-an,hiligaynon
tagamana,tagalog
kulag kaabtik,cebuano
paalisin,tagalog
maninay,cebuano
kamáug,cebuano
lumunsad,tagalog
kurap,tagalog
báwod,hiligaynon
makisapi,cebuano
iwala,tagalog
panaglayag,ilocano
tagpuan,tagalog
pannacainagan,ilocano
patik,cebuano
pagsumpa,tagalog
manandis,cebuano
buminbin,tagalog
bumaláton,hiligaynon
kaduyogan,cebuano
ulo ti espada,ilocano
tangos,tagalog
aganges,ilocano
intirbiyu,cebuano
tudluan,cebuano
hilúngug,hiligaynon
sarápwon,hiligaynon
naghimo,cebuano
amin,ilocano
tumugma,tagalog
magpalugit,tagalog
tulakbahala,tagalog
pagtatayong,tagalog
lawag ti init,ilocano
pagkuha,cebuano
kama,tagalog
nakalutang,tagalog
tuyong,tagalog
gamas,tagalog
wala makatingog,cebuano
magsimento,tagalog
madawat,cebuano
pagbuko,tagalog
ang kakunhoran,cebuano
balos,cebuano
anlalawa,tagalog
antipatiko,tagalog
tanghag,cebuano
rágnat,hiligaynon
agútay,cebuano
padrunan,tagalog
sagang,cebuano
idadanes,ilocano
garantisádu,cebuano
pako,tagalog
pigta,tagalog
humbis,cebuano
gayod,cebuano
mamay,tagalog
bántil,hiligaynon
oido,tagalog
maghahasa,cebuano
guul,cebuano
alasas,tagalog
idlay iti,ilocano
istribur,cebuano
álaw,cebuano
hiwî,hiligaynon
dayo,cebuano
sikyatriya,cebuano
iduong,tagalog
hamuláng,hiligaynon
matandang dalaga,cebuano
untul,cebuano
papagdietahin,tagalog
maghimulmol,tagalog
sapala,tagalog
bulag,ilocano
wasngì,cebuano
icaso,ilocano
watakwatak,cebuano
saan a managpadagus,ilocano
puntos,tagalog
hilyóan,hiligaynon
pihar,cebuano
pagpapalitan,tagalog
salacnib,ilocano
pasahero,cebuano
magbaba,tagalog
húnit,hiligaynon
gitíng,hiligaynon
balandra,cebuano
magbabalaod,cebuano
naalluad,ilocano
abrígu,cebuano
magdidighal,tagalog
panagtungtong,ilocano
húpug,hiligaynon
madaling mabasag,tagalog
pagtakuban,cebuano
saúlug,hiligaynon
kritikon,tagalog
istasiyun,cebuano
makainis,tagalog
tika,tagalog
oracion,ilocano
kandidato,tagalog
managdillaw,ilocano
gidala,cebuano
nagaluha,cebuano
balingasó,hiligaynon
istaylis,cebuano
nacabutbuteng,ilocano
kapasagdan,cebuano
pagsunod sa,cebuano
lúpug,cebuano
panangputed arcos,ilocano
ámuy,cebuano
pagpahibalo,cebuano
mangiub,cebuano
timba balde,ilocano
pasabut,cebuano
paggumon,tagalog
yáwì,cebuano
dili malantugi,cebuano
mahinuktukon,cebuano
upisína,cebuano
narungsot,ilocano
paglakaw,cebuano
rasák,hiligaynon
magkasapol,tagalog
panangurnos,ilocano
dinulse,cebuano
kimika,cebuano
nalaing,ilocano
tuwa,tagalog
puso ng mais,tagalog
pait,ilocano
lakas ng lalaki,tagalog
pusong,tagalog
tubig na maaaring inumin,tagalog
lakta,tagalog
suwáyang,hiligaynon
garanás,hiligaynon
multu,cebuano
abiba,cebuano
hingálan,hiligaynon
ragutóng,hiligaynon
batong-gilingan,tagalog
pagkagusto,tagalog
napigsa nga aweng,ilocano
suliranin,tagalog
hugan-ub,cebuano
pilote,tagalog
hiúpud,hiligaynon
balasón,hiligaynon
tampuk,cebuano
bosal,ilocano
panagpabaro,ilocano
bagalnga,cebuano
hingalhingal,cebuano
hitsúra,cebuano
húkò,hiligaynon
gruesa,tagalog
nahahabla [ang -),tagalog
panangisaad,ilocano
saan a maagasan,ilocano
galon,cebuano
kalusugan,tagalog
kawad,tagalog
sikwahî,hiligaynon
búgrit,hiligaynon
ákal,cebuano
hilis,tagalog
siántong,hiligaynon
palaiyut,cebuano
granada,tagalog
hungawan,cebuano
macaited,ilocano
mag-alagaan,tagalog
saramáylo,hiligaynon
ganti,tagalog
suleras,tagalog
palabukan,tagalog
dasngag,cebuano
anangka,ilocano
tibuok,cebuano
bulugasón,hiligaynon
bérde,hiligaynon
kung pagpaparisin,tagalog
úgtus,hiligaynon
gayasgas,tagalog
mapiguton,cebuano
kalainan,cebuano
pagbaton,cebuano
súknà,hiligaynon
mahitungod sa huni,cebuano
sa ilong,cebuano
sámbut,hiligaynon
ala una,cebuano
iwaen,ilocano
duhaduha,cebuano
kabawalan,tagalog
pagay,ilocano
dagan kun tulin sa salakyanan sa dagat,cebuano
boók,hiligaynon
pagbati,cebuano
sinyas,cebuano
plantasiyun,cebuano
ipuruac,ilocano
galawad,tagalog
balinghat,tagalog
buhisan,cebuano
rúyo,hiligaynon
panulbok,cebuano
asmang,ilocano
paglagum-lagumin,tagalog
kalipay,cebuano
kinapateg,ilocano
sála,hiligaynon
tanggo,cebuano
lagunot,tagalog
telegramaan,ilocano
idintipikasiyun,cebuano
ordenansyon,tagalog
nasuntuan,ilocano
nutikal,cebuano
nalinis,ilocano
háhay,cebuano
pilipot,tagalog
tutoy,cebuano
pamansa,tagalog
papunta,tagalog
Santo Papa,cebuano
lubay,tagalog
kaliwat,cebuano
maysa a disso,ilocano
buwaya,tagalog
orasan,tagalog
medyan,tagalog
kaligon,cebuano
ti agulit,ilocano
pakikipagpanayam,tagalog
párang,cebuano
naangut,ilocano
murúsu,cebuano
saan a nadalus,ilocano
aníhag,cebuano
laog,tagalog
kausaban,cebuano
seloso,cebuano
suka,tagalog
magsapol,tagalog
hámrus,hiligaynon
diwáta,cebuano
kini,cebuano
sikól,hiligaynon
búngkal,hiligaynon
binúlig,hiligaynon
manlalalik,tagalog
simbaan,ilocano
twásik,cebuano
putatin,tagalog
rutinaryo,tagalog
hadóy-hádoy,hiligaynon
angsu,cebuano
pagpapasimula,tagalog
cañon,ilocano
pagsalop sa adlaw,cebuano
batang-pulot,tagalog
naladingit,ilocano
sinâ,hiligaynon
pabinhian,tagalog
pagmaniho,cebuano
pumila,tagalog
dawat,ilocano
báw-an,hiligaynon
ipagtaka,tagalog
abwag,cebuano
agianan,cebuano
nakahihilo,tagalog
karaktir,cebuano
halang,cebuano
lawisin,tagalog
aburídu,cebuano
umbok,tagalog
mangmalem,ilocano
pagsilsil,cebuano
sianay,ilocano
salimpusa,tagalog
irigid,ilocano
bunsálù,cebuano
dayag,cebuano
"bakóng, bákong",hiligaynon
kissayan,ilocano
unsaon,cebuano
kumurba,tagalog
gabíng-gábing,hiligaynon
pag-apura,cebuano
okoy,tagalog
Kantunis,tagalog
artistik,tagalog
napriso,cebuano
paggigiit,tagalog
kali,tagalog
sakit ti pangal,ilocano
gása,cebuano
tabon,cebuano
hanggap,cebuano
hamulálong,hiligaynon
putihin,tagalog
tamlay,tagalog
simána,cebuano
sumbabay,tagalog
paagi,cebuano
línis,cebuano
pagpusag,tagalog
bakokáng,hiligaynon
kansilar,cebuano
maningil,tagalog
esteril,tagalog
kalooban,tagalog
lacay,ilocano
labing masayon,cebuano
kanin,tagalog
bigkas,tagalog
makagambala,tagalog
sigurado,cebuano
kumpanya,cebuano
iburol,tagalog
rangya,tagalog
pasagasa,tagalog
ganancia,ilocano
resitesyon,tagalog
kaintì,cebuano
surat ti ima,ilocano
dip-it,cebuano
molde,tagalog
dumili,cebuano
ráyus,cebuano
panahon,cebuano
karlo,tagalog
pumunta,tagalog
kidlat,tagalog
panagkita,ilocano
hatúd-kawát,hiligaynon
bútud,hiligaynon
pagtalilis,tagalog
bágol,hiligaynon
tigritigri,cebuano
mapang-uyam,tagalog
tibalsik,tagalog
tratsi,cebuano
patag,cebuano
magalang,cebuano
báng-aw,hiligaynon
asúgi,cebuano
pasayloa ko,cebuano
alakri,cebuano
baluga,tagalog
balagúbay,hiligaynon
franéla,hiligaynon
purà,cebuano
hiro postal,cebuano
liwliwaen,ilocano
karatsutsu,cebuano
tuhugan,tagalog
taliwala,cebuano
ubanan,cebuano
napakarumi,tagalog
gulok,tagalog
síryo,hiligaynon
dibaydir,cebuano
"séntimo, sentimó",hiligaynon
pasamac,ilocano
binilo,tagalog
lawagen,ilocano
sugo,tagalog
pagbagulbol,cebuano
túngab,cebuano
pihitin,tagalog
lugang,tagalog
maomao,cebuano
pagdakadalo,tagalog
in-grísu,cebuano
nasta,ilocano
paghagok,cebuano
salitan,tagalog
makaginhawa,tagalog
suga sa likud,cebuano
sagáksak,hiligaynon
oksigeno,tagalog
sígib,hiligaynon
una nga pumupuyo,cebuano
siyagit,cebuano
pangganyak,tagalog
tilhung,cebuano
grado,tagalog
impeksiyon,cebuano
"masputítu, masputítus",cebuano
ting-uwan,cebuano
color,ilocano
busoren,ilocano
hambalámbong,hiligaynon
kawayanan,tagalog
bálde,hiligaynon
ulun,cebuano
wala'y bili,cebuano
pagpuga,cebuano
tanda ti panagaramid ti ania man a banag,ilocano
balantikón,hiligaynon
kagáwad,cebuano
mapaglabanan,tagalog
duwag,tagalog
pobre,tagalog
sagi,tagalog
linggánay,cebuano
giutgan,cebuano
pagikpik,tagalog
tintu,cebuano
hingabút,hiligaynon
danog,ilocano
pagboto,cebuano
balingáy,hiligaynon
ania man nga agayus cas ti danum,ilocano
binaláybay,hiligaynon
sa hilom,cebuano
damong-gamot,tagalog
pandukal,tagalog
kinasickel,ilocano
puteden,ilocano
pakulubutin,tagalog
masahista,tagalog
tágud,cebuano
komplemento,tagalog
ukúb-úkub,hiligaynon
walang-gatol,tagalog
kasagaran,cebuano
naglagot,cebuano
lusak,tagalog
helatina,tagalog
puli,tagalog
Teka!,tagalog
"hangay, hángay",cebuano
agpababa,ilocano
sapâ,hiligaynon
hílap,hiligaynon
pilien,ilocano
hindi mahusay,tagalog
buríghul,hiligaynon
magkaliwaan,tagalog
anak-anakan,tagalog
yáb-ok,hiligaynon
belada,tagalog
napigsa a timec wenno ania man a mangted iti mangngeg,ilocano
bassit a sanga,ilocano
panagtalna,ilocano
Belga,tagalog
dwendihon,cebuano
maligong kilos,tagalog
kilitiin,tagalog
lukban,tagalog
iseserrec,ilocano
gitudlo,cebuano
nupay,ilocano
mapunit,tagalog
kalipay,cebuano
dagánas,cebuano
mangeddeng,ilocano
súub,cebuano
pinaikli,tagalog
baláti,hiligaynon
ilag,tagalog
itulad,ilocano
sululáton,hiligaynon
kaniya (lalaki),cebuano
bákyaw,hiligaynon
kalítang,cebuano
humampas,tagalog
sulî,hiligaynon
salíut,cebuano
lugan a magna iti daga,ilocano
dili katuhoan,cebuano
Espanyola,tagalog
sayahón,hiligaynon
pagsaysay,cebuano
iturok,tagalog
húyab,hiligaynon
makipaglabanan,tagalog
kalaki,cebuano
daysi,cebuano
agcurang,ilocano
síya,hiligaynon
maglilip,tagalog
úkay,hiligaynon
tagapaglarawan,tagalog
nacalupcopan iti nickel,ilocano
wala pa ka ron,cebuano
"galas, gálas",cebuano
magagarang kasuutan,tagalog
nalined a banag,ilocano
hírup,hiligaynon
halayhay,cebuano
idighal,tagalog
sangagasut a tawen,ilocano
magpatubo nang labis,tagalog
managbuteng,ilocano
makatuay,tagalog
napakasamang gawa,tagalog
magsasaysay,cebuano
dugang,cebuano
di-makapagsalita,tagalog
isport,cebuano
tinuod gyud,cebuano
lurit,tagalog
pasaklapin,tagalog
báid,hiligaynon
mausisahon,cebuano
bagahe,tagalog
magpalugar,tagalog
estado,cebuano
sindikato,tagalog
lalang,tagalog
humpay,cebuano
postura,cebuano
barbero,tagalog
hurspáwir,cebuano
petikot,tagalog
sabúd,hiligaynon
gabardin,tagalog
dumumi,tagalog
baréu,hiligaynon
tigpaniid,cebuano
búhat,hiligaynon
makapadugay,cebuano
balítaw,hiligaynon
halù,cebuano
taksil,tagalog
kundun,cebuano
bug-os,cebuano
yaúb,hiligaynon
malunasan,tagalog
napateg maicari,ilocano
malungtaron,cebuano
sangputanan,cebuano
tigluto,cebuano
mantikado,tagalog
v agtayab,ilocano
pagpasok,tagalog
inayon,ilocano
iwas,tagalog
háni,cebuano
dili pintas,cebuano
bagù,cebuano
sídlang,hiligaynon
kalabuan,tagalog
panahon,cebuano
balatán-an,hiligaynon
pag-imbay,tagalog
pulitika,cebuano
drísir,cebuano
netuhin,tagalog
aklasan,tagalog
pagpihig-pihig,cebuano
tama,tagalog
mahiwatigan,tagalog
hímpok,hiligaynon
ayohon,cebuano
pagidulinan iti tagilaco,ilocano
kapon,tagalog
harápon,hiligaynon
tugtogen,ilocano
almoneda,tagalog
balikókò,hiligaynon
aalug-alog,tagalog
bítu,cebuano
daurà,cebuano
entresuwelo,tagalog
lipong,cebuano
talínis,cebuano
agal-al,ilocano
biolinísta,hiligaynon
hagúnub,cebuano
pumpon,tagalog
masikmura,tagalog
radio,ilocano
rondáhan,hiligaynon
pangahas,cebuano
sandigan,tagalog
pag-ibo,tagalog
panual,tagalog
saan a natangig,ilocano
háyag,cebuano
kadíti,cebuano
tali,cebuano
haláplas,hiligaynon
bugating kasisikan,tagalog
sírhan,hiligaynon
sinapid,cebuano
masilakon,cebuano
labot,cebuano
mag-antanda,tagalog
patay,cebuano
butabuta,tagalog
tabikung,cebuano
pagpangandoy,cebuano
pagkawalang-kasiyahan,tagalog
baláklon,hiligaynon
ulalóng,hiligaynon
unang titik sa ngalan,cebuano
bakía,hiligaynon
magpasabog,tagalog
tiggagaano,tagalog
agtartaraken cadagiti mulmula,ilocano
buruláwon,hiligaynon
waray,cebuano
kuneho,tagalog
dillawen,ilocano
magkanggagago,tagalog
batóngmaídlak,hiligaynon
maipapan iti panagaramid iti linteg,ilocano
ti rebbeng a bayad,ilocano
katuringan,tagalog
taltak,tagalog
sóksok,hiligaynon
rúgi,cebuano
tinangay,tagalog
kumbininsiya,cebuano
ispíya,cebuano
adolesens,tagalog
palaspas,tagalog
"tangali, tangáli",cebuano
pagdasig,tagalog
posporo,cebuano
sikpaw,cebuano
barábad,hiligaynon
baybay-an,ilocano
hitabo,cebuano
kumilig,tagalog
kahit,tagalog
naangin,ilocano
kayapà,cebuano
rasyon,tagalog
paningkamot,cebuano
Tingni,tagalog
gapangin,tagalog
alimatukon,cebuano
pagtatakda,tagalog
cangato,ilocano
sipilyu,cebuano
las-ag,cebuano
lucayan,ilocano
sálmo,hiligaynon
katalagman,cebuano
maaliwalas,tagalog
buká,hiligaynon
dahol,tagalog
salacniban idulin,ilocano
pagkakadikit-dikit,tagalog
paimpisin,tagalog
riprisintǎr,cebuano
panibago,tagalog
boklód-bóklod,hiligaynon
natinggaw,ilocano
ang pagdali-dali,cebuano
galing sa/kay,tagalog
gumiwang,tagalog
"bíaw, bí-aw",hiligaynon
ulínggan,hiligaynon
timtim,cebuano
nagsina,ilocano
lugtas,cebuano
pagbaot,ilocano
managdacdakes,ilocano
magpasalamat,tagalog
paalagaan,tagalog
lúlut,cebuano
mapabantog,tagalog
mapahitason,cebuano
selebrár,hiligaynon
mangmang,tagalog
sakdup,cebuano
dyanitur,cebuano
isabay,tagalog
kahawig,tagalog
sapátos,hiligaynon
pulaw-as,cebuano
setro,tagalog
panaacalpas,ilocano
intonasyon,tagalog
ulihi,cebuano
kumuliling,tagalog
síkma,hiligaynon
magpagiwang-giwang,tagalog
lusbù,cebuano
bayle,cebuano
danugen,ilocano
katinuoran,cebuano
patayen,ilocano
pagtutuwid,tagalog
bangkilíng,hiligaynon
ricus,ilocano
hilwák-hílwak,hiligaynon
pagpangita,cebuano
sálap,hiligaynon
agladingit,ilocano
San Markus,cebuano
paghahalili,tagalog
may-loob,tagalog
posisyon,cebuano
salsalonón,hiligaynon
Estados Unidos,ilocano
sintog,tagalog
hutwang,cebuano
tumiin,tagalog
masukoton,cebuano
ugángan,hiligaynon
atngal sa tutoy,cebuano
pangítà,cebuano
"wískan, etc.",hiligaynon
píngag,cebuano
kaisang-dibdib,tagalog
sibilisahin,tagalog
palapsaw,cebuano
hirí-hirí,hiligaynon
mapacawan,ilocano
palong,tagalog
"busísì, busîsî",hiligaynon
ugdang,cebuano
batóbusílak,hiligaynon
panungkit,tagalog
makapagpalubha,tagalog
pasapinan,tagalog
riribuc,ilocano
pandayin,tagalog
tugyan,cebuano
pagsugod,cebuano
hagak,tagalog
agay-ay,cebuano
sayód,hiligaynon
pagtatabtab,tagalog
sió-sío,hiligaynon
awtokrat,tagalog
kasilo,cebuano
ubálhang,hiligaynon
garáy-garáy,hiligaynon
sag-úlì,hiligaynon
kumonsulta,tagalog
sikaran,tagalog
gabarero,tagalog
papanghinain,tagalog
humitit,tagalog
mapaglakwatsa,tagalog
pakigtakus,cebuano
isarita,ilocano
panggapos,tagalog
bagay,cebuano
ladrilyo,tagalog
manalangin,tagalog
lugan a mangiballasiw,ilocano
huruson,cebuano
maiparit,ilocano
maipapan iti revolucion,ilocano
imyun,tagalog
komersiyante,tagalog
kíling,cebuano
akin-amianan,ilocano
kasakay,tagalog
pumarada,tagalog
babaan,tagalog
nairut,ilocano
nacaalalas nga aramid,ilocano
kabingihan,tagalog
mamaybay-dagat,tagalog
súgpay,hiligaynon
antúan,cebuano
biograpya,tagalog
piskur,cebuano
ríbun,cebuano
sa kasamaang-palad,tagalog
talaa nga itom,cebuano
santal,cebuano
háng-it,hiligaynon
siya nga tumbatumba,cebuano
báli,cebuano
payac,ilocano
sumúod,hiligaynon
sosyal,tagalog
laso,ilocano
galusgálus,cebuano
edukesyonal,tagalog
gútum,hiligaynon
samuk,cebuano
pinili,ilocano
maicalima,ilocano
baragóok,hiligaynon
halángdon,hiligaynon
dimúdu,cebuano
kintay,tagalog
kalaksotan,cebuano
ulúd,hiligaynon
kinaadu,ilocano
ipalamas,tagalog
pamilínu,cebuano
sungkitâ,hiligaynon
pagkayab,cebuano
darling,cebuano
uyon,cebuano
malisa,tagalog
"himákas, himakás",hiligaynon
isuro,ilocano
ipinadpad,tagalog
hilimosán,hiligaynon
adunahan,cebuano
birô-bírò,hiligaynon
síp-on,hiligaynon
talaksan,tagalog
tanikala,tagalog
tagpian,tagalog
curarapnit pang-or,ilocano
sayup,cebuano
nagpasabot,cebuano
kaisahan,tagalog
"bóka de páto, bokápáto, bóka y páto",hiligaynon
mahilas,cebuano
nililitis,tagalog
bugdo,cebuano
bútse,hiligaynon
bugtungan,tagalog
Hudiyo,cebuano
syampu,cebuano
balhágan,hiligaynon
pagpuga,cebuano
iskína,cebuano
saan nga agpanunot,ilocano
salukî,hiligaynon
buluhinón,hiligaynon
tagapagsala,tagalog
kakahuyan,tagalog
batiwtiw,cebuano
pagpasubalian,tagalog
kagingking,cebuano
yapa,cebuano
báming,cebuano
sagád,hiligaynon
isubo,tagalog
bansalan,cebuano
úlub,cebuano
madiin,tagalog
pithayain,tagalog
ultima,cebuano
badíl,hiligaynon
pautos,tagalog
nakabikaka,tagalog
tuyok,cebuano
baile,tagalog
pagkapatay,tagalog
kasumo,cebuano
seménto,hiligaynon
manibila,cebuano
aníbung,cebuano
encantado,ilocano
tagasaan,tagalog
hántal,hiligaynon
sabidongan,ilocano
"húlon, hulón-húlon",hiligaynon
butngen tapno maala ti cuarta,ilocano
kainitan,tagalog
ilemmes; ipauneg iti danum,ilocano
numero,cebuano
labaw sa usa,cebuano
húlid,hiligaynon
testament,tagalog
arikmitik,cebuano
hárkan,hiligaynon
kurusan,tagalog
santaelena,tagalog
palakpak,tagalog
gipakaingon,cebuano
hués,hiligaynon
lubayan,tagalog
yuhum,cebuano
alimúkun,cebuano
pakisayud,cebuano
galang,tagalog
tuktok,cebuano
bútwà,hiligaynon
magdali-dali,tagalog
talos,tagalog
matuod,cebuano
masagupa,tagalog
"ríit, riít",hiligaynon
bucboc,ilocano
baterya,tagalog
pagkakakilanlan,tagalog
balángtan,hiligaynon
lab-as,cebuano
íwag,cebuano
putputin,tagalog
magkapantay,tagalog
búsbus,hiligaynon
picpic,ilocano
pag-aninaw,tagalog
prutista,cebuano
respetuhan,tagalog
magbalasa,tagalog
bagis,cebuano
bangga,cebuano
parking,cebuano
"háwad, háw-ad",hiligaynon
tigpamaayo,cebuano
pagbiya,cebuano
gián,hiligaynon
hitabo,cebuano
kuwentista,tagalog
batyag,tagalog
Ginuo,cebuano
pinay,cebuano
sídra,hiligaynon
banag-banag,cebuano
kasya,cebuano
nimpa,cebuano
sumbrec; umuneg,ilocano
hatag,cebuano
pagsugsog,cebuano
gamutin,tagalog
partída,cebuano
miha,tagalog
habog,cebuano
siáy,hiligaynon
pablísir,cebuano
pelikula,cebuano
suod,cebuano
kapritso,tagalog
bendíto,hiligaynon
rúmans,cebuano
salámbaw,hiligaynon
hagyung,cebuano
palaboy ng kapalaran,tagalog
parang bato,tagalog
lipting,cebuano
sabyokót,hiligaynon
makiambag,tagalog
buralin,tagalog
igtatanaw,cebuano
sa diyutay,cebuano
Hapon,tagalog
abiyun,cebuano
ubús,hiligaynon
kabulagin,tagalog
ugdángan,hiligaynon
sopsópan,hiligaynon
bitóon,hiligaynon
bansa,cebuano
mahuli,tagalog
selebrasyón,hiligaynon
gorogotó,hiligaynon
gíngham,hiligaynon
limpyabota,tagalog
gilayon,cebuano
pagseselos,tagalog
tipiganan,cebuano
líwas,cebuano
sopa,tagalog
verde,ilocano
ipagiba,tagalog
hinakí,hiligaynon
kilos-hari,tagalog
nasam-it,ilocano
buluburan,tagalog
ítir,cebuano
pagtatapas,tagalog
kambúha,cebuano
tabi-tabi,tagalog
anas,tagalog
tampà,cebuano
sunúd,hiligaynon
ulíbhay,hiligaynon
casapulan,ilocano
labahan,tagalog
imbentaryuhin,tagalog
pungan,ilocano
naayat,ilocano
magprimera-komunyon,tagalog
agbaniaga,ilocano
nakapananamlay,tagalog
hawáy,hiligaynon
awtor,tagalog
dimonyo,tagalog
di-tinatalban,tagalog
tumikhim,tagalog
pagpanggula,cebuano
búkya,hiligaynon
binta,cebuano
pagbubugang,tagalog
baul ng awto,tagalog
makalima,tagalog
damak,tagalog
hámpas,hiligaynon
bihasahin,tagalog
kawalan ng kahulugan,tagalog
síad,cebuano
Adat,tagalog
usísa,cebuano
arupel,tagalog
pagsulod,cebuano
iyaplag,ilocano
búraw,hiligaynon
idlut,cebuano
ispísu,cebuano
ululí,hiligaynon
patùpátù,cebuano
umalis,ilocano
manananggot,cebuano
punuin,tagalog
kalye,tagalog
litok,cebuano
alaen,ilocano
culchon,ilocano
hululanúon,hiligaynon
kalimbongan sa panumpa,cebuano
lapnut,cebuano
handalas,cebuano
pananglagip,ilocano
lingguwista,cebuano
ugásip,hiligaynon
makinaugalingon,cebuano
lakbit,cebuano
mas mabaw,cebuano
banggiítan,cebuano
wagák,hiligaynon
nakapapata,tagalog
malalis,cebuano
globo,cebuano
binódo,hiligaynon
nagwala,cebuano
nalaing nga agsarita,ilocano
tagatapat,tagalog
lanúbù,cebuano
agtigerger,ilocano
sero,cebuano
nakaaabala,tagalog
malibid,tagalog
rúg-as,hiligaynon
dukul,cebuano
raspa,cebuano
pasdec a pacalabaan ken pacaplanchaan ti cawes,ilocano
bága,hiligaynon
atsara,cebuano
magpahirap,tagalog
útas,cebuano
makadkad,tagalog
tabuylug,cebuano
hamilsing,cebuano
pagtugawan,ilocano
gipangunayan,cebuano
inyong,cebuano
bahandì,cebuano
naglukop sa tanan,cebuano
bungonen,ilocano
pagdidestino,tagalog
pagbalaod,cebuano
gusto ninyo,cebuano
saan a rumbeng,ilocano
habílhabíl,hiligaynon
magharap,tagalog
palingkawas,cebuano
sa ilawom,cebuano
talak,tagalog
sagonson,cebuano
matupi,tagalog
silík-silík,hiligaynon
magsakal,tagalog
pakikipagniig,tagalog
birá-bíra,hiligaynon
pagsaksa,tagalog
bangkawan,cebuano
makaisip,tagalog
brútu,cebuano
napartac,ilocano
tumeng,ilocano
papiliin,tagalog
nak-aut,tagalog
birsikulu,cebuano
sigwa,tagalog
rugit,ilocano
buntog,cebuano
ungos,tagalog
tili,tagalog
salíping,hiligaynon
tono,tagalog
mandukot,tagalog
royolayt,tagalog
"hingápsan, hingápson",hiligaynon
babáe,hiligaynon
mabagsak,tagalog
saláryo,hiligaynon
wala'y bili,cebuano
balota,ilocano
"bás-an, bás-on",hiligaynon
istibidur,cebuano
aprusan,ilocano
hangin,tagalog
baylo,cebuano
umalug-alog,tagalog
súri,hiligaynon
siésta,hiligaynon
kalíngag,cebuano
dáwi,cebuano
talikuran,tagalog
pansayan,cebuano
imut-imut,cebuano
músa,cebuano
baybáyon,hiligaynon
pangnguya,tagalog
ngalutin,tagalog
magbaimbi,tagalog
pilansik,tagalog
pagluto,cebuano
bunyun,cebuano
bandána,cebuano
tatluhang-buwan,tagalog
paunang hatol,tagalog
dautan,cebuano
lulos,tagalog
di-nakakabit,tagalog
manangiyulog,ilocano
wala'y tawo,cebuano
sampil,cebuano
hágap,hiligaynon
bankil,cebuano
mapurol ang ulo,tagalog
mahirati,tagalog
sagúp,hiligaynon
napintas,ilocano
padackelen,ilocano
pagpaila,cebuano
híngag,cebuano
may-pagkakautang,tagalog
sílung,hiligaynon
húping,cebuano
umusig,tagalog
papilit,cebuano
lawas na langitnin,tagalog
ramúsot,hiligaynon
habi,tagalog
hielo,ilocano
tulak,cebuano
kuli,tagalog
pare,tagalog
pagngasab,tagalog
tútù,cebuano
pabaruen,ilocano
matinuuron,cebuano
yadtu,cebuano
makipag-agawan,tagalog
uwayen,ilocano
butí,hiligaynon
súngkit,hiligaynon
sugat,ilocano
lit-ag,cebuano
katumanan,cebuano
unano,cebuano
tumulong,tagalog
pakíbut,cebuano
bansáda,hiligaynon
katungdanan,cebuano
mapait nga kaagi,cebuano
sóda,hiligaynon
retene,tagalog
rifa,ilocano
pasariwain,tagalog
piliin,tagalog
walang-salita,tagalog
habúl,hiligaynon
yúpok,hiligaynon
nagkino na,cebuano
leeg,tagalog
alum-om,cebuano
pugnawin,tagalog
agong,ilocano
bunô,hiligaynon
tilasok,tagalog
sa hinanali,cebuano
naroon,tagalog
bingahón,hiligaynon
sandata,tagalog
patauden,ilocano
bagdoy,cebuano
salíit,hiligaynon
butasiyun,cebuano
makihamok,tagalog
ripíki,cebuano
idadarup,ilocano
amatista,tagalog
awan ti capadana,ilocano
kútiks,cebuano
diosa,ilocano
rámò,hiligaynon
buntala,tagalog
paglibot,tagalog
bagyo,ilocano
mascara,ilocano
ilahok,tagalog
láta,cebuano
maambong,cebuano
gardin,cebuano
ipapropaganda,tagalog
mabalin,ilocano
baril,cebuano
buu na,tagalog
cuna,ilocano
burugásan,hiligaynon
pyúrus,cebuano
mag-ukol,tagalog
sinaya,tagalog
Subangan,cebuano
di-pagkakaunawaan,tagalog
magpapurol,tagalog
hinámbad,hiligaynon
paralisahin,tagalog
bukal,tagalog
maagwat,tagalog
ugangan,cebuano
kuyaw,cebuano
guput,cebuano
baság-úlo,hiligaynon
bukalás,hiligaynon
imong tagay,cebuano
kayat,cebuano
huyágpà,hiligaynon
sábya,hiligaynon
wálik,hiligaynon
leksyon,tagalog
paku,cebuano
waáy-wáay,hiligaynon
intiryor,tagalog
tigpamalansa,cebuano
alanganin,tagalog
magaang trabaho,tagalog
haóp,hiligaynon
paningin,cebuano
catedral,ilocano
pinggan,cebuano
padpad,tagalog
salibadyaw,cebuano
panawit,tagalog
nacaserra,ilocano
usbung,cebuano
bokóng,hiligaynon
daghag abot,cebuano
lampurnas,cebuano
garil,tagalog
siguradong-sigurado,tagalog
fírma,hiligaynon
hudiánan,hiligaynon
katugbang,cebuano
pagpapalit,tagalog
gungganen,ilocano
sagún-ot,hiligaynon
agbisin,ilocano
purpuro,ilocano
kasangkap,tagalog
palakayat,cebuano
mistísa,cebuano
piso,tagalog
bulúk,hiligaynon
sapata,ilocano
rumbo,tagalog
sabado,cebuano
maghuhukhok,cebuano
balá,hiligaynon
kitiwkitiw,cebuano
"hínta, híntà",hiligaynon
itambak,tagalog
komprobasyon,tagalog
bóbog,hiligaynon
insignia,tagalog
balatkayo,tagalog
puso,cebuano
bikil,cebuano
pagbaludan,ilocano
pagkasaid,tagalog
naragsacan,ilocano
pumbrera,tagalog
paghahango,tagalog
mailaoc,ilocano
cabsat a lalaki,ilocano
lumoko,tagalog
magpatahan,tagalog
bassit,ilocano
tuhik,cebuano
pasang-ayunin,tagalog
ipagkait,tagalog
pasandatahan,tagalog
diborsiyo,cebuano
rebelde,tagalog
tinago,cebuano
bàkus,cebuano
makaamoy,tagalog
rungkábil,hiligaynon
sukúd,hiligaynon
itlog,ilocano
umaway,tagalog
kugita,tagalog
panagtalec,ilocano
kasingsarap,tagalog
dáma dinutsi,cebuano
pusibli,cebuano
mahugaw,cebuano
buríraw,hiligaynon
pag-alsa,tagalog
supír,hiligaynon
dili matarog,cebuano
higad,tagalog
panangitulod,ilocano
maayong pag-abut,cebuano
masabi,tagalog
makuyaw,cebuano
magpaulan,tagalog
gipit,tagalog
aritos,ilocano
saritaan,ilocano
tapi,cebuano
umuulan-ulan,tagalog
bakla,tagalog
kontrol sa panganganak,cebuano
saan a pudno,ilocano
kulisyun,cebuano
gíkam,hiligaynon
pagputedan,ilocano
sagalsalon,cebuano
albínu,cebuano
mamimista,tagalog
nupay,ilocano
saan a nalpas,ilocano
bígà,cebuano
ubús,hiligaynon
parbo a sarita a macaisuro iti leccion,ilocano
kúnun,cebuano
putol,cebuano
bakyà,cebuano
bárok,hiligaynon
sacsaca,ilocano
mudipikar,cebuano
isucat,ilocano
túlis,cebuano
angitngit,cebuano
hulungkagíng,hiligaynon
biyada,tagalog
segúro,hiligaynon
pangahan,tagalog
adberbyo,cebuano
silit,cebuano
buyot; noldado ti nacion,ilocano
kampísaw,cebuano
famóso,hiligaynon
laput,cebuano
sintir,cebuano
bisan pa,cebuano
sweater,tagalog
parigapay,tagalog
ramot,ilocano
baboy nga hinurno,cebuano
ispektrum,tagalog
macapalamiis,ilocano
haharapin,tagalog
búsug,hiligaynon
udáygon,hiligaynon
tulong,ilocano
"galawáhan, galawahán",hiligaynon
parisíyu,cebuano
kortesa,tagalog
bakat,tagalog
paglalaway,tagalog
magkasabay,tagalog
tahì,cebuano
manulsol,tagalog
Tagálug,cebuano
singgit,cebuano
albáti,cebuano
kedngan,ilocano
sángay,cebuano
bayad,ilocano
lablab,cebuano
panit,cebuano
may sala,cebuano
"riprismin, riprismint",cebuano
wenno,ilocano
pagsalmot,cebuano
síti,cebuano
hulunungán,hiligaynon
wíting,cebuano
rátrat,hiligaynon
tumuwang,tagalog
síge,hiligaynon
kabuting-saging,tagalog
telegraphy,tagalog
kamingaw,cebuano
basak,cebuano
suut-suot,tagalog
sikó,hiligaynon
hirangin,tagalog
makalalo,tagalog
kulag pagkaon,cebuano
maipapan iti buyot,ilocano
paghagad,tagalog
basin pa,cebuano
hón-og,hiligaynon
pakluy,cebuano
magbahin,tagalog
silot,cebuano
katulugon,cebuano
hatod-kawat,cebuano
hugis-itlog,tagalog
ta bagim,ilocano
malù — [dat.],cebuano
kaugmaran,cebuano
kaluskus,cebuano
sugád,hiligaynon
ibulos,tagalog
maudi,ilocano
himulúngon,hiligaynon
dili makaanak,cebuano
tikig,cebuano
inalilis,tagalog
siled,ilocano
solóndan,hiligaynon
"sulopâ, sulupâ",hiligaynon
uhales,tagalog
arestado,tagalog
sa takdang oras,tagalog
libot,cebuano
pinapanahon,tagalog
kantahin,tagalog
pulis,cebuano
bayani,cebuano
munghi,cebuano
banag,ilocano
sakit ti mata,ilocano
kedngan,ilocano
prinsipyu,cebuano
mikrubyu,cebuano
manghinuko,tagalog
kard,cebuano
gal-umón,hiligaynon
laon,tagalog
badingding,cebuano
hulukmánan,hiligaynon
súpas,cebuano
lihok,cebuano
kibkibin,tagalog
agregget,ilocano
pag-aalay,tagalog
pagtatabad,tagalog
binabai,ilocano
hínyo,hiligaynon
kinatas-an,cebuano
ituhod,ilocano
grídir,cebuano
tayon,tagalog
túdas,cebuano
pumarito,cebuano
tinago,tagalog
kinamaag,ilocano
síkway,hiligaynon
pagngasab,tagalog
tanggab,cebuano
musì,cebuano
báboy,hiligaynon
simento,cebuano
dili makiangayon,cebuano
serbísyo públiko,hiligaynon
masuron,ilocano
umuntos,tagalog
agdadamo,ilocano
hinalágkù,hiligaynon
disperensiya,tagalog
inggana,ilocano
sángtan,hiligaynon
binagáy-bágay,hiligaynon
gaslì,cebuano
baybay-an,ilocano
buay,tagalog
kompleanyo,tagalog
sisig,cebuano
matalinong magpasiya,tagalog
hibangkaagan,cebuano
suwelduhan,tagalog
gábi,hiligaynon
igulong,tagalog
hulad,cebuano
kaluhaan,cebuano
enkargo,tagalog
halab,cebuano
pagkita,cebuano
sukli,tagalog
kahigan,tagalog
sulúnò,hiligaynon
balíla,cebuano
kaprangkuhan,tagalog
suwabe,tagalog
estrakurikular,tagalog
paghaw-as,cebuano
sumungkal,tagalog
pangangamba,tagalog
pakumusta,tagalog
pasinaya sa bagong bahay,tagalog
lakin-on,cebuano
libuybigkis,tagalog
rumbâ-rúmbà,hiligaynon
pananahi,tagalog
panagimpan,tagalog
hílway,hiligaynon
lipat,cebuano
sibaw,cebuano
saan a maicanada a panangbusbos iti naicumit a cuarta,ilocano
pinaagi sa,cebuano
pag-impake,tagalog
sagbot,cebuano
rurod,ilocano
sapasap,ilocano
pagpapalamuti,tagalog
halá,hiligaynon
mangtarawidwid,ilocano
yungyungan,tagalog
handum,cebuano
gurut-ánon,hiligaynon
rehistrado,tagalog
natured,ilocano
pagdali,cebuano
uhaw,cebuano
pagsawsawan,ilocano
kamarera,tagalog
pasarunuan,ilocano
nangisit,ilocano
palayok,tagalog
"pitrulyu, pitrulyum",cebuano
parsiyar,cebuano
habing,tagalog
báyo,hiligaynon
alcalde,ilocano
manipud iti daytoy a banag ditoy,ilocano
ipalawag,ilocano
iunat,tagalog
sab-ung,cebuano
"bási, básì",cebuano
kumbat,cebuano
pagbuli,tagalog
lutang na lutang,tagalog
awan curangna,ilocano
wadíng-wáding,hiligaynon
Nadiosan,ilocano
gádgad,hiligaynon
hánggup,hiligaynon
libinta,cebuano
palsipikado,cebuano
nagbalinan,ilocano
gilingin,tagalog
kamoteng kahoy,cebuano
no casta ngarud,ilocano
agsupadi,ilocano
sawaan,tagalog
sákup,hiligaynon
kaabtik,cebuano
ilalom,cebuano
"anayo, anayo",tagalog
tseke,cebuano
ugdang,cebuano
kitse,tagalog
sárù,hiligaynon
hugâ,hiligaynon
kakatuwang-pagkilos,tagalog
kulhánun,cebuano
intiriyur,cebuano
munarkíya,cebuano
paghunong,cebuano
hanúlhánul,hiligaynon
liniglig,tagalog
sulúdlan,hiligaynon
alangísig,cebuano
dupil,tagalog
pilas,tagalog
palu,cebuano
apirmatibo,tagalog
sinulid,tagalog
mangloko,cebuano
apagisu,ilocano
didúsu,cebuano
siyentipiko,cebuano
baybay,tagalog
pak-ap,cebuano
gakus,cebuano
pagsampa,tagalog
tropikal,tagalog
sapot,cebuano
labutab,ilocano
súnta,hiligaynon
langgà,cebuano
sígmit,hiligaynon
"sábado, sabadó",hiligaynon
pagduyan,cebuano
inantigong,cebuano
lambúnaw,cebuano
oberol,tagalog
nakakalalin,tagalog
manalita,tagalog
maagahan,tagalog
lapulapo,tagalog
bulong,tagalog
bulán-bulán,hiligaynon
sakít,hiligaynon
ekskuriyonista,tagalog
singî-singián,hiligaynon
cayaw,ilocano
hulumáyan,hiligaynon
tulongan,ilocano
sumahin,tagalog
pagsarasay,cebuano
huthut,cebuano
yúkab,cebuano
agtalinaed agbati,ilocano
panangawis,ilocano
bitbit,cebuano
Potasyum,tagalog
urang,tagalog
mapasampalataya,tagalog
lactawan,ilocano
gagad,tagalog
ikspirimintu,cebuano
maikyason,cebuano
itum,cebuano
bakúna,cebuano
Saligang-Batas,tagalog
paglalik,tagalog
agahan,tagalog
marca,ilocano
balbon,tagalog
gamít,hiligaynon
binúlan,hiligaynon
gangannaet,ilocano
tadyakan,tagalog
urbon ti vaca,ilocano
trono,ilocano
kinadackel,ilocano
pataray,ilocano
kawawaan,tagalog
malaking banggaan,tagalog
parte,cebuano
pagpulot,tagalog
sugakúb,hiligaynon
bino,cebuano
balikas,cebuano
baron,tagalog
digyù,cebuano
sigkit,cebuano
nagkauyon,cebuano
ulingíd,hiligaynon
ekstra,tagalog
magpatawad,tagalog
látab,cebuano
ukisan,ilocano
saan a manamnama,ilocano
paglaguplop,tagalog
balik-awót,hiligaynon
lehiyon,tagalog
talaan,cebuano
abunda,cebuano
banko,cebuano
salang-átan,hiligaynon
mabinat,tagalog
gasto,cebuano
sango,ilocano
ipabab,tagalog
pusisyon,tagalog
balá-bála,hiligaynon
ladingit,ilocano
insidente,tagalog
pagbaod,cebuano
súung,cebuano
billete,ilocano
lug-as,cebuano
balíkdò,hiligaynon
hagin,cebuano
pag-ayaw,tagalog
umat,tagalog
patnig,tagalog
kuyámang,cebuano
payipoy,tagalog
palhi,cebuano
sínyas,hiligaynon
bandíyu,cebuano
ílas,cebuano
guluhin,tagalog
iguho,tagalog
usyúsa,cebuano
riped,ilocano
pananakop,tagalog
agpuccaw,ilocano
itunton,tagalog
malimang,tagalog
banwa,cebuano
esterilisahin,tagalog
tattao,ilocano
padaya,ilocano
supurtir,cebuano
bútlig,hiligaynon
maquina,ilocano
mamulsa,tagalog
lumud,cebuano
aglibas,ilocano
tigbobalintong,cebuano
ning-,cebuano
kawalang-habas,tagalog
maayos,tagalog
langgasan,tagalog
tirante,tagalog
panganlungan ng mga bapor,tagalog
magpanhik,tagalog
encanto,ilocano
pasunding,cebuano
nasantuan,ilocano
higpit,tagalog
panayaw,tagalog
teyolohiya,cebuano
roméro,hiligaynon
bilang,ilocano
vapor,ilocano
kayapahan,tagalog
bahag,cebuano
pagdangat,cebuano
malubog,cebuano
uklab,cebuano
lukub,cebuano
batog ti ulo,ilocano
paghunahuna,cebuano
domino,tagalog
biád-bíad,hiligaynon
krosing,tagalog
anaa sa itaas,cebuano
ibidinsiya,cebuano
kreta,tagalog
modo,tagalog
magtalakan,tagalog
monumento,ilocano
awan ti cabaelanna,ilocano
gánì,cebuano
rapiduhin,tagalog
ansisit; bassit a tao,ilocano
dispiras,cebuano
pangita,cebuano
súdsud,hiligaynon
talikala,cebuano
danaw,cebuano
bentrilukwo,tagalog
gaúng,hiligaynon
huni,cebuano
matang,cebuano
halíngtang,hiligaynon
panlulusob,tagalog
magsatsatan,tagalog
nahuman,cebuano
supak sa katarungan,cebuano
grasya,cebuano
úlag,hiligaynon
maipapan iti ciencia,ilocano
básil,hiligaynon
butúd,hiligaynon
maris,ilocano
islaks,tagalog
sungarót,hiligaynon
binalúk-an,hiligaynon
masilong,tagalog
denggen,ilocano
hinabang,cebuano
ayaw iapil,cebuano
balagtásan,cebuano
walang-kasaysayan,tagalog
dun ganon,cebuano
lilima-limayon,tagalog
ispír,cebuano
latlatin,tagalog
tinápa,cebuano
lamang,cebuano
ikagalak,tagalog
bulas,tagalog
agianan,cebuano
bugaw,cebuano
ayáwat,cebuano
nasiguro,cebuano
lugas,tagalog
"atripisyu, atripisyun",cebuano
kulumpol,tagalog
makasasama,tagalog
adultiryu,cebuano
súlà,cebuano
riribuc,ilocano
pila-ang kantidad,cebuano
amutin,tagalog
catulongan,ilocano
ulok,tagalog
súbà,hiligaynon
tangpi,cebuano
pagbinawo,cebuano
háha,hiligaynon
matam-is,cebuano
ti sumangbay,ilocano
harás-harás,hiligaynon
supak,cebuano
abot ng isip,tagalog
karapitsi,cebuano
búgtong,hiligaynon
panangcamat,ilocano
pagbihag,tagalog
litsi,cebuano
agummong,ilocano
pag-ampo,cebuano
hárothot,hiligaynon
panangtaraon,ilocano
gawas,cebuano
tatay,tagalog
pagtalandang,tagalog
agsennaay,ilocano
salabusáb,hiligaynon
universidad,ilocano
pagilasinan,ilocano
manggialamon,cebuano
igpakalma kun igpahupay,cebuano
pagsip-ak,cebuano
pamatay-kulisap,tagalog
kaniya,cebuano
iprun,cebuano
saan naputed,ilocano
tabitabi,cebuano
labana,cebuano
ibusen,ilocano
tigpalimus,cebuano
makapawi,tagalog
kugíta,cebuano
gilayon,cebuano
balók,hiligaynon
madri,cebuano
madlang-tao,tagalog
pagkaragdag,tagalog
suhayan,tagalog
maigalis,ilocano
aggulo,ilocano
taka,cebuano
ablása,cebuano
lumingon,tagalog
kinlaw,cebuano
paglampos,cebuano
bupanda,cebuano
babaye,cebuano
badáng,hiligaynon
kapikal,cebuano
hagis,tagalog
"búbu, búbù",cebuano
kolor,tagalog
hululáman,hiligaynon
kumpadri,cebuano
pinturahan,tagalog
hohô,hiligaynon
nalucmeg,ilocano
pasubali,tagalog
himatâ,hiligaynon
sirip,cebuano
sunub,cebuano
itirintas,tagalog
pagngalitin,tagalog
magtitinda,tagalog
pruhibir,cebuano
simaron,tagalog
salín,hiligaynon
maipapan ti dadduma,ilocano
ipamangka,tagalog
rauten,ilocano
himásang,hiligaynon
paghanapan,tagalog
pagbabanlaw,tagalog
makinang-panturno,tagalog
puro,ilocano
karminatíbu,cebuano
"waráng-wárang, waráng-waráng",hiligaynon
hálwot,hiligaynon
paggugol,cebuano
tasik,tagalog
mapugutan ng ulo,tagalog
matunaw,tagalog
sálba,hiligaynon
pakipot,tagalog
pagpapaeksrey,tagalog
góra,hiligaynon
panangbaliw,ilocano
bayén-on,hiligaynon
tayà,cebuano
mag-r-,cebuano
hánggab,hiligaynon
bosína,hiligaynon
búkut,cebuano
pasilungin,tagalog
ságmit,hiligaynon
walí-wáli,hiligaynon
congreso,ilocano
gunggong,tagalog
pasensiya,tagalog
bilyunaryo,tagalog
laghang,cebuano
midikilyu,cebuano
bulináw,hiligaynon
pagliban,tagalog
tagapagtatag,tagalog
brunsi,cebuano
malingilingi,cebuano
bilaúg,hiligaynon
pagpabayad,cebuano
diyablo,tagalog
maputol,tagalog
mainugot a panawen,ilocano
bumuka,tagalog
bukasan o bubuksan,tagalog
maglasa,tagalog
kinaulpit,ilocano
dimensiyon,tagalog
pagtalon,tagalog
matambangan,tagalog
kaumagahan,tagalog
hambog,cebuano
bantítù,hiligaynon
magbili,tagalog
di-nasisiyahan,tagalog
bagóong,hiligaynon
depensor,tagalog
malalaman,tagalog
bukikî,hiligaynon
batakan,cebuano
nanumo,ilocano
ubod,ilocano
parinlas,tagalog
ugís,hiligaynon
ninang,cebuano
impluensa,tagalog
diding,ilocano
pálad,cebuano
tuduken,ilocano
talento,cebuano
regalo,cebuano
bulangan,cebuano
naamo,ilocano
yabo,tagalog
tápay,cebuano
pinangilakan,tagalog
ubbing,ilocano
ikabingi,tagalog
ayaw,cebuano
aspilihan,tagalog
umanyo,tagalog
ragáng,hiligaynon
Sidlakan,cebuano
gura,ilocano
pamamalakad,tagalog
mag-insayo,tagalog
kahanagan,tagalog
húrum,hiligaynon
kakapalan ng tao,tagalog
hilák-hílak,hiligaynon
"manay, mánay",cebuano
pagkaudlot,tagalog
utay-utay,tagalog
hókon,hiligaynon
amapola,tagalog
ti aglicmot,ilocano
dawat pacasapulan,ilocano
sakù,cebuano
magahi og ulo,cebuano
ulingíg,hiligaynon
sóhol,hiligaynon
panugnat sa kusog,cebuano
mortar,tagalog
pilik,tagalog
biradór,hiligaynon
purawundir,cebuano
bagni,cebuano
suláng,hiligaynon
uyaw,tagalog
orient,tagalog
tubo,ilocano
pagdusahan,tagalog
panagsao a napardas,ilocano
habas,tagalog
postura,tagalog
wáhig,hiligaynon
lukimya,cebuano
plasíbu,cebuano
bagkat,tagalog
pagkabalak,tagalog
mabingkilon,cebuano
mahal,cebuano
wíli,hiligaynon
kagahom,cebuano
kimat,ilocano
hinayak,cebuano
ngasngas,tagalog
magkunuwa,tagalog
panagawat,ilocano
langkì,cebuano
hárà,hiligaynon
lamian,cebuano
huól,hiligaynon
himawî,hiligaynon
wakawak,tagalog
wala,cebuano
silsil,cebuano
prasku,cebuano
maalikabok,tagalog
alas sais,cebuano
salabúyan,hiligaynon
palakao'g karne,cebuano
nalawa a cadaratan,ilocano
kinapintas,ilocano
pabaya,tagalog
tsismúsu,cebuano
gitíng-gíting,hiligaynon
pisut,cebuano
casta met,ilocano
tampalung,cebuano
hámtong,hiligaynon
mainitong paglaban,cebuano
hampila,tagalog
reseta,cebuano
túsik,cebuano
bobód,hiligaynon
capas,ilocano
patingin (sa doktor),tagalog
hálob,hiligaynon
hingáyaw,hiligaynon
balingag,cebuano
arína,cebuano
panagpatubo,ilocano
sulit,cebuano
baliwala,tagalog
taylan,cebuano
galawgaw,cebuano
mangutang,tagalog
maramdamin,tagalog
rárong,hiligaynon
guwardakosta,tagalog
naminsan,ilocano
kita,tagalog
makaalo,tagalog
magbapor,tagalog
uyab,cebuano
pumalaot,tagalog
salingay,cebuano
dihaying kapnayan,tagalog
pag-alsa,cebuano
salimuang,cebuano
mangipamatmat,ilocano
pahamtang,cebuano
wala,cebuano
pagaramidan,ilocano
ratiles,tagalog
panagbulag,cebuano
tabi,cebuano
magsiya,tagalog
pakapin,cebuano
súklì,hiligaynon
araw ng paghuhukom,tagalog
ularóy,hiligaynon
mamaayna,ilocano
naparagsit,ilocano
hiniram,tagalog
gilókon,hiligaynon
alingabngab,cebuano
bugsù,cebuano
ulod,cebuano
kitsenet,tagalog
paglibog,cebuano
alipala,tagalog
nigusiyar,cebuano
kumbu,cebuano
pitsil,cebuano
gasat,ilocano
bayabay,ilocano
sama,tagalog
tig-atiman sa suwit sa dagitab,cebuano
tanggal,tagalog
biyasong,cebuano
tumain,tagalog
magtalukbong,tagalog
sónlog,hiligaynon
sa mahinay,cebuano
pamumunini,tagalog
hayô,hiligaynon
tawirin,tagalog
sa tabok,cebuano
lumahok sa paligsahan,tagalog
buhayán,hiligaynon
panangabac,ilocano
pagpalinaw,cebuano
pagkadili minyo,cebuano
lain,cebuano
mani,ilocano
pudot,ilocano
naylon,cebuano
bugal,tagalog
pasapupo,tagalog
abrilata,tagalog
awitin,tagalog
sintídu,cebuano
uwang,cebuano
kailangan,cebuano
ibayad,cebuano
salátan,hiligaynon
bukî,hiligaynon
ulagan,cebuano
pagdamay,tagalog
talisod,tagalog
masigid,tagalog
magkahindian,tagalog
wárik,hiligaynon
pagtul-id,cebuano
mangulubon,cebuano
mithì,cebuano
kuwelyo,tagalog
tumutubo,cebuano
tambuk,cebuano
itugma,tagalog
hadhad,tagalog
pudlung,cebuano
bus-uk,cebuano
klausula,tagalog
telegrapo,tagalog
pagbuyaan,ilocano
makatipon,tagalog
raráng,hiligaynon
pamliok,cebuano
pagsikop,cebuano
dúyug,cebuano
syinsiya,cebuano
guyang,cebuano
basbas,cebuano
bentáha,hiligaynon
malapitan,tagalog
alimunen,ilocano
gihay,cebuano
bayái,hiligaynon
bacalaw,ilocano
magluksa,tagalog
kamayan,tagalog
manunug-an,cebuano
munting ilog,tagalog
diyutay,cebuano
amamahung,cebuano
agay,cebuano
sínggit,hiligaynon
legislatura,ilocano
birus,tagalog
sigisígi,cebuano
bangug,cebuano
tulindaw,cebuano
bungán-bunganán,hiligaynon
banaúl,hiligaynon
huthut,cebuano
bahikhik,cebuano
kùkù,cebuano
puyo sa salipi,cebuano
aspirasiyun,cebuano
kapatid na babae,tagalog
kayi,cebuano
inin,tagalog
paglawon,cebuano
materyalista,tagalog
sádò,hiligaynon
hut-ong sa katawhan,cebuano
bát-al,hiligaynon
aganup,ilocano
lumot,ilocano
magtiklop,tagalog
mao rag,cebuano
pigiri,cebuano
liyona,tagalog
pabanguhin,tagalog
pampito,tagalog
hamulíg,hiligaynon
pagpatambok,cebuano
pakaliwa,tagalog
limod,cebuano
relebo,tagalog
ganoon,tagalog
uláng,hiligaynon
agcatawa,ilocano
hulogan,cebuano
sígpit,hiligaynon
maglango,tagalog
kaguol,cebuano
báine,hiligaynon
hiyangan,tagalog
alilúyuk,cebuano
sulda,tagalog
kumpol,tagalog
kalapay,tagalog
lundag,cebuano
makapagpabawa,tagalog
buro,ilocano
suhì,cebuano
talawan,cebuano
curetreten,ilocano
danakit,cebuano
waták-waták,hiligaynon
agsangit,ilocano
matarung,cebuano
puyuk,cebuano
lapastanganin,tagalog
tisting,cebuano
walang-suwerte,tagalog
maso,tagalog
mapawaglit,tagalog
tatsu,cebuano
but-an,cebuano
sugatan,tagalog
batúta,hiligaynon
himut-uk,cebuano
kumulog,tagalog
pálus,cebuano
hágnop,hiligaynon
sukdanan,cebuano
hagdánan,hiligaynon
talangkas,tagalog
malapi,cebuano
priso,cebuano
tumikom,tagalog
karning-baka,tagalog
maipanggep iti historia,ilocano
bithay,tagalog
abbong,ilocano
tiktok,tagalog
matag-usa,cebuano
ibig sabihin,tagalog
laghus,cebuano
kamansi,cebuano
nasakit,cebuano
pasas,cebuano
súngroy,hiligaynon
hugot nga pagtuo,cebuano
isurat,ilocano
katungud,cebuano
makalulumay,cebuano
sugatà,cebuano
eskudero,tagalog
húgyaw,hiligaynon
mahagiton,cebuano
yagayaga,cebuano
sirena,tagalog
makigubat,ilocano
ágay,cebuano
igo-igo,cebuano
sangaili,ilocano
mangilngig,cebuano
palipasin,tagalog
kalokohang-kapangahasan,tagalog
bányo,hiligaynon
ningning,tagalog
alimango,tagalog
hambug,cebuano
takipan,tagalog
magkulungan,tagalog
tulon,cebuano
destornilyador,tagalog
tapa,tagalog
pagsagap,tagalog
tabas,tagalog
pantubigan,tagalog
cabayatan,ilocano
gasela,tagalog
úlpuk,hiligaynon
magpumiglas,tagalog
pig-it,tagalog
tuslub,cebuano
isu da,ilocano
manipulahin,tagalog
kasulya,tagalog
úgdaw,hiligaynon
sámbad,hiligaynon
makapahuyang,cebuano
harók,hiligaynon
suylà,cebuano
nagpapatunay,tagalog
umisisem,ilocano
pinarsua,ilocano
paghiwa,tagalog
matamata,cebuano
inkuwintru,cebuano
ania,cebuano
tabíd,hiligaynon
pulbus,cebuano
naglabi,cebuano
pitrumaks,cebuano
dalawaton,cebuano
kumaw,cebuano
praktis,cebuano
mas tulin,cebuano
inggarasya,cebuano
maliban kung,tagalog
digastu,cebuano
baláyhon,hiligaynon
sapatos,cebuano
suób,hiligaynon
campeon,ilocano
kinapudot,ilocano
buhokon,cebuano
nauuhaw,tagalog
taga away,ilocano
bagitayo,ilocano
balít,hiligaynon
banág-bánag,hiligaynon
húkas,hiligaynon
wáng-it,hiligaynon
pulgas sa manok,cebuano
ulnuagimatin,tagalog
mamalukag,tagalog
sáklot,hiligaynon
tingitingen,ilocano
kumandanti,cebuano
paliháru,cebuano
sentral,tagalog
pananalapi,tagalog
kamutihan,tagalog
huygu,cebuano
"hóod, hoodí",hiligaynon
ningas-kugon,tagalog
napúlù,cebuano
madaling-araw,tagalog
sira ang isip,tagalog
magbaliktad,tagalog
di-malulusutan,tagalog
gugo,tagalog
nagistayan,ilocano
nasapa,ilocano
singklétas,hiligaynon
manunuaw sa balaanong dapit,cebuano
rambát-rámbat,hiligaynon
tig-abiabi,cebuano
húnus,hiligaynon
sukbit,tagalog
mangalirang,tagalog
bulúsbúsan,hiligaynon
hipnotismo,tagalog
tsampuy,cebuano
garnalda,cebuano
pikun,cebuano
inspector,ilocano
halúk,hiligaynon
baláynon,hiligaynon
mintras,cebuano
pika,tagalog
batikan,tagalog
mag-estasyon,tagalog
bulahan,cebuano
batiya,cebuano
ispalen,ilocano
hinagiban,cebuano
katiyapin,tagalog
suob,cebuano
hágut,hiligaynon
timbaya,cebuano
interesado,tagalog
ladlad,tagalog
calapaw,ilocano
gumamas,tagalog
pagtakpan,tagalog
sálum,hiligaynon
huní-húni,hiligaynon
ultimu,cebuano
hingunúd,hiligaynon
kuríput,cebuano
sa dakung katahuran,cebuano
pagyatak,cebuano
burniyu,cebuano
tigpahibalo,cebuano
tipiganan sa salapi,cebuano
kumpitis,tagalog
Neneng,tagalog
maanta,tagalog
sugákud,cebuano
gobiérno,hiligaynon
magmatigas ng ulo,tagalog
soróndan,hiligaynon
sardínas,hiligaynon
abaken,ilocano
bintiróy,hiligaynon
sibay,ilocano
silíng ko,hiligaynon
hágud,hiligaynon
kinamas,tagalog
kulang sa gulang,tagalog
salagma,cebuano
búgno,hiligaynon
mapingol,tagalog
kabug-osan,cebuano
maleta,cebuano
sup-ak,cebuano
baryahin,tagalog
gilingan,ilocano
soltero,tagalog
bugnaw og buot,cebuano
maninilbi sa kan-anan,cebuano
salurán,hiligaynon
takigrapíya,cebuano
magyakagan,tagalog
pamalo,tagalog
nasakit,ilocano
koma,tagalog
hinaramáy,hiligaynon
hubog-hubog,cebuano
uguyin,tagalog
bulunyágan,hiligaynon
drápir,cebuano
"siwíl, síwil",hiligaynon
kadaruhan,cebuano
pakpak,cebuano
bayad,tagalog
walang-pinapanigan,tagalog
guyam,tagalog
hunahuna,cebuano
iling,cebuano
kusmus,cebuano
ilingid,tagalog
kalating,tagalog
siriwsíw,hiligaynon
timaan ilhanan,cebuano
masangla,tagalog
wala'y kahadlok,cebuano
magparegalo,tagalog
"giuk, gíuk",cebuano
laglag,cebuano
sanitaryo,tagalog
ginawî,hiligaynon
kúnay,cebuano
yaring-pabrika,tagalog
banóg,hiligaynon
hulugpáan,hiligaynon
tuyong damo,tagalog
kurkubado,tagalog
magpatakas,tagalog
bútong,hiligaynon
baság,hiligaynon
dahiraw,cebuano
sinsíl,hiligaynon
pagsuratan,ilocano
pagtutubero,tagalog
pika,tagalog
kuub,cebuano
"tambagísa, tambagísà",cebuano
magkagusut-gusot,tagalog
umopera,tagalog
langaw,cebuano
gaod,ilocano
kagat,tagalog
kusog,cebuano
hiniráya,hiligaynon
napulo ug upat,cebuano
disyerto,tagalog
punong-mangga,tagalog
piknik,cebuano
magpahabi,tagalog
suwatan,tagalog
intrubudyǔs,cebuano
indiyan,cebuano
sápua,hiligaynon
mansahin,tagalog
bánhay,hiligaynon
bakgut,cebuano
magkatupad,cebuano
matulis,tagalog
hiwaus,cebuano
siyasik,tagalog
pagbakyaw,cebuano
nalabes a panagbusbos,ilocano
diliman,tagalog
tigpahibalo,cebuano
panagtarigagay,ilocano
maipanggep,ilocano
hítam,hiligaynon
nunot,cebuano
hílà,cebuano
lumakad-lakad,tagalog
plagpul,cebuano
panghupaw,cebuano
gílak,cebuano
kuko,cebuano
lalaking ikakasal,cebuano
yúyo,hiligaynon
tagna sa sakit,cebuano
caballero,ilocano
pagkunhod,cebuano
hírba artemísa or artemísia,hiligaynon
mapigil,tagalog
iseguro,tagalog
pag-agak,cebuano
mumhu,cebuano
"baba, bába",cebuano
Negro,tagalog
maila,cebuano
ihiris,tagalog
makitaripnong,ilocano
kutunan,tagalog
gúns,cebuano
sa kaugalingon,cebuano
tawar,ilocano
maunnat,ilocano
kakatiting,tagalog
ansuy,cebuano
di-pagkaangkop,tagalog
bulúg,hiligaynon
garabáyan,hiligaynon
makipagtiyap,tagalog
bísis,cebuano
lumango,tagalog
kontador,tagalog
kinapudno,ilocano
panangipakita,ilocano
tiyan,cebuano
balhun,cebuano
páwà,cebuano
halámpul,hiligaynon
nakabibighani,tagalog
pulong,cebuano
húrat,cebuano
puruhan,cebuano
gará,hiligaynon
mapagdunung-dunungan,tagalog
pambuntot,tagalog
pangrugyan,ilocano
balahíbu,cebuano
patapangin,tagalog
katagana,tagalog
tangbù,cebuano
baká-báka,hiligaynon
pinong-buhangin,tagalog
iskúba,cebuano
burnílyo,hiligaynon
sámpat,hiligaynon
mapagmaktol,tagalog
halimbáwà,hiligaynon
pag-agda,cebuano
padayon,cebuano
bakus,cebuano
waldá-wálda,hiligaynon
pambambo,tagalog
ginatang,ilocano
singgular,tagalog
fábrica,hiligaynon
pagtataman,tagalog
nagputedan,ilocano
banlag,tagalog
matsora,tagalog
pumukaw,tagalog
agtaray,ilocano
sibulô,hiligaynon
lona,ilocano
gawi,cebuano
baliyug,cebuano
kukunang-yaman,tagalog
tatak-daliri,tagalog
noong una,tagalog
niluba,tagalog
agcanta,ilocano
pagmarka,cebuano
tsampurádu,cebuano
sugo,cebuano
sumuob,tagalog
pagsalubong,tagalog
balak,cebuano
magpako,tagalog
lumulukso,tagalog
pitac,ilocano
kátir,cebuano
disciplina,ilocano
pagpapalahi,tagalog
sibutas,ilocano
liki,cebuano
agyaman,ilocano
aliwaswas,tagalog
kulirù,cebuano
wiligan,tagalog
itulad,ilocano
agbaniaga,ilocano
dakong uyamot,cebuano
handumanan,cebuano
hípid,hiligaynon
kaoba,tagalog
estretser,tagalog
kiraber,ilocano
embargado,tagalog
káham,cebuano
dackel a bagi ti danum a cas ti Pacifico,ilocano
sapisapi,tagalog
birhin,cebuano
salag-úban,hiligaynon
maluloy-on,cebuano
mas piut,cebuano
abay,tagalog
"bugimbilya, buginbilya",cebuano
sárga,hiligaynon
diyana,tagalog
leppasen,ilocano
alin,tagalog
Kredo,tagalog
gaygayin,tagalog
tahop sa humay,cebuano
bángkag,hiligaynon
di mahimutang,cebuano
Istrontiyum,tagalog
luib,cebuano
sambigî,hiligaynon
gabay,cebuano
butang,cebuano
tam-ak,cebuano
kagutkut,cebuano
siók,hiligaynon
napakaningning,tagalog
benneg,ilocano
nadawat,cebuano
deklamador,tagalog
marabilya,tagalog
komposer,tagalog
maulinigan,tagalog
papirmahin,tagalog
paglimpay,tagalog
tehuwelo,tagalog
lumuwas,tagalog
naghabla (ang -),tagalog
rumadyo,tagalog
"ilap, ílap",cebuano
gwabaná,hiligaynon
pir bay pir,cebuano
banyágà,hiligaynon
payting pis,cebuano
kulumna,tagalog
kawalang-kamatayan,tagalog
hilaw,cebuano
impurtansiya,cebuano
kumpuni,tagalog
básas,hiligaynon
galà,cebuano
pagtawad,tagalog
mamamatay,tagalog
yugto sa panahon,cebuano
potro,tagalog
sárò,hiligaynon
sampárak,hiligaynon
pag-indak,tagalog
kanggrena,cebuano
apipigsa,ilocano
antibayotik,tagalog
gagming,cebuano
maliwanag,tagalog
mangontrata,tagalog
"úklò, uklô-úklò",hiligaynon
hánas,hiligaynon
tabáng-tábang,hiligaynon
sugpuin,tagalog
sa himpapawid,tagalog
"binurigál, binurígal",hiligaynon
magmalamposon,cebuano
birri,ilocano
yasyásan,hiligaynon
panagcallaysa,ilocano
adal,ilocano
paghirig,cebuano
nabacnang,ilocano
cararua,ilocano
mapalupagi,tagalog
tabál,hiligaynon
kalori,tagalog
abangan,cebuano
umsem,ilocano
pasig,cebuano
masapsapul,ilocano
umakda,tagalog
tila,tagalog
pinuy-anan,cebuano
pislà,cebuano
insikin,tagalog
búgù,cebuano
bohokón,hiligaynon
walang sinuman,tagalog
katatagan ng loob,tagalog
umitin,tagalog
bumalintuwad,tagalog
pag-umugan,tagalog
lúnus,cebuano
dagiti marabutit,ilocano
matrona,tagalog
kastanyo,tagalog
kaakohan,cebuano
dugos sa bulak,cebuano
bayubay,tagalog
sabay-sabay,tagalog
yámis,cebuano
nakadilat,tagalog
may pinalabi,cebuano
birigbirig,cebuano
ingiwi ang mukha,tagalog
puwera,tagalog
isdyi,cebuano
sumpíya,hiligaynon
"gabù, gábù",cebuano
pulgasin,tagalog
walu-walo,tagalog
dili dayon,cebuano
irigular,cebuano
tigbábaw,cebuano
gánì,hiligaynon
sópò,hiligaynon
aguyangyang,cebuano
dugang,cebuano
pagkaseguro,cebuano
mawaldas,tagalog
surúptan,hiligaynon
sulà,cebuano
miting,cebuano
háway,hiligaynon
protina,cebuano
gabayan,cebuano
pahayag,cebuano
ugút,hiligaynon
walang-bawa,tagalog
idiay,ilocano
dalipsang,cebuano
sádya,hiligaynon
mapasabit,tagalog
sírbe,hiligaynon
masawan,tagalog
Úngù,cebuano
bunga,cebuano
supir istár,cebuano
nauna,cebuano
tenglen,ilocano
pambubong,tagalog
fríto,hiligaynon
mismo,cebuano
dakong tanaman,cebuano
pannacangiwat,ilocano
gingáw-gingáw,hiligaynon
hashasan,cebuano
palawaen,ilocano
tam-ak,cebuano
karbon bituminoso,tagalog
hangak,cebuano
kinaiya,cebuano
basol,ilocano
buntis,cebuano
hangawáy,hiligaynon
Asunsiyon,tagalog
sik-yotóng,hiligaynon
baro a wagas wenno moda,ilocano
siniguylas,cebuano
kasa,tagalog
kumapa-kapa,tagalog
pilútu,cebuano
inuminum,cebuano
isaklang,tagalog
diyutay nga,cebuano
"hapâ-hápà, hapâ-hapâ",hiligaynon
naparammag,ilocano
sabut,cebuano
salómo,hiligaynon
hawak-hawkan,tagalog
dungaw,tagalog
pangingitlog,tagalog
gripo,tagalog
tukma,cebuano
nabaybay-an,ilocano
minos,cebuano
partacan,ilocano
mas taas,cebuano
bulágnò,hiligaynon
bítì,hiligaynon
dual,tagalog
sawi,tagalog
partido,cebuano
bokalisasyon,tagalog
umupo,tagalog
pangarinyo,cebuano
itulid,ilocano
rubar,cebuano
pugnaw,tagalog
wiít-wiitán,hiligaynon
nagpapanggap,tagalog
pagsulti,cebuano
hípus,hiligaynon
mandaya,tagalog
magbudget,cebuano
diwalwal,cebuano
nakauniporme,tagalog
bantiti,tagalog
sárap,hiligaynon
guang,tagalog
kahikurat,cebuano
kagù,cebuano
"kuluks, kúluks",cebuano
panukus,cebuano
agcawes,ilocano
lunggung,cebuano
sikángkang,hiligaynon
karneng inihaw,tagalog
pag-alaga,cebuano
baga,cebuano
yelo,tagalog
tulag,ilocano
bákog,hiligaynon
wisík,hiligaynon
tulang,ilocano
dap-ig,cebuano
udók,hiligaynon
panultihon,cebuano
nagdadala,tagalog
dasok,cebuano
pagpangawat,cebuano
dumili,cebuano
ag-(prefix),ilocano
marcaan,ilocano
puntíru,cebuano
lumustay,tagalog
alintana,tagalog
malinaw,cebuano
baráydan,hiligaynon
bumato,tagalog
tagsa-tassa,cebuano
wìwì,cebuano
kasawian,tagalog
liyeno,tagalog
sigaganetget,ilocano
buyótan,hiligaynon
tawid,ilocano
napanglaw,ilocano
wala'y kapuslanan,cebuano
morpina,tagalog
agda,cebuano
buhat,cebuano
anib,cebuano
pumintas,tagalog
subáy,hiligaynon
pangkamay,tagalog
panting,tagalog
balikhaw,cebuano
ulutangán,hiligaynon
panglingla,cebuano
higing,tagalog
sanggunian,tagalog
magkutab,tagalog
balod-balod,cebuano
"halungkágay, halungkagáy",hiligaynon
pagtanggap,tagalog
walang-pakiramdam,tagalog
dapit,cebuano
banko,cebuano
pamatay,tagalog
mangngalap,ilocano
deber,tagalog
banaól,hiligaynon
lumigoy,tagalog
panggep,ilocano
sakripísyo,hiligaynon
unsyami,tagalog
tagsatagsa,cebuano
báybay,hiligaynon
mapaglambing,tagalog
magkaugnay,tagalog
binitin,tagalog
gisahin,tagalog
wala'y samok,cebuano
lumamuray,tagalog
bágtì,hiligaynon
sintomas,tagalog
papatayen babaen iti electricidad,ilocano
humal,tagalog
magastos,tagalog
sánggì,hiligaynon
kaisipan,cebuano
taslakan,cebuano
mura,tagalog
makadadani,cebuano
sumakay,tagalog
sa ilalum,cebuano
tihul,cebuano
sámok,hiligaynon
balay,ilocano
sa kimadak-an,cebuano
pagkukumpuni,tagalog
paglilipon,tagalog
líra,cebuano
tidlung,cebuano
úgduk,hiligaynon
magtsokolate,tagalog
daga,ilocano
managlua,ilocano
higdà,cebuano
pagbitik,cebuano
anaa mo?,cebuano
utíut,cebuano
balása,hiligaynon
úbir,cebuano
salámò,hiligaynon
rekárgo,hiligaynon
bitones,tagalog
régla,hiligaynon
bakúku,cebuano
galyétas,hiligaynon
alipúnga,cebuano
tanaman,cebuano
nota,tagalog
katungdanan,cebuano
sugabáw,hiligaynon
pingal,tagalog
magantihan,tagalog
angílan,cebuano
nilutlot,tagalog
agadadal nga ubbing,ilocano
pasiyahin,tagalog
túsu,cebuano
ukol sa/kay/kina,tagalog
sánggab,hiligaynon
marumihan,tagalog
kaalipinan,tagalog
napacumbaba,ilocano
hilus,cebuano
magtaguan,tagalog
untuy,cebuano
gising,tagalog
pagsirol,tagalog
hubág,hiligaynon
talithi,cebuano
pútu,cebuano
papagbaguhing-anyo,tagalog
uniform,tagalog
síbà,cebuano
pantayin,tagalog
magkampo,tagalog
kalatkat,cebuano
tamburin,tagalog
kihat,cebuano
tákig,cebuano
naimut,ilocano
hahalili,tagalog
kama,tagalog
búgaw,hiligaynon
kargamento,tagalog
nabukilad unay(mata),ilocano
pagdugmok,cebuano
pagdagayday,cebuano
paglalin,cebuano
apan,cebuano
agpapaay a calaingan,ilocano
enggranahe,tagalog
huád-huád,hiligaynon
wásay,hiligaynon
dangag,cebuano
kisaw,tagalog
bantayan,ilocano
pagyakap,tagalog
"gáup, gaúp",hiligaynon
modista,tagalog
bisan kanus-a,cebuano
dakong unggoy,cebuano
sangkinapal,tagalog
pannacaisao ti sarita,ilocano
ambilay,cebuano
mamalsa,tagalog
kinahihibangan,tagalog
sábud,hiligaynon
"galó-gálo, galó-galó",hiligaynon
bungkát-búngkat,hiligaynon
hiábut,hiligaynon
manunundog,cebuano
taong napakabanal,tagalog
muwaybuway,cebuano
sakop,cebuano
pálù,cebuano
biyolasyon,tagalog
bumba,cebuano
makuyaw,cebuano
limbasog,cebuano
lantì,cebuano
ihapay,tagalog
bulalakaw,tagalog
sagúpra,hiligaynon
sa dili tinuyo,cebuano
butín,hiligaynon
pantalan,ilocano
duluhan,tagalog
hág-on,hiligaynon
senado,ilocano
"luwag, lúwag",cebuano
ipagtabas,tagalog
sángkò,hiligaynon
pagawpaw,cebuano
espiyonahe,tagalog
hagayhay,tagalog
pagtiaw,cebuano
Dga.,cebuano
bulúlngan,hiligaynon
kumpang,cebuano
singaen,ilocano
naa siya?,cebuano
bantayan,tagalog
hámyang,hiligaynon
"sug-álaw, sug-aláw",hiligaynon
Hulyu,cebuano
buhi,cebuano
agling-et,ilocano
magkukurap,tagalog
gipo,tagalog
talúnung,cebuano
hakad,cebuano
matuman,cebuano
tingog,cebuano
kawhat,cebuano
ambus,cebuano
sálig,cebuano
inisin,tagalog
iwaras,ilocano
hákroy,hiligaynon
loyalista,cebuano
maghikab,cebuano
siroc,ilocano
hulma,cebuano
madan-ag,cebuano
kitaen,ilocano
maglalasing,tagalog
kamba,cebuano
sikat,tagalog
caluban,ilocano
báyad,hiligaynon
bálud,hiligaynon
arasaas,ilocano
nag-usa,cebuano
bangî,hiligaynon
di-lihim,tagalog
maliwag,tagalog
hupút,hiligaynon
kolaborasyon,tagalog
hambalánon,hiligaynon
bitalidad,tagalog
kalíru,cebuano
bayuok,cebuano
boroboník,hiligaynon
tamuhin,tagalog
limpa,tagalog
magulang,cebuano
lutong-Makaw,tagalog
palpara,cebuano
magtatuwa,tagalog
kalisod,cebuano
awtlit,cebuano
búlak,hiligaynon
napakarami,tagalog
tagapagtaguyod,tagalog
buyán-búyan,hiligaynon
agúnguy,cebuano
Pasintabi po,tagalog
kasigasigan,tagalog
pupular,tagalog
tumbalik,tagalog
pantulong na sugnay,tagalog
úgduk,hiligaynon
kasilyas,cebuano
magbadya,tagalog
sámbo,hiligaynon
rupa,ilocano
halalígyon,hiligaynon
pagkapili,tagalog
pulok,tagalog
sálup,hiligaynon
bunyi,tagalog
katuliku,cebuano
purk tsap,cebuano
panumpa,cebuano
feligrés,hiligaynon
manggugubot,cebuano
hingawáy,hiligaynon
balalunón,hiligaynon
balikawáng,hiligaynon
kuraw,cebuano
palasanlingan,tagalog
sambaso,tagalog
magkakasapakat,tagalog
pagbibili,tagalog
kalimtan,cebuano
dackel a balay,ilocano
salimpapáw,hiligaynon
barinóhon,hiligaynon
"labun, lábun",cebuano
"swâ, swák, swál swál-swál, swáni, swéldo, swérte, swítik",hiligaynon
pagsita,tagalog
búgtò,hiligaynon
manghod,cebuano
caycay,ilocano
tumbong,tagalog
magtimpi,tagalog
taguan,cebuano
fíno,hiligaynon
hágal,hiligaynon
iyang-iyan,tagalog
bumalato,tagalog
iskribánu,cebuano
bigyang-buhay,tagalog
buluraón,hiligaynon
cuniconen,ilocano
sumbilang,tagalog
piskante,tagalog
kayuran,tagalog
buluásag,hiligaynon
saludsuden,ilocano
alingiting,cebuano
duldol,cebuano
lawwalawwa,ilocano
humalina,tagalog
galó,hiligaynon
aliktiya,tagalog
gunting,tagalog
panagbaliw ti casasaad,ilocano
imbulsa,tagalog
sárag,hiligaynon
masirib,ilocano
nailinged,ilocano
binókot,hiligaynon
tambilang,tagalog
balínghoy,hiligaynon
lain-lain,cebuano
buko sa tudlo,cebuano
wilding,cebuano
butyag,cebuano
mahatungod sa buhat,cebuano
disgrasya,tagalog
ingato,ilocano
dutdot,ilocano
salitre,tagalog
kawala'y sala,cebuano
pagsugat,cebuano
Biblia,ilocano
maysa a kita ti alutiit nga agbaliw ti marisna,ilocano
papuri,tagalog
1/4 ti galon,ilocano
kunpisinaryu,cebuano
guráy,hiligaynon
gawas sa katalagman,cebuano
riro; biddut,ilocano
terapeutiko,tagalog
sámpaw,hiligaynon
panagdayaw,ilocano
kalisdanan,cebuano
sukalsukal,cebuano
tukaki,tagalog
kunis,cebuano
himurús,hiligaynon
madalumat,tagalog
sapateria,tagalog
anusan; ibturan,ilocano
kakilala,cebuano
ambaw bagtok,cebuano
kaparyentehan,cebuano
mang-ubliga,tagalog
panggupit,tagalog
bóhot,hiligaynon
sumutsot,tagalog
impáki,cebuano
pagbubungkal,tagalog
pagbabakay,tagalog
bombastiko,tagalog
tukog,cebuano
húmog,hiligaynon
pagtutol,cebuano
kaluwalhatian,tagalog
surprísa,cebuano
búdu,cebuano
mag-alaga,tagalog
toreng patulis/patilos,tagalog
pápà,cebuano
mababad,tagalog
tulin-tulinan,tagalog
siaayat,ilocano
maik,tagalog
"lintuwang, lintúwang",cebuano
lútì,cebuano
maghimay,tagalog
napakatindi,tagalog
magkama,tagalog
bantay,cebuano
ikapaghirap,tagalog
supervisor,ilocano
bagsakan,tagalog
tumacder,ilocano
gosan,tagalog
harók,hiligaynon
sílag,hiligaynon
"siriwául, siriwá-ul",hiligaynon
bitókon,hiligaynon
makailag,tagalog
magbuburda,tagalog
simàsimà,cebuano
malaumon,cebuano
magsalawahan,tagalog
kasal-huwes,tagalog
caatidug,ilocano
utokan,cebuano
camaudian,ilocano
suksok,tagalog
tiris,tagalog
walang-pagkabali,tagalog
baboy,cebuano
kahigtan,tagalog
ríhas,cebuano
kasuy,tagalog
magpangkat-pangkat,tagalog
hakhak,tagalog
sama-samahin,tagalog
panyudemano,tagalog
manteca,ilocano
guba,cebuano
pagilian,ilocano
maysa ti ikingna,ilocano
patayen,ilocano
agpusipos,ilocano
brádir,cebuano
maris,ilocano
bulwásag,hiligaynon
kontrolado,tagalog
hintuan,tagalog
akwatiks,tagalog
taghupot,cebuano
hanas,cebuano
hangúl,hiligaynon
lehiyonaryo,tagalog
magkakilala,tagalog
liwliwa,ilocano
casasaad ti nataengan,ilocano
tanem,ilocano
maingon-ingon,cebuano
sagátsat,hiligaynon
ramit a pangtengngel iti corriente ti electricidad,ilocano
sagpang,tagalog
magkatama-tama,tagalog
sigumár,hiligaynon
gantimpalaan,tagalog
estrakto,tagalog
réyna,hiligaynon
masayaran,tagalog
"patrun, patrǔn",cebuano
panagmaga,ilocano
sapiro,tagalog
panangimatan,ilocano
las-ay,cebuano
tistir,cebuano
buhát,hiligaynon
unidu,cebuano
sumpa,cebuano
pagtungtong,cebuano
kulíik,cebuano
pilit,cebuano
payagod,tagalog
pagbuwag,tagalog
pagbabasta,tagalog
isdantuko,tagalog
panluksa,tagalog
galastóhan,hiligaynon
"pagya, pagyà",cebuano
guardia,ilocano
ibaclay,ilocano
dagatan,tagalog
iládu,cebuano
brongkonomonya,tagalog
úkap,hiligaynon
persentahe,cebuano
buuin,tagalog
kuyos,cebuano
halarán,hiligaynon
direkta,tagalog
súlpò,hiligaynon
kampi,cebuano
kasa,tagalog
súgkay,hiligaynon
balaánon,hiligaynon
hutak,tagalog
esponsales,tagalog
pagmamadalian,tagalog
pugtud,cebuano
kwalisiyun,cebuano
tuna,tagalog
pampatunaw,tagalog
napait.,ilocano
dumsag,ilocano
balaód,hiligaynon
tuigtuig,cebuano
salólong,hiligaynon
nalatac,ilocano
sasamba,tagalog
mamisa,tagalog
dako,cebuano
masalalay,tagalog
tomaposesyon,tagalog
indung,cebuano
buyúng,hiligaynon
hapihápi,cebuano
rumbeng,ilocano
bayoón,hiligaynon
bákung,cebuano
hiwî-híwì,hiligaynon
diskuwentuhan,tagalog
mahugaw,cebuano
pacdaar,ilocano
karga,cebuano
cawatiwat,ilocano
cafeteria,ilocano
kisum,cebuano
kudigu,cebuano
nagtimbukel,ilocano
urnosen,ilocano
kubung-kubong,tagalog
Sabado,tagalog
partihan,tagalog
pig-it,cebuano
gramátika,hiligaynon
primo,tagalog
sarat na ilong,tagalog
magsasaysay,cebuano
pagbabalat sa aklat/libro,tagalog
iswim,cebuano
bululákaw,hiligaynon
"sunghit, sunghits",cebuano
kadungganan,cebuano
pingay,cebuano
lubid,cebuano
intolerable,tagalog
kabinet,cebuano
matrídu,cebuano
histerismo,tagalog
busil,tagalog
nigru,cebuano
utang-útang,cebuano
luyat,cebuano
magtunel,tagalog
babai nga glalacao iti gatas,ilocano
mangolekta,tagalog
magbiyahe,tagalog
meridian,tagalog
lamec,ilocano
nangina,ilocano
bandera,tagalog
kalibutar,cebuano
di-pagkakasama,tagalog
kumparsa,cebuano
maisuwato,tagalog
sibarót,hiligaynon
bigyang-daan,tagalog
alboroto,tagalog
pahibalo,cebuano
higá,hiligaynon
gutô,hiligaynon
magawalon,cebuano
ragaddien,ilocano
kalma,tagalog
tumbasan,tagalog
aluy,cebuano
síkdò,hiligaynon
ipanabi,tagalog
pagngulngol,tagalog
suluyupón,hiligaynon
hayát,hiligaynon
pagtaracnan,ilocano
hangínon,hiligaynon
walang-kahambing,tagalog
bulág,hiligaynon
kuridur,cebuano
bagót,hiligaynon
sumpa,tagalog
sangpútan,hiligaynon
pagpamulak,cebuano
dagiti taraken dinguen,ilocano
masayahan,tagalog
magbiyaya,tagalog
tahù,cebuano
panti; pantis,tagalog
kumutya,tagalog
pagbasol,cebuano
ginikánan,hiligaynon
tatu,tagalog
tilaok,tagalog
mahal,tagalog
balos,cebuano
tin-idyir,cebuano
kúkus,cebuano
aprobetsahan,tagalog
hákab,hiligaynon
epika,tagalog
magtapon,tagalog
kalong,tagalog
pisa,tagalog
tamay,cebuano
bawang,ilocano
magdetalye,tagalog
matinga,tagalog
makinang panggapas,tagalog
napudot,ilocano
karaniwan,tagalog
timbangen,ilocano
sagíbang,hiligaynon
gitil,tagalog
sugilánon,hiligaynon
dulogokon,cebuano
bangas,tagalog
anti-,cebuano
bagulbol,cebuano
kahitna,tagalog
libut dagiti sicacaballo,ilocano
takip-butas,tagalog
dumdumngeng,ilocano
bóg-oy,hiligaynon
mangangahoy,cebuano
aramid. pammanecnec,ilocano
hinúnlan,hiligaynon
mangangathambuhay,tagalog
palangitanan,cebuano
hilúmhum,hiligaynon
pagmamalasakit,tagalog
dosis,tagalog
kinasingpet,ilocano
buluhison,cebuano
kapuna-puna,tagalog
kumbabit,cebuano
"tugasub, tugásub",cebuano
"ismilir, ismiril",cebuano
wala madungog,cebuano
isang hiwa ng isdang walang-tinik,tagalog
sinúgdan,hiligaynon
aglinget,ilocano
pagsalig,cebuano
putik,cebuano
malaginto,tagalog
salaod,cebuano
gutub,cebuano
pinulongan,cebuano
magdudungaw,tagalog
nakatitiyak,tagalog
buntun-bunton,tagalog
meaztizo,ilocano
húpuy,cebuano
báat,cebuano
oktubre,tagalog
maaburido,tagalog
malapnos,tagalog
mataunan,tagalog
hagupit,cebuano
aritmetiko,tagalog
sagúdsud,hiligaynon
ribentadór,hiligaynon
kinabatad,ilocano
pagkaisahan,tagalog
sálya,hiligaynon
ugám,hiligaynon
bigay-lugar,tagalog
di-magkamayaw,tagalog
reservacion,ilocano
sulod sa,cebuano
magpalitrato,tagalog
tiyak na pagkamatay,tagalog
sumalok,tagalog
hubág,hiligaynon
panagayat,ilocano
nakataob,tagalog
dadackel,ilocano
sumbalik,cebuano
naaarawan,tagalog
kusi,cebuano
biola,tagalog
navajas,ilocano
magsilab,tagalog
pitpit,cebuano
sukod sa bulawan,cebuano
paramitan,tagalog
mapahitas-on,cebuano
mapatahimik,tagalog
isara,tagalog
walágay,hiligaynon
talikdan,cebuano
walang-labis,tagalog
hunúd-húnud,hiligaynon
mahanap,cebuano
antitirhi,cebuano
sinturón,hiligaynon
sinina,cebuano
gayunman,tagalog
nag-oo,cebuano
balagtásan,hiligaynon
isalin ng dugo,tagalog
kantora,tagalog
makipagpaligsahan,tagalog
mababang klase,tagalog
uway,cebuano
dumaskol,tagalog
bitî,hiligaynon
hunágay,hiligaynon
manghud,cebuano
myintras,cebuano
munglay,tagalog
taluthu,cebuano
hinulungán,hiligaynon
kisap-mata,tagalog
babayhána,hiligaynon
baha,cebuano
pagkayugot,cebuano
rúpsak,hiligaynon
saya,tagalog
pagsisising-lubos,tagalog
magpakagalak,tagalog
banggis,cebuano
pasya,cebuano
patas,cebuano
lipakan,tagalog
pungtot,ilocano
laso,cebuano
makapadasig,cebuano
lipa,tagalog
súpla,hiligaynon
bulalo,cebuano
yumao,tagalog
makatutop,tagalog
tatoo,tagalog
sagipót,hiligaynon
pagtitiponen,ilocano
pagmamakinilya,tagalog
paglipat,tagalog
paglalambal,tagalog
dakip,tagalog
ipaghiwa,tagalog
kalúkud,cebuano
tábas,hiligaynon
loob,tagalog
bílbil,hiligaynon
camposanto,ilocano
iti uneg,ilocano
lalong masama,tagalog
saólog,hiligaynon
pilantik,tagalog
híkaw,cebuano
guráng,hiligaynon
bassit a pirgis,ilocano
unano,cebuano
híyung,cebuano
pamakod,tagalog
sotanílya,hiligaynon
tuktok,cebuano
ininahan,cebuano
rímo,hiligaynon
pagsabot,cebuano
hilinúlwan,hiligaynon
pag-ilit,tagalog
naandan,cebuano
sinarayó,hiligaynon
sinulî-súlì,hiligaynon
maipanggep iti awat wenno ruar ti ili,ilocano
masulo,tagalog
dugang,cebuano
tirintasin,tagalog
pagbutad,cebuano
lumpon,tagalog
managpartuat,ilocano
gurong,ilocano
madurog,tagalog
inum,cebuano
ferocaríl,hiligaynon
pulso,tagalog
úbud,hiligaynon
bariles,cebuano
sirpinti,cebuano
sagpù,cebuano
sa gihapon,cebuano
tiponen,ilocano
balniing paraluman,tagalog
isubli,ilocano
lipa,tagalog
hangtod anus-a,cebuano
tángas,cebuano
lamígas,cebuano
halalígyon,hiligaynon
undok,tagalog
haw-as,cebuano
mandunggu,cebuano
sambitan,tagalog
kulambut,cebuano
terenal,tagalog
nalulungkot,tagalog
sungko,tagalog
mangitudtudo,ilocano
ricna,ilocano
busio,tagalog
sanúng,hiligaynon
súngkok,hiligaynon
hatimbulog,tagalog
hígmaw,hiligaynon
tagahanga,tagalog
hilúm,hiligaynon
antimano,tagalog
pagkunhod,cebuano
sumulpot,tagalog
landa,cebuano
talibugso,tagalog
kinaiyanhon,cebuano
patrolya,tagalog
parameken,ilocano
maililipat,tagalog
singaen,ilocano
panangdillaw,ilocano
paumbok,tagalog
inut,cebuano
pag-antos,cebuano
katingad-an,cebuano
pambuli,tagalog
ipaapay a puonan,ilocano
kumplut,cebuano
garbóso,hiligaynon
umag,cebuano
sálud,cebuano
pagkasubo,tagalog
papanuyutin,tagalog
komisyonado,cebuano
makasagupa,tagalog
ipabalot,tagalog
sisinta,cebuano
hákà,cebuano
sukad karon,cebuano
kaaburiduhan,tagalog
"utuk, útuk",cebuano
yánggaw,hiligaynon
sukámod,hiligaynon
pagkaprangka,tagalog
halampángan,hiligaynon
hinay-hinay,cebuano
kapalamarahan,tagalog
rehistrádo,hiligaynon
kapabayaan,tagalog
pagka-dalaga,tagalog
turo a carnero,ilocano
utut,cebuano
bunga ti cayo,ilocano
rebahahin,tagalog
hilabihan,cebuano
kimona,tagalog
hagúnung,hiligaynon
mitugnaw,cebuano
ukra,cebuano
makasalamuha,tagalog
kulímà,cebuano
paglalapit,tagalog
sud-uk,cebuano
sotanghon,tagalog
pagpanton,cebuano
panmagbaga,ilocano
kakitiran ng isip,tagalog
sárba,hiligaynon
pakusgan,cebuano
sambúwà,hiligaynon
gimbalin,tagalog
talabason,cebuano
guhád,hiligaynon
kasikapan,tagalog
daang bakal,tagalog
ibinit,tagalog
kaunoran sa bitiis,cebuano
pangkalsa,tagalog
layter,tagalog
pakisuyo,tagalog
kasilag,cebuano
súnggo,hiligaynon
pagbali,cebuano
boltahe,cebuano
kanimo,cebuano
dapi,cebuano
magkabiso,tagalog
umalakbay,tagalog
bókon,hiligaynon
barbéro,hiligaynon
makinista,cebuano
tirtiren,ilocano
pakgut,cebuano
pumuna,tagalog
"tanggu, tanggub",cebuano
hula-hula,tagalog
nadayaw,ilocano
limonsito,tagalog
pagdarabdab,tagalog
palatandaan,tagalog
bagdoy,cebuano
dili puwede,cebuano
naglabi,cebuano
baradero,tagalog
ilelennec ti init,ilocano
namaga,ilocano
pannacaputed,ilocano
lumalangyaw,cebuano
batóbalaníon,hiligaynon
bináto,hiligaynon
panagpili,ilocano
alimátuk,cebuano
tapno,ilocano
nananagot,tagalog
pagbababa ng luksa,tagalog
kaíngin,cebuano
karína,cebuano
makiginnasat,ilocano
sumagabal,tagalog
mithing,cebuano
tumarang,tagalog
binurong,cebuano
kahilum,cebuano
kawalan ng malay-tao,tagalog
húyut,cebuano
hulukdúan,hiligaynon
magbuhong,tagalog
iccan iti rugit,ilocano
búgtò,hiligaynon
galyera,tagalog
kasapi,tagalog
butang panyonan,cebuano
urbanidad,cebuano
búgsak,hiligaynon
palpagu,cebuano
paglabyog,cebuano
nakellaat,ilocano
pagkamatay,cebuano
kapyot,cebuano
hilimpítan,hiligaynon
pacaammo,ilocano
hambal,tagalog
bulangán,hiligaynon
bakante,cebuano
napulo ug tulo,cebuano
"guluâ, guluwâ",hiligaynon
iparicna,ilocano
pagsusi,cebuano
yayát,hiligaynon
dukísa,cebuano
sugurin,tagalog
bilídhon,hiligaynon
crema,ilocano
panagano,tagalog
timbri,cebuano
hukoman,cebuano
baúl,hiligaynon
panan-aw tan-aw,cebuano
sáog,hiligaynon
kunpirmasyun,cebuano
balhin,cebuano
panalipol,cebuano
panagtunos,ilocano
mapaghanap,tagalog
suma,tagalog
dili maihap,cebuano
salutatoryan,tagalog
uyayi,tagalog
pakalubusin,tagalog
balay nga mubo,cebuano
dibisyon,tagalog
leproso,tagalog
bangág,hiligaynon
mannanao,ilocano
adlip,cebuano
hinaló,hiligaynon
bumalong,tagalog
tabugî,hiligaynon
mabinyagan,tagalog
pagtatawa,tagalog
kalapi,tagalog
putol,cebuano
aluyan,cebuano
magtapi,tagalog
bista sa tagiliran,cebuano
sáhì,cebuano
natuoc,ilocano
agsucat,ilocano
nacabutbuteng,ilocano
kabayuhin,tagalog
pagdiyutay,cebuano
saramayón,hiligaynon
pagsukot,cebuano
higála,cebuano
nataengan,ilocano
playwod,cebuano
hagúot,hiligaynon
protesta,ilocano
pagtunggalian,tagalog
gawi,cebuano
pagpapapili-pilipit,tagalog
maipaglingkod,tagalog
bulálo,hiligaynon
istutse,tagalog
kahalili,cebuano
Dominggo,cebuano
silhig,cebuano
tanan,cebuano
pasawa,tagalog
ipugal,tagalog
lamugdung,cebuano
mabination,cebuano
búghat,hiligaynon
gumát,hiligaynon
tib-ul,cebuano
padayag,cebuano
Pebrero,cebuano
mapagnakaw,tagalog
masaya,tagalog
bayáw-báyaw,hiligaynon
liog,cebuano
walang-kapara,tagalog
pagkakawanggawa,tagalog
laos,tagalog
sibasib,tagalog
pandigmang-dagat,tagalog
misis,cebuano
semána,hiligaynon
tulukibon,cebuano
mapagdaya,tagalog
samba,cebuano
sauren,ilocano
agdardaranudor,ilocano
lup-ad,cebuano
pagpasasaan,tagalog
katon,tagalog
paglaingan,ilocano
sagitsit,tagalog
pataas,cebuano
báis,hiligaynon
parbeng,ilocano
hímbon,hiligaynon
dosena,tagalog
lalak a maiturturayan ti asawana,ilocano
áhag,cebuano
katunayan,tagalog
adisyunal,tagalog
luppo,ilocano
itikom,tagalog
panukot,cebuano
sáklaw,hiligaynon
masabuyan,tagalog
supling,tagalog
kapakápa,cebuano
palanggana,ilocano
biáy-bíay,hiligaynon
blúsil,cebuano
dumambong,tagalog
sagídsid,hiligaynon
tingkarul,cebuano
matarik,tagalog
buneng,ilocano
bisan,cebuano
betohan,cebuano
pagbutang,cebuano
representante,ilocano
fecha,ilocano
arac,ilocano
kayamukat,cebuano
bulawánon,hiligaynon
nars,tagalog
klaro,cebuano
pusta,ilocano
ipapatente,tagalog
paniN-,cebuano
dili batid,cebuano
inkorporasyon,tagalog
angáang,cebuano
wala sukad,cebuano
maipapan iti yaalis,ilocano
mas mahal,cebuano
nikotina,tagalog
lamugin,tagalog
igsirsáyis,cebuano
lista,ilocano
paggunit sa puan,cebuano
sungúk,hiligaynon
gátas,hiligaynon
agtaytayyec,ilocano
kuan,cebuano
salanta,tagalog
lingkúbaw,cebuano
siksiyun,cebuano
di masabtan,cebuano
sirá,hiligaynon
mangabayo,tagalog
panangpalamiis,ilocano
gubat,cebuano
salungkawit,tagalog
súbung,hiligaynon
nasaririt,ilocano
yambà,cebuano
adal maipapan ti panagpakired iti bagi,ilocano
patitis,tagalog
caduaan,ilocano
búrus,hiligaynon
kasinatian,cebuano
búaw,cebuano
kalalang,tagalog
sundog,cebuano
nakataan,tagalog
bústo,hiligaynon
camangan,ilocano
matampuhin,tagalog
batul,cebuano
grado,ilocano
umagap,tagalog
panggigigil,tagalog
kagà,cebuano
naayat,ilocano
pusta,cebuano
linteng,ilocano
timpalak,tagalog
bandi klak,cebuano
búntud,hiligaynon
plano,cebuano
padala,cebuano
yakyakan,tagalog
ranggu,cebuano
ríntoy,hiligaynon
panalig,tagalog
kabubut-on,cebuano
dili matagaron,cebuano
lakad,tagalog
sipain,tagalog
pumitik,tagalog
gabii,cebuano
"bakiâ, bákià",hiligaynon
pagka-lalaki,tagalog
bukangbibig,tagalog
magbalot,tagalog
luno,cebuano
wakwákan,hiligaynon
"hílum, hilúm",hiligaynon
rigla,cebuano
makipot,tagalog
lagsaw,cebuano
buangayen buclen,ilocano
pagkakapagbagong-buhay,tagalog
pagsasamantala,tagalog
magngingiyaw,tagalog
gáwhak,hiligaynon
hirasol,tagalog
pag-ad-ad,cebuano
pannacapabalu,ilocano
gión,hiligaynon
halúthut,hiligaynon
bolók,hiligaynon
labada,tagalog
sámpal,hiligaynon
manunukli,cebuano
ság-ub,hiligaynon
nayon,ilocano
bakhaw,cebuano
timbakúwas,cebuano
haroán,hiligaynon
uláynon,hiligaynon
úghoy,hiligaynon
sudlanan,cebuano
sabio,cebuano
gitang,tagalog
salab-ítan,hiligaynon
pagwelgahan,tagalog
naghihintay,tagalog
masid,tagalog
kalawkawin,tagalog
banidad,cebuano
sapyag,cebuano
kuto,tagalog
biglang kirot,tagalog
baligya,cebuano
duminig,tagalog
súrà,hiligaynon
puno sa sustansiya,cebuano
lukon,cebuano
pamamagaw,tagalog
kasintaas,tagalog
natukod,cebuano
eksemsiyon,tagalog
irpurt,cebuano
misakay,cebuano
gargaret nga itugot iti viaje,ilocano
katol,cebuano
lipárak,cebuano
kasado,tagalog
buut,cebuano
makapagpangiti,tagalog
isalansang,tagalog
libúu,cebuano
bíray,hiligaynon
hakugon,cebuano
pagtuntong,tagalog
pagpapaunlak,tagalog
kuarsita,tagalog
bándog,hiligaynon
pannacaabac,ilocano
patid,tagalog
patademen,ilocano
panaganges,ilocano
piniritos,tagalog
panangtaginayon,ilocano
paratang,tagalog
napulo ug pito,cebuano
bórlas,hiligaynon
purlun,cebuano
tungod lagi,cebuano
buak,cebuano
naanus,ilocano
sapat,tagalog
muñeca,ilocano
lawin-lawin,tagalog
hágrok,hiligaynon
ang pagkadili matakdan,cebuano
umung,cebuano
senador,ilocano
paangay,cebuano
alkabála,cebuano
búgnaw,hiligaynon
lapad,cebuano
"sabtánay, sábton, etc.",hiligaynon
unta,cebuano
pagbigyang-alam,tagalog
tabás,hiligaynon
palango,tagalog
singgaráyung,cebuano
walang-tali,tagalog
pamurahin,tagalog
manigeta,tagalog
bation,cebuano
panangipamatmat,ilocano
sentimetro,tagalog
dalid,cebuano
kaulangan,cebuano
kaindig,cebuano
"adisir, adísir",cebuano
wálwal,hiligaynon
lungag-lungagon,cebuano
babaonen,ilocano
tilipunu,cebuano
kutíhu,cebuano
búsla,hiligaynon
pangkulay,tagalog
panagtungpal,ilocano
labanderya,tagalog
aghat,cebuano
kundas,cebuano
kutipaw,tagalog
asusena,tagalog
pagnganga,tagalog
pansung,cebuano
agos,cebuano
lab-as,cebuano
salakyanan,cebuano
kinalupoy,ilocano
kambang,cebuano
táhas,cebuano
lubad,cebuano
mag-urong,tagalog
anak,cebuano
pagmaymaysaen,ilocano
paglubog,cebuano
makatanod,tagalog
hutbà,cebuano
natapos,cebuano
laplapin,tagalog
mubo,cebuano
magpaalam,tagalog
diyutay,cebuano
silla,ilocano
ipagdalamhati,tagalog
pagkagulat,tagalog
dili matapos,cebuano
sidbaks,cebuano
dialektiko,tagalog
baróng,hiligaynon
pagpamantala,cebuano
disintonado,tagalog
labad,cebuano
anitan,tagalog
himúgo,hiligaynon
maipapan iti callaysa,ilocano
cajero,ilocano
lulan,cebuano
kuwadrante,tagalog
kuyamuy,cebuano
ang lain,cebuano
gisántes,hiligaynon
hunúl-húnul,hiligaynon
magngangawa,tagalog
pagdapit,cebuano
kinahanglan kaayo,cebuano
taltag,cebuano
malinis,cebuano
kasidhaan,tagalog
pagbabahagi,tagalog
uyawen; angawen; laisen,ilocano
bantáyan,hiligaynon
batawin,tagalog
dumagil,tagalog
hinapak,tagalog
kapares,cebuano
pasanay,tagalog
hagaw,cebuano
ang-ang sa hagdan,cebuano
beinte,tagalog
masunog,tagalog
tigum,cebuano
hawiranan,cebuano
natagak,cebuano
nag-uswag,cebuano
sesenta,cebuano
pagsasalitaan,tagalog
umako,tagalog
basura,cebuano
diyangket,tagalog
uplok,cebuano
wistirn,cebuano
baráking,hiligaynon
bórong,hiligaynon
sárot,hiligaynon
"sompílang, sompiláng",hiligaynon
manghuthot,tagalog
buwa,cebuano
kani,cebuano
batong pospato,tagalog
hila,tagalog
lawak sa atop,cebuano
iwit,cebuano
tiskwir,cebuano
walang-puno,tagalog
dili mapanas,cebuano
nakahiwalay,tagalog
adiggi,ilocano
manghihiram,tagalog
makalibre,tagalog
ton (suffix),ilocano
ang usa,cebuano
minumutya,tagalog
gamasan,tagalog
menor,tagalog
abalwasiyun,cebuano
pagkakaingay,tagalog
"mayunis, mayunísa",cebuano
pagpagin,tagalog
sawáy,hiligaynon
panday-kaban,tagalog
busisi,tagalog
palatanong,tagalog
iditing,cebuano
di-mangyayari,tagalog
de rosas,ilocano
sipapartac,ilocano
balás-on,hiligaynon
sibil,tagalog
nota,ilocano
degri,tagalog
panagdayaw,ilocano
laglom og mata,cebuano
iskupíta,cebuano
panagsinnarita,ilocano
hunâ,hiligaynon
kalagiw,cebuano
talampak,tagalog
hinulungkagíng,hiligaynon
mangkumu,cebuano
"úho, uhó",hiligaynon
prenda,cebuano
agwanta,cebuano
kasagaran,cebuano
pagkalunod,tagalog
grado,cebuano
tilus,cebuano
daluhan,tagalog
taksì,cebuano
lulinghayaw,cebuano
pagtindog,cebuano
tapli,cebuano
sagíl-óman,hiligaynon
koral ng baboy,tagalog
bungî,hiligaynon
hapáw-hápaw,hiligaynon
pananghalian,tagalog
magkaloob,tagalog
dili makabasa,cebuano
bituon,cebuano
kusitsa,cebuano
pution,cebuano
bahádu,cebuano
kalinaw,cebuano
dumupok,tagalog
súngka,hiligaynon
bayumbu,cebuano
paghutok,tagalog
hudno,cebuano
sambat,cebuano
sáyaw,hiligaynon
prisintu,cebuano
lúgà,cebuano
yámbì,hiligaynon
soláng,hiligaynon
pagbunto,tagalog
kainipan,tagalog
pinasikad sa hitabo,cebuano
ligas,tagalog
miyerkoles,cebuano
magpuno,tagalog
mangbutbuteng,ilocano
húlad,cebuano
gánsal,hiligaynon
dagdag,tagalog
"humulúkum, homolókom",hiligaynon
binangí,hiligaynon
balakól,hiligaynon
ay-ayunen,ilocano
hútal,hiligaynon
dalin-as,cebuano
nerbiyuso,cebuano
ipundo,tagalog
gabok,cebuano
itiklop,tagalog
bakatya,cebuano
pulakin,tagalog
pasa,tagalog
pagpasidungog,cebuano
rímu,cebuano
bilin,cebuano
"guyabana, guyabanu",cebuano
pugung,cebuano
gawang-wika,tagalog
kàkà,cebuano
tilabsikan,tagalog
tag-araw,tagalog
awanging tubo,tagalog
kútù,cebuano
sumakit,ilocano
gasel,tagalog
salúg,hiligaynon
kinadiyutayan,cebuano
ilawom,cebuano
halúg,hiligaynon
kabahayan,tagalog
balítang,cebuano
cajon ti lamisaan. agiladladawan,ilocano
sa kalahatan,tagalog
malindol,tagalog
gitna ng dagat,ilocano
pang-iispiya,cebuano
doon at dito,tagalog
bali,cebuano
kahibalo,cebuano
sírab,hiligaynon
limasin,tagalog
panggep,ilocano
iti aglicmut,ilocano
saka-sakali,tagalog
góro,hiligaynon
inggrandi,cebuano
alad ti cauartel,ilocano
tinud-anay,cebuano
ang kinagisan,cebuano
yukbo,cebuano
raták,hiligaynon
pag-angkon,cebuano
abbong,ilocano
pagbibitiw,tagalog
manunuhol,tagalog
eksemsyon,tagalog
baló,hiligaynon
hisúpu,cebuano
hamul-áwon,hiligaynon
isp. (daglat sa isinasapian),tagalog
kalamidad,tagalog
sawáyang,hiligaynon
agas,ilocano
pag-aantok,tagalog
saging,tagalog
iklipsi,cebuano
lungon,ilocano
pagbantaan,tagalog
haniti,cebuano
pagkalipumpunan,tagalog
kíng,cebuano
krusláyin,cebuano
agbagtit,ilocano
wándang,hiligaynon
kamiseriya,tagalog
sennaay,ilocano
tambangan,tagalog
prito,tagalog
pungpungáya,cebuano
agbennat,ilocano
pagsungko,tagalog
ipasabot,cebuano
taingang-daga,tagalog
ikitan,tagalog
búut,hiligaynon
pugsit sa tubig,cebuano
kalihiman,tagalog
sámuk,cebuano
pagkamarumal,tagalog
húyaw,hiligaynon
sumanglad,ilocano
bangá,hiligaynon
liyabe,tagalog
hubag,cebuano
parang pilak,tagalog
hígong,hiligaynon
magsiyampu,tagalog
ulalag,cebuano
cucuana (lalaki),ilocano
sa sulod,cebuano
bahagi ng pananalita,tagalog
magdeposito,tagalog
rúm-an,hiligaynon
taguyod,tagalog
bassit,ilocano
paglubong,cebuano
martir,cebuano
pag-abot,cebuano
sarák-sárak,hiligaynon
punirarya,cebuano
tirminit,cebuano
ipermanente,tagalog
babae,cebuano
bakâ,hiligaynon
duhandas,tagalog
siminarista,cebuano
magdaluhungan,tagalog
pagsiplat,cebuano
apdo,tagalog
saan a napasindayaw,ilocano
bidyíw,hiligaynon
ang pagkabinihag,cebuano
historya,tagalog
mangugubat,cebuano
ebanghelyo,cebuano
urungan,tagalog
hilibían,hiligaynon
mangtas,cebuano
kulukob,tagalog
magkapremyo,tagalog
cayo nga agramut iti sangana ken agtubo a sabali a pinoun,ilocano
bikit,cebuano
hi-(→),cebuano
pagtanggal-tanggalin,tagalog
krídu,cebuano
banay,cebuano
lagmit dili,cebuano
bilibirin,tagalog
dackel a payong a pagbaba,ilocano
yampák-yámpak,hiligaynon
ubúd-ubudán,hiligaynon
kanan,tagalog
kaututang-dila,tagalog
panagpaay,ilocano
sandaw,cebuano
maringat,ilocano
pagkalahi,tagalog
palangka,tagalog
halinhinan,tagalog
soóp,hiligaynon
walang-abog,tagalog
himaling,tagalog
buksing,cebuano
nayon,ilocano
kabibi,cebuano
sa loob,tagalog
pandak,tagalog
tampipi,tagalog
ligtak,cebuano
mangingikil,tagalog
narangha,tagalog
bisiklista,tagalog
iti rabaw,ilocano
síping,hiligaynon
huslà,cebuano
mangingihaw,cebuano
sakop,cebuano
paghihinuko,tagalog
tengnged,ilocano
lakuy,cebuano
balasang,ilocano
eskursyonista,tagalog
tanap,ilocano
magpahid ng ilong,tagalog
gupitan,tagalog
ngibingibi,cebuano
adj . agpada,ilocano
waláwag,hiligaynon
apiktǎr,cebuano
sigud nga ugali,ilocano
sambúnut,hiligaynon
idagan,tagalog
kwanggul,cebuano
hangáw-hángaw,hiligaynon
yari sa kahoy,tagalog
pagparito,tagalog
bulakan,tagalog
gumising,tagalog
sadáy-sáday,hiligaynon
dikampána,cebuano
makipamayan,tagalog
síngu,cebuano
sulat,cebuano
karne ng baka,tagalog
ugak,tagalog
paggamit,tagalog
Kurukya,tagalog
sakristi,tagalog
obra,cebuano
sustansya,cebuano
pagsasalawahan,tagalog
sudiyang,cebuano
kalubayan,tagalog
babai,ilocano
hayahay,cebuano
hagánas,hiligaynon
higot sa laang,cebuano
limbungan,cebuano
magpikit,tagalog
panginguha,cebuano
ang tawo,cebuano
yunô-yúnò,hiligaynon
innem,ilocano
sa paagi nga,cebuano
pagsasabon,tagalog
dayikdik,tagalog
bugguan,ilocano
úgtom,hiligaynon
nigro,cebuano
kurag,tagalog
tigum,cebuano
pagtudlo,cebuano
kalamaam,tagalog
pagkabag-o,cebuano
samuhán,hiligaynon
letrato,cebuano
balík-bálik,hiligaynon
boyâ,hiligaynon
labatiba,tagalog
pagpusyaw,tagalog
"habwà, habwas",cebuano
panulat,tagalog
magpresyo,tagalog
ucom,ilocano
sítsit,hiligaynon
iseguro,ilocano
Santa-Krusan,tagalog
ngalngal,cebuano
suwerte,tagalog
"tukikì, tukìkì",cebuano
toilet,tagalog
sikal,tagalog
nakit-an,cebuano
buco,ilocano
utang-buot,cebuano
mapaglangis,tagalog
atis,tagalog
udók,hiligaynon
silag,tagalog
baníg,hiligaynon
makipaglihaman,tagalog
paingon,cebuano
baríno,hiligaynon
wayawayaan,ilocano
pasipala,cebuano
pigsat,cebuano
iboni,tagalog
roón,hiligaynon
magtitipig,cebuano
aglinnaco,ilocano
ibutang,cebuano
bódo,hiligaynon
swis línin,cebuano
úgduk,hiligaynon
sapanahon,tagalog
sentimyénto,hiligaynon
búklad,hiligaynon
ubligar,cebuano
sa lapok,cebuano
panangrugi ti maudi a paset ti programa,ilocano
may-tapyas,tagalog
manundo,tagalog
tuhud,cebuano
ibul,cebuano
nag-usap,cebuano
bilyako,cebuano
sángkad,hiligaynon
palito,ilocano
kabrita,tagalog
Madona,tagalog
dukot,tagalog
konsumihin,tagalog
ragítrit,hiligaynon
indayon,ilocano
gúphal,hiligaynon
mapahulion,cebuano
pag-atol,cebuano
dako,cebuano
pag-uusap,tagalog
kinasipnget,ilocano
palito,tagalog
ok-ok,cebuano
kayakyakan,tagalog
lukguk,cebuano
kabilin,cebuano
agcari,ilocano
caraycay,ilocano
panitik,tagalog
maangkonon,cebuano
silaba,tagalog
kahanglayan,tagalog
lumagos,tagalog
santup,cebuano
mapagmapuri,tagalog
pasanggalang,tagalog
pagkamatamis,tagalog
ulalóng,hiligaynon
sumina,ilocano
dakes nga ugali,ilocano
eliminasyon,tagalog
hinudíng-húding,hiligaynon
salamíng,hiligaynon
putuk-putok,tagalog
dinalian,cebuano
mawo,tagalog
tigsala,cebuano
magmunukala,tagalog
tistis,cebuano
gúsbat,hiligaynon
suag,tagalog
midalyun,cebuano
bómba,hiligaynon
himpapawid,tagalog
nangunay,cebuano
riprisintasiyun,cebuano
sidsid,cebuano
tenga,tagalog
ayuno,tagalog
bulugasán,hiligaynon
pumaltik,tagalog
istambay,cebuano
ulímpay,hiligaynon
sumipot,tagalog
suringót,hiligaynon
humagulhol,tagalog
pagpanuop,cebuano
"hulud, húlud",cebuano
triduum,tagalog
manising lagi,tagalog
trahe,tagalog
pagkakatulad,tagalog
organ,tagalog
likas na yaman,tagalog
sibo,cebuano
kampilan,tagalog
umilo,tagalog
diablo,tagalog
magbalabala,tagalog
sugpo,tagalog
bulihin,tagalog
pastel,tagalog
nacascasdaaw,ilocano
laso,ilocano
gerilya,cebuano
kapyaspirína,cebuano
duklap,cebuano
tíka,cebuano
pagpahit,cebuano
rúma,cebuano
aracup,ilocano
itumbas,tagalog
basin pa,cebuano
istimahin,tagalog
bilyu,cebuano
maglilinis sa lawak-buhatan,cebuano
káwan,cebuano
sugal,cebuano
paroko,tagalog
tungod sa,cebuano
nara,tagalog
sambilat,tagalog
kagubot,cebuano
parmasya,cebuano
paradahan,cebuano
pagtamay,cebuano
diseksiyon,tagalog
aldaw ti inana,ilocano
duyà,cebuano
kasinaw,cebuano
pagtutuloy,tagalog
alaala,tagalog
buwang,cebuano
turnilyu,cebuano
kanugnog,tagalog
maregreg,ilocano
kabayaran,tagalog
apikta,cebuano
maaktibidad,tagalog
katakos,cebuano
magpatakbu-takbo,tagalog
pakapahirapan,tagalog
kinasam-it,ilocano
taguntunin,tagalog
dálap,cebuano
revolver,ilocano
mapag-aligando,tagalog
malinaw,cebuano
siawan,cebuano
tagaalaga,tagalog
tumakas,tagalog
halambalánon,hiligaynon
pagbiyayaan,tagalog
panagtupa,ilocano
suluhulán,hiligaynon
badiáwtingíg,hiligaynon
palubos,ilocano
maN-ay,cebuano
taganayon,tagalog
isucat,ilocano
mangdadaog,cebuano
demanda,tagalog
ipapanaw,ilocano
magpaaga,tagalog
húgmay,hiligaynon
luway,tagalog
mag-ulop,tagalog
kapilayan,tagalog
bulo,tagalog
ríray,hiligaynon
saról,hiligaynon
atras,cebuano
hayáhay,cebuano
lakang,cebuano
disso a pagtaudan ti balitoc wenno dadduma a metal,ilocano
filisofo,ilocano
casapulan,ilocano
balu,cebuano
rabaw,ilocano
kasanga,tagalog
kilat,cebuano
kaluoy,cebuano
sugpo na,tagalog
baras na bakal,tagalog
magatas,tagalog
pagbangon,tagalog
nabiyaan,cebuano
yamo,tagalog
búntul,hiligaynon
tilap,cebuano
birnis,cebuano
sisasam-it,ilocano
kasilinganan,cebuano
bibínka,hiligaynon
umingit,tagalog
puydut,cebuano
sa kaulahian,cebuano
galahíd,hiligaynon
diyipni,tagalog
laban sa sakit,tagalog
cayo,ilocano
yám-is,hiligaynon
papag-aralin,tagalog
tagatugis,tagalog
pagbaligya,cebuano
balik,cebuano
makagimbal,tagalog
balanus,cebuano
hagáy,hiligaynon
gáway,hiligaynon
bulangsud,cebuano
palasgasan,tagalog
tinagsip,cebuano
hinúmaw,hiligaynon
kotse sa lubong,cebuano
tabukáw,hiligaynon
sintábus,cebuano
himo,cebuano
himig,tagalog
bulúlngon,hiligaynon
ikumpas-kumpas,tagalog
bagong-buhay,tagalog
hinumdumi,cebuano
sambil,cebuano
bahâ,hiligaynon
hilamos,tagalog
animal,tagalog
burubot,tagalog
mahimut-anon sa kaugalingon,cebuano
dumali,tagalog
mapag-iba,tagalog
gólò,hiligaynon
nadumaduma,ilocano
dayuhin,tagalog
ipalawag,ilocano
búung,hiligaynon
pigtasin,tagalog
bugtas,cebuano
kahit paano,tagalog
"tiyù, tíyù",cebuano
kadaugan,cebuano
walang-kasinghalaga,tagalog
pautang,ilocano
pampading,tagalog
sírà,cebuano
makanugnog,tagalog
merito,tagalog
piang,cebuano
antipatiya,tagalog
payaten,ilocano
malig-on,cebuano
purtipayib,cebuano
hapâ,hiligaynon
paggala,tagalog
lalawigan,cebuano
lunak,tagalog
sibak,tagalog
kaligay,tagalog
baragbáon,hiligaynon
tikus,cebuano
malat,tagalog
píkak,cebuano
siyápò,hiligaynon
hugákom,hiligaynon
"huyâ-huyâ, huyâ-húyà",hiligaynon
sulíp,hiligaynon
suwat,cebuano
sampínit,hiligaynon
pitsiha,tagalog
damahuwana,tagalog
butígis,hiligaynon
hakugán,hiligaynon
komposer,cebuano
pangus,cebuano
panregla,tagalog
kaayusang buntalain,tagalog
buringug,cebuano
pamacakellaat,ilocano
matsete,tagalog
aligid,tagalog
soldado,ilocano
titik,cebuano
sídsid,hiligaynon
kulasísi,cebuano
paltos,tagalog
eskiting,cebuano
bang-aw,tagalog
saggabassit a panaglaco,ilocano
alipadnu,cebuano
manok,cebuano
wágtang,hiligaynon
magpabango,tagalog
pagtugtog,tagalog
galong,tagalog
walang-batik,tagalog
makialam,tagalog
dakbayan,cebuano
panirahan,tagalog
utang,ilocano
italec,ilocano
rilasiyun,cebuano
eklodyayt,tagalog
itlog na pula,tagalog
kaigsuonang mga lalaki,cebuano
tukod,cebuano
halángpon,hiligaynon
malura,tagalog
pahila-hilata,tagalog
Arsenic,tagalog
kalabutan,cebuano
lugan-ub,cebuano
nanang,cebuano
mawangis,tagalog
bugbog,tagalog
gemgem,ilocano
panaksan,cebuano
napigket,ilocano
burínga,hiligaynon
turo,tagalog
kari-kari,tagalog
bahin sa kahoy,cebuano
malawak ang isipan,tagalog
sikil,cebuano
puli,cebuano
datayo,ilocano
sólong,hiligaynon
magbunyi,tagalog
pakli,tagalog
alapot,tagalog
kukhu,cebuano
paagasay sa dugo,cebuano
pagdulog,tagalog
doctor,ilocano
natulnog,ilocano
landi,tagalog
bungúl,hiligaynon
amusal,tagalog
hangílid,hiligaynon
bangkilas,tagalog
tílà,cebuano
lag-ab,cebuano
napakasobra,tagalog
panggugulo,tagalog
dusaen,ilocano
masakit,cebuano
pagsusuwatan,tagalog
labi,tagalog
larino mamulong,cebuano
hudyat,tagalog
magkain,tagalog
iwag,cebuano
yayain,tagalog
bagdal,cebuano
singáni,cebuano
kristiyánus,cebuano
"búnghay, bungháyan",hiligaynon
úling,cebuano
retine,tagalog
abog,cebuano
kumutsaron,tagalog
liputan,ilocano
iluklok sa trono,tagalog
yaalsa,ilocano
tagungtong,tagalog
sagibín,hiligaynon
"hanuy, hánuy",cebuano
ladingit,ilocano
kahasol,cebuano
magdayuhan,tagalog
pag-isod,tagalog
lutukan,tagalog
ukúb-ukúb,hiligaynon
sililotán,hiligaynon
nacaal-aliaw; nacaal-alingget,ilocano
gubot,cebuano
salsitsas,cebuano
mangipakita iti moda,ilocano
nahisalaag,cebuano
matulis,cebuano
dool,tagalog
tampálas,cebuano
musikal,cebuano
lagukin,tagalog
magtinihik,cebuano
igib,tagalog
pidíyus,cebuano
tatagan,tagalog
balaan,cebuano
timaan,cebuano
pahulay,cebuano
tigpakigdait,cebuano
cappi,ilocano
cantiddog,ilocano
tita,tagalog
"sál-an, etc.",hiligaynon
sa ilalum,cebuano
nagaget nga agadal,ilocano
panaw,cebuano
arsadan ti agdan' baba ti agdan,ilocano
kalag,cebuano
bilyako,tagalog
kumambong,tagalog
pulang luspad,cebuano
kamatayan,tagalog
manggulat,tagalog
buluswángan,hiligaynon
sángod,hiligaynon
kalandong,tagalog
bantaláan,hiligaynon
baboy,ilocano
panaglalasin,ilocano
solo,tagalog
wala'y kabaihinan,cebuano
batong-tampok,tagalog
panangpadakes,ilocano
dispatsadur,cebuano
pagtubos,tagalog
magamit,cebuano
liing,tagalog
balakhóon,hiligaynon
maysa akita ti bangca,ilocano
naghinobra,cebuano
kahingkuran,cebuano
dispidir,cebuano
istalasiyun,cebuano
panumpa,cebuano
maglangoy,tagalog
hímò,hiligaynon
rayadílyo,hiligaynon
agbambaniaga,ilocano
yumabong,tagalog
botikáryo,hiligaynon
koles,cebuano
kahis,cebuano
yangùngù,cebuano
nalaing,ilocano
abbong ti rupa,ilocano
pakighigala,cebuano
"gukud, gúkud",cebuano
mayakag,tagalog
bayad,cebuano
mala-,tagalog
pumiglas,tagalog
militar,cebuano
di-maipagtatanggol,tagalog
tindahan ng pahayagan,tagalog
nananamlay,tagalog
siási,hiligaynon
uni ti pagorasan,ilocano
pagkahalina,tagalog
rungkagáy,hiligaynon
alkansiya,tagalog
labahita,tagalog
pag-inamo,cebuano
pannacatay,ilocano
himaláy,hiligaynon
yamíhid,cebuano
barandílya,hiligaynon
magpabendita,tagalog
haróhal,hiligaynon
galbanisahin,tagalog
pangseremonya,tagalog
estacion,ilocano
"lampaag, lampáag",cebuano
arapaap iti rabii,ilocano
hinún-an,hiligaynon
dumpilas,tagalog
pagkubos,cebuano
magsasabad,tagalog
tirante,cebuano
malagpak,tagalog
makapangyari,tagalog
hangal,cebuano
halasoón,hiligaynon
pangen,ilocano
dayan,cebuano
gilaraw,cebuano
ilaw-dagitab,tagalog
panagsardeng,ilocano
bisagak,cebuano
gúbuk,cebuano
nakatago,tagalog
matahapon,cebuano
kayog,tagalog
síl-an,hiligaynon
Inpísi,cebuano
balasúbas,hiligaynon
pagtigis,cebuano
púlù,cebuano
pagsugot,cebuano
sundug,cebuano
maestra,tagalog
pagpatalinghog,cebuano
nayulad,ilocano
saan a macapagsarita,ilocano
ungcay,ilocano
upurtunista,cebuano
atep,ilocano
lugar,cebuano
di-pagtupad,tagalog
siled ti hospital,ilocano
ninong sa binyag,tagalog
diabasa,tagalog
maturingan,tagalog
kalidad,tagalog
saklut,cebuano
tsaketa,tagalog
magbuyo,tagalog
ginhawaán,hiligaynon
sítara,hiligaynon
dekada,tagalog
hábul,hiligaynon
ilemmeng,ilocano
kapakumbaan,tagalog
"baungun, baúngun",cebuano
kapootan,tagalog
sampagíta,cebuano
ussoban,ilocano
magdumala,cebuano
sónson,hiligaynon
pumalahaw,tagalog
igot,cebuano
panganib,tagalog
bíhod,hiligaynon
kasubo,cebuano
baláraw,hiligaynon
wiris,cebuano
petpetan,ilocano
ulúhan,hiligaynon
tamban,tagalog
gara-garaon,cebuano
malabnit,tagalog
simput,cebuano
báng-aw,hiligaynon
pag-ibag,tagalog
beggang,ilocano
hagús,hiligaynon
kapaitan,cebuano
úl-ul,hiligaynon
rekorder,tagalog
pangkisa,tagalog
gásap,cebuano
hurúng,hiligaynon
maluyahon,cebuano
bulus,cebuano
dugmil,cebuano
sinaláy,hiligaynon
tiisin,tagalog
singkahulugan,tagalog
anunugba,cebuano
bigyang-kasiyahan,tagalog
dalusan,ilocano
salimuot,tagalog
trompo,tagalog
apuy,ilocano
bantólid,hiligaynon
pag-awat,cebuano
híl-ob,hiligaynon
limit,cebuano
maldito,cebuano
cadackel,ilocano
sabyu,cebuano
kuwadraduhin,tagalog
pag-alitan,tagalog
kolo,cebuano
yawan,cebuano
bángag,cebuano
kilayan,tagalog
kung sa bagay,tagalog
ananamsi,cebuano
Mendelegum,tagalog
kabilangan,tagalog
magpadakila,tagalog
kagigian,tagalog
árat,cebuano
ságo,hiligaynon
"mámurd, mámurds",cebuano
dumiit,tagalog
makaluma,tagalog
buuk,cebuano
pilkag,cebuano
batikúla,cebuano
linangan,tagalog
ipihit,tagalog
hipo,tagalog
auto,ilocano
gusto,cebuano
mang-iwan,tagalog
buwisan,tagalog
plastik,cebuano
busoren,ilocano
yelo,cebuano
igid,ilocano
lukdulukdu,cebuano
salakbatan,tagalog
lasa,tagalog
saapati,cebuano
walang-tahi,tagalog
anden,tagalog
girilya,tagalog
iyang,cebuano
balalhágon,hiligaynon
telebisyon,cebuano
siyut,cebuano
dimig,tagalog
kingpus,cebuano
harána,cebuano
pannacasindi ti cultis,ilocano
badidáy,hiligaynon
pakana,tagalog
pag-imbay,tagalog
leksikograpiya,tagalog
pigsa,ilocano
pagbigkis,tagalog
aspili,ilocano
sibubukel,ilocano
ang kabaskog,cebuano
diklamasiyun,cebuano
ugút,hiligaynon
akwintans,cebuano
maghimatong,tagalog
kalipunan,tagalog
regálo,hiligaynon
naabel,ilocano
ganás,hiligaynon
húnlit,hiligaynon
mamingawon,cebuano
tunaw,tagalog
bunsù,cebuano
búsaw,hiligaynon
tanungin ang nagsasalita,tagalog
maghulog,cebuano
maglakbay,tagalog
sabit,tagalog
búntit,hiligaynon
pampatumal,tagalog
manipud iti rugi inggana iti ungto,ilocano
paninindigan,tagalog
pisiyologi,tagalog
kapirasong lupa,tagalog
tunlak,tagalog
laundok,cebuano
pinalangga,cebuano
bulágsak,hiligaynon
cari,ilocano
"sumalabit, sumalabits",cebuano
kurtal,cebuano
balaod,cebuano
mag-isip,tagalog
mapa,ilocano
grave,cebuano
gabáy,hiligaynon
toalla,ilocano
suítik,hiligaynon
hanópoy,hiligaynon
ti nainaganan laeng,ilocano
putal,tagalog
macadadael,ilocano
magiba,tagalog
candela,ilocano
forte,ilocano
magmeriyenda,tagalog
báwut,cebuano
tagumanak,tagalog
"úli, ulí",hiligaynon
ulúnan,hiligaynon
abakadhan,cebuano
gumatang,ilocano
kadaplinan,cebuano
makalapoy,cebuano
tigduhaduha,cebuano
ihid,cebuano
tatag,tagalog
pangngaldaw,ilocano
hungog,cebuano
impiradur,cebuano
binuhian,cebuano
hákup,hiligaynon
tiligráma,cebuano
igid ti taaw,ilocano
patawirin,tagalog
kabalaka,cebuano
maikli,tagalog
lirit na ulan,tagalog
ibulsa,tagalog
haranísta,hiligaynon
kakambal,tagalog
gisingin,cebuano
sa kalibutan,cebuano
hápò,hiligaynon
kilatnon,cebuano
pagbalos,cebuano
balúdnon,hiligaynon
gího,hiligaynon
amina,tagalog
banâ-bánà,hiligaynon
mga binitay,cebuano
paunang salita,tagalog
tanang butang,cebuano
sibad,tagalog
pagsaglit,tagalog
habágat,hiligaynon
maalaala,tagalog
mambataan,tagalog
peincipe,ilocano
"háras, hár-as",hiligaynon
mag-apela,tagalog
manghihibo,tagalog
syista,cebuano
adalan,ilocano
cayat,ilocano
idlip,tagalog
taho,cebuano
dayangdayang,tagalog
solucion a pagdalus ken aramiden a sabon,ilocano
sagpaminsan,ilocano
pakikiharap,tagalog
paugnat sa kusog,cebuano
paglalaban,tagalog
hindi hiyang,tagalog
pagtama,tagalog
brandi,tagalog
saan a mailasin,ilocano
magkahinanakitan,tagalog
magdaing,tagalog
payib pinggir,cebuano
pagpahawa,cebuano
buláhan,hiligaynon
magliwat,tagalog
santuwaryo,tagalog
hálwos,hiligaynon
tingúhà,cebuano
timpalak-bigkasan,tagalog
panagutan,tagalog
panutan,tagalog
lagto,ilocano
hilitóhog,hiligaynon
hanóklog,hiligaynon
naragsac,ilocano
butí,hiligaynon
nalitnaw,ilocano
tayuntong,tagalog
buaw,cebuano
makapaglibot,tagalog
madaya,tagalog
"habak, hábak",cebuano
bihagin,tagalog
rilikaryu,cebuano
guráy-gúray,hiligaynon
hinanákit,hiligaynon
ligaya,tagalog
kaulaw panglipaghong,cebuano
sapatusin,tagalog
iwaan,tagalog
hílok,hiligaynon
paghunas,cebuano
sáog,hiligaynon
diha-diha,cebuano
itiman,tagalog
ebakwetan,tagalog
tarughuy,cebuano
"sap-ongán, sap-óngan",hiligaynon
daplis,tagalog
pagkuto,cebuano
kasuyaan,tagalog
buntalán,hiligaynon
komosta,cebuano
basakan,cebuano
nati sa baka,cebuano
salayahón,hiligaynon
pagpaparunggit,tagalog
huli,tagalog
panlilimot,tagalog
pagtilap,cebuano
saminsámin,cebuano
dua pulo,ilocano
magkalaykay,tagalog
magpaguho,tagalog
bagô,hiligaynon
kupitan,tagalog
nagtimaan,cebuano
organo,ilocano
ipaawit,ilocano
malumay,tagalog
pasaway,tagalog
maghati-hati,tagalog
murdong,ilocano
let-ang,ilocano
sumalunga,tagalog
matamlay,tagalog
mapagligaw,tagalog
biyulinista,tagalog
rindyir,cebuano
sámad,cebuano
rigat,ilocano
káun,cebuano
kurtina,tagalog
batan-on,cebuano
hutil,cebuano
maunawaang lubos,tagalog
pammati,ilocano
ganting-suntok,tagalog
pag-usab,cebuano
atangya,tagalog
cordon,ilocano
inhenyero,cebuano
dugho,cebuano
guano,tagalog
silnag ti bulan,ilocano
sánib,cebuano
tukuyin,tagalog
himosagâ,hiligaynon
sigabo,tagalog
pagpadasig,cebuano
paríha,cebuano
gabel,tagalog
géra,hiligaynon
balátik,hiligaynon
ulunan,tagalog
haen,tagalog
letteg,ilocano
súdsud,hiligaynon
biánda,hiligaynon
icali,ilocano
gúrang,hiligaynon
pamali-mali,tagalog
abukádu,cebuano
banig,cebuano
wáwaw,hiligaynon
pagsilpi,cebuano
pikit,tagalog
dili garboso,cebuano
pagsugyot,cebuano
baybay,cebuano
sikwahî,hiligaynon
napudno,ilocano
magmuni,tagalog
kalipikasiyun,cebuano
dala,tagalog
nakasayad,tagalog
multo,cebuano
gilak,cebuano
pagkakahawig,tagalog
maysa,ilocano
pungkol,cebuano
obligado,tagalog
pulána,cebuano
guniguni,tagalog
nabubuhat,tagalog
bahay at paligid,tagalog
aysyid,cebuano
báknit,hiligaynon
ginaka,hiligaynon
ngílu,cebuano
upisyu,cebuano
putsíru,cebuano
ulipon,cebuano
gabling,cebuano
sangkiig,cebuano
batik,tagalog
lípang,cebuano
nota sa musika,cebuano
pagluwas,cebuano
yapák-yapák,hiligaynon
mabaliling,tagalog
patigayon,cebuano
punggi,tagalog
sinta,cebuano
kural ng baka,tagalog
ughak,cebuano
supéra,hiligaynon
agpailista,ilocano
tibíwis,cebuano
hitsúra,hiligaynon
cadawyan,ilocano
birdúgu,cebuano
Kagawaran ng Suliraning Panlabas,tagalog
kaniadto,cebuano
uluhán,hiligaynon
tudlo,cebuano
brikdáwun,cebuano
mangrabrabac,ilocano
pautang,cebuano
suérte,hiligaynon
magpasubali,tagalog
gitugnaw,cebuano
dehado,tagalog
hinirang,tagalog
súyup,cebuano
cannaway,ilocano
mala,cebuano
sanguen,ilocano
pagpakugang,cebuano
bulalákaw,hiligaynon
butlig,cebuano
timawa,cebuano
leppasen,ilocano
ipataas,cebuano
hapaw,cebuano
magbudbod,tagalog
mula,ilocano
isportman,tagalog
sulì,cebuano
bulok,cebuano
idroplano,cebuano
ininit,cebuano
lapukan,cebuano
umusok,tagalog
magdiyak,tagalog
kinatibuk-an,cebuano
sebúyas,hiligaynon
aksiyunan,tagalog
sangsang,tagalog
usa ka bahin,cebuano
pagtiliw,ilocano
pannacairurunem,ilocano
almendras,tagalog
lihi,cebuano
balintuna,tagalog
walang-pagkapagod,tagalog
huyú-huyú,hiligaynon
mabayaran,tagalog
magbitad,tagalog
hinonóo,hiligaynon
palduhin,tagalog
hingaping pagdayeg,cebuano
kapit-os,cebuano
eskomulgahin,tagalog
dalam,cebuano
wayring,cebuano
lingo,tagalog
tagatawad,tagalog
baláydan,hiligaynon
makatipid,tagalog
camarin,ilocano
hupút,hiligaynon
sintas,cebuano
ilitin,tagalog
ti agyan iti mabiit iti maysa a disso,ilocano
atang,cebuano
binátà,hiligaynon
pakikiapid,tagalog
kurus,cebuano
dili pa dugay,cebuano
alumpihit,tagalog
init,cebuano
himan,cebuano
kwáku,cebuano
magbakuna,tagalog
ugas,ilocano
puntusan,tagalog
huásò,hiligaynon
ibayuhin,tagalog
plasláyit,cebuano
tíbis,cebuano
pagkataho,tagalog
sultíra,cebuano
pagnasaan,tagalog
iskuwala,tagalog
bitunan,tagalog
misuloti ug otel,cebuano
tupad,cebuano
kat-on,cebuano
húgpung,hiligaynon
labtik,cebuano
berbo,tagalog
talna,ilocano
tugalhab,cebuano
maragábit,cebuano
húay,hiligaynon
lingal,tagalog
silíngsilíng,hiligaynon
prueba,tagalog
sarîsárì,hiligaynon
mambasag-ulo,tagalog
makulapulan,tagalog
karon dayon,cebuano
parasito,tagalog
mantalágà,cebuano
úgay,hiligaynon
magsusi,cebuano
bulalákaw,cebuano
malinis,tagalog
sún-an,hiligaynon
haní,hiligaynon
maguluhan,tagalog
hihip,tagalog
maldito/a (babayae/lalaki),cebuano
lapay,cebuano
pagkawas,cebuano
kumatay,tagalog
tampalasanin,tagalog
napasnec,ilocano
bá-os,hiligaynon
kissay,ilocano
tabís,hiligaynon
putat,tagalog
casano,ilocano
lanahon,cebuano
pingol,tagalog
dumukot,tagalog
nalugod,tagalog
salíp-ong,hiligaynon
kasab-an,cebuano
pamplet,tagalog
mag-abrasador,tagalog
icabil,ilocano
dakog habhab,cebuano
wadwad,cebuano
kasangguniin,tagalog
wala'y tumbas,cebuano
trisahiyu,cebuano
palagdaan,tagalog
suroy-suroy,cebuano
tultulanan,cebuano
wákal,hiligaynon
nag-abay,cebuano
pamation,cebuano
pala,tagalog
ugái,hiligaynon
báktin,hiligaynon
landiganan,cebuano
isukip,cebuano
magkaroon ng lasa,tagalog
buyaen,ilocano
papanibughuin,tagalog
pagdudugtong,tagalog
nakillo,ilocano
sugo,cebuano
yeso blangko,tagalog
hápit,hiligaynon
iskuyla,cebuano
maggayak,tagalog
pungtanon,cebuano
manong,cebuano
tabyo,tagalog
kanyútu,cebuano
hótlog,hiligaynon
búli,hiligaynon
dangat,cebuano
pailaw,tagalog
giniling na mais,tagalog
ligtiw,cebuano
pasangil,cebuano
macasair,ilocano
paghatag,cebuano
anibersaryo,cebuano
mutsatsa,cebuano
habagatan,tagalog
paris,cebuano
paliyu,cebuano
iwarnac iti radio,ilocano
aglubnac,ilocano
borlasan,tagalog
opera,tagalog
saramúylo,hiligaynon
"rikisíta, rikisítas, rikisítus",cebuano
buháy-búhay,hiligaynon
pukot,cebuano
raketa,tagalog
túkud,cebuano
ulusoyón,hiligaynon
patakdo,cebuano
makipaglibing,tagalog
mapilay,tagalog
apela,cebuano
balaan,cebuano
nakasangkapan,tagalog
lawaan,tagalog
biay-biay,cebuano
sílwà,hiligaynon
niadtong una,cebuano
balkunáhi,cebuano
agbalin,ilocano
walang-pupo,tagalog
rigat,ilocano
pagpopropesa,tagalog
agsipud,ilocano
igos,tagalog
mag-abanikuhan,tagalog
bonete,tagalog
sakit,ilocano
saan a rumbeng,ilocano
pagbalda,cebuano
kasing-kasing,cebuano
punimalay,cebuano
dagsay,cebuano
santos,cebuano
bún-a,hiligaynon
angkub,cebuano
bantogan,cebuano
gam-anan,cebuano
bánka,hiligaynon
tudlo,cebuano
sumidhi,tagalog
búnal,hiligaynon
"banghutin, banghuting",cebuano
kakutya-kutya,tagalog
ibagay,cebuano
pangharang,tagalog
hábhab,hiligaynon
kadalo,tagalog
masuso,cebuano
bulon,tagalog
síngsing,hiligaynon
walang-kapirmihan,tagalog
dayang,tagalog
kongratulesyon,tagalog
bara,cebuano
balasahon,cebuano
alba,tagalog
maglahad,tagalog
tatsulok,tagalog
sádto,hiligaynon
huwaran,tagalog
pagtungo,tagalog
lawit,tagalog
tumino,tagalog
burakburak,cebuano
buho,tagalog
bakanan,cebuano
patinga,tagalog
marumi ang isip,tagalog
karamtan,tagalog
pabaruan,tagalog
kinhason,cebuano
hisô,hiligaynon
sakapig-ut,cebuano
sila usab,cebuano
pangangarap nang gising,tagalog
agputar iti tocar,ilocano
húdlot,hiligaynon
bulwágas,hiligaynon
uroc,ilocano
gómi,hiligaynon
rabii,ilocano
yangáp-yángap,hiligaynon
maibulalas,tagalog
timpla,cebuano
magkuti-kutiltil,tagalog
ayayam,ilocano
hanà,cebuano
husay sa gumon,cebuano
magtakas,tagalog
kal-ang,cebuano
unglan,cebuano
plemo,ilocano
bogo,cebuano
sárnas,hiligaynon
yano,cebuano
nacasursuron,ilocano
soro-soro,cebuano
sumbrec a makipagnaed,ilocano
papel-katalan,tagalog
úgpot,hiligaynon
barkada,cebuano
pino,cebuano
sinundalo,cebuano
uwagan,cebuano
pagtataengan,ilocano
papagindapatin,tagalog
tábtab,hiligaynon
butang ta sa niini,cebuano
yunggô-yúnggò,hiligaynon
sokót,hiligaynon
halinghing,tagalog
pagpangandoy,cebuano
tsaynamut,cebuano
natangig,ilocano
dinaghan nga pagsukol,cebuano
mabakwi,cebuano
puso,tagalog
ugálì,hiligaynon
paypayan,tagalog
ang nakuha,cebuano
pakikipagkaibigan,tagalog
sugilakbit,cebuano
rabútyal,hiligaynon
immun-una,ilocano
dálar,cebuano
bungdul,cebuano
langas,cebuano
ut-ot,tagalog
trambiya,cebuano
súmbal,hiligaynon
yókò,hiligaynon
talagsaon,cebuano
mapintas,cebuano
Pasipiko,cebuano
alangilan,tagalog
sidadakes,ilocano
hindi nababago,tagalog
madungis,tagalog
pag-ulíngun,cebuano
síkad,hiligaynon
tuladen,ilocano
gisakitan,cebuano
pamutiktikin,tagalog
pagpatalged a cucua ti nag-aramid,ilocano
biyak,tagalog
armaryo,cebuano
diglap,tagalog
tuldikan,tagalog
kírig,cebuano
swerte,cebuano
supositoryo,tagalog
tinuyo,cebuano
"húnsan, húnson",hiligaynon
ulubáson,hiligaynon
tungod sa,cebuano
muritsing,cebuano
tawas,tagalog
dakutin,tagalog
ngábil,cebuano
ekstorsiyon,tagalog
kasapatan,tagalog
tsamporado,tagalog
magbunot,tagalog
usa ra,cebuano
usad,tagalog
sampay,cebuano
"hanáo, hanáwo",hiligaynon
mahiram,tagalog
tabtában,hiligaynon
pintaan,ilocano
bumalagbag,tagalog
ngabil,cebuano
sinápat,hiligaynon
lagto,ilocano
hiniklat,tagalog
pagsasalita nang nag-iisa,tagalog
balota,cebuano
kasamlangan,tagalog
pannacaummong,ilocano
kanímu,cebuano
súgnud,hiligaynon
mulaang tipik,tagalog
salangiság,hiligaynon
desaprobahan,tagalog
magpalamuti,tagalog
masalita,tagalog
bahó-oló,hiligaynon
biolensiya,tagalog
watawat,tagalog
kátay,cebuano
bukískis,hiligaynon
pitáti,cebuano
agrikultural,tagalog
bula,cebuano
cartib,ilocano
huygu,cebuano
bakahan,cebuano
kumaang,tagalog
pristihiyu,cebuano
bakág,hiligaynon
bákhay,hiligaynon
sín-ad,hiligaynon
ipambatak,tagalog
masarili,tagalog
pananglagip,ilocano
taliris,tagalog
mal-am,cebuano
sa ibabaw,cebuano
"piyak, píyak",cebuano
nainget,ilocano
agpuccaw,ilocano
silakbo ng damdamin,tagalog
inspeksyunin,tagalog
matubayon,cebuano
mabagal,cebuano
dadackel a batbato,ilocano
hálut,cebuano
agdadamo,ilocano
bahiran,tagalog
magparamdam,tagalog
kuldas,cebuano
luyahon,cebuano
pagpapaumat-umat,tagalog
magkaakma,tagalog
ipagsakdal,tagalog
puccaw,ilocano
yaangyaang,cebuano
pamintuhuan,tagalog
hinúgun,cebuano
maluloy-on,cebuano
hamatâ,hiligaynon
papagayo,tagalog
mangngagas,ilocano
habulan,tagalog
eskotadura,tagalog
lakturay,cebuano
sálay,hiligaynon
alang sa,cebuano
kahamugaway,cebuano
sayup,cebuano
saririt,ilocano
laso,tagalog
paglitok,cebuano
ablen,ilocano
dam-ut,cebuano
buling,cebuano
aktris,cebuano
husô,hiligaynon
pilù,cebuano
dagangdang,cebuano
kahili-hili,tagalog
uwian,tagalog
marmargaay,ilocano
tábug,hiligaynon
damira,tagalog
hilumbo,tagalog
banil,tagalog
makatagbaw,cebuano
súd-o,hiligaynon
sa ubos,cebuano
kumunyapit,tagalog
aswangin,tagalog
pagsakitan,tagalog
maninilbihan,tagalog
aborsiyon,tagalog
tungkol sa makina,tagalog
maglakwatsa,tagalog
pagkakasalakay,tagalog
sa kapunongan,cebuano
biyaan,cebuano
minì,cebuano
sírit,hiligaynon
diskaril,tagalog
hindi makasalo ng bola,tagalog
agduduma iti patas,ilocano
paghuwad,cebuano
plásis,cebuano
biyograpiko,tagalog
bato,cebuano
samparing,cebuano
hiwang,cebuano
huás-húas,hiligaynon
kamúlu,cebuano
lukat,cebuano
pagkidhat,cebuano
giugmad,cebuano
timid,ilocano
binobokán,hiligaynon
kapiteria,tagalog
lagmak,tagalog
tugon sa kabilin,cebuano
silbay,cebuano
kawalang-pitagan,tagalog
idaiti,tagalog
bahin,tagalog
arestahin,tagalog
magpasinaya,tagalog
betis,tagalog
iskrats,cebuano
tamay,cebuano
napudno,ilocano
saka na,tagalog
nacacatcatawa,ilocano
lutoan,cebuano
dausdusan,tagalog
humingal,tagalog
bikàkà,cebuano
ugali,ilocano
tanan,tagalog
gasat,ilocano
pannacadadael,ilocano
buhong,tagalog
bumalantok,tagalog
naayat,ilocano
manghahagad,tagalog
pasalo,tagalog
ipagkanggagalit,tagalog
lulua,ilocano
imurahiya,cebuano
panagayat,ilocano
tabongáw,hiligaynon
hukawón,hiligaynon
hilayô,hiligaynon
walang-interes,tagalog
pyanúnu,cebuano
pagsulti,cebuano
kansursilyu,cebuano
waslik,cebuano
pagkab-ot,cebuano
mabilis,cebuano
kuluskus,cebuano
salusog,tagalog
manunudyo,tagalog
sa kadaghanan,cebuano
líwa,cebuano
sirtipikar,cebuano
patunayan,tagalog
bumating,tagalog
itinnag,ilocano
kinamanghuran,cebuano
patalgedan,ilocano
Marso,cebuano
paglukob,tagalog
bapor,cebuano
agad-ad,cebuano
pagtangtang,cebuano
pukyot,tagalog
bayaw,tagalog
magandahan,tagalog
piskul,cebuano
tugoysipat,tagalog
ukút,hiligaynon
kasubo,cebuano
ripolyo,cebuano
lisensiya,tagalog
sinipít,hiligaynon
isplǐt,cebuano
dapit,cebuano
pamumula,tagalog
sagimsim,tagalog
inbitisyun kard,cebuano
súptan,hiligaynon
kausap,tagalog
unahan,cebuano
ting-ulan,cebuano
beatílya,hiligaynon
kayugpus,cebuano
baliti,tagalog
paglihis,tagalog
ulín,hiligaynon
lugpit,cebuano
napakabigat,tagalog
bináryo,hiligaynon
mantalaan,cebuano
saláysay,hiligaynon
cajon,ilocano
matong,tagalog
babáknit,hiligaynon
awanan igam,ilocano
bulig,tagalog
bassit,ilocano
talad,cebuano
hínag,cebuano
talagsaon,cebuano
kantarilya,tagalog
"ilimintári, ilimintarya",cebuano
sánda,hiligaynon
daghag buhat,cebuano
titulo,ilocano
bintog,tagalog
tawo nga mahilayon,cebuano
katiwasayan,tagalog
makatuloy,tagalog
awan,ilocano
ságing,hiligaynon
bahin,cebuano
hírab,hiligaynon
paghingal,tagalog
ugpung,cebuano
barbában,hiligaynon
tulim,cebuano
ihiang-bumbong,tagalog
garantiyahan,tagalog
ipalinaw,tagalog
kababaan,tagalog
priskripsiyun,cebuano
ringgóhot,hiligaynon
caubingan,ilocano
waliwali,tagalog
palataan,tagalog
durugin,tagalog
cadackel,ilocano
palaki nang palaki,tagalog
wélga,hiligaynon
nga natulog,cebuano
babaen ti linteg,ilocano
warwaran,ilocano
magpaunan,tagalog
hilbas,cebuano
pagdidiskarga,tagalog
soldador,tagalog
pagbasol,cebuano
mandilat,tagalog
suáni,hiligaynon
pagiwarnac,ilocano
isundot,tagalog
galon,ilocano
pagalagadan,ilocano
karukhaan,tagalog
bulawan,cebuano
hinálì,hiligaynon
pagbutalid,cebuano
handugan,tagalog
siwíl-síwil,hiligaynon
calangiking,ilocano
apat-apat,tagalog
dili,cebuano
artikulasyon,tagalog
kaldirin,cebuano
sagódsod,hiligaynon
submarino,cebuano
sirkulu,cebuano
dagmal,cebuano
síug,hiligaynon
huslut,cebuano
mano,tagalog
úgduk,hiligaynon
isem,ilocano
sulimaw,cebuano
manaul,cebuano
payapa,tagalog
tinun-an,cebuano
wala motungha,cebuano
kataon,tagalog
pahiyum,cebuano
ramit ti ari,ilocano
turo,tagalog
taklap,cebuano
búgtas,hiligaynon
akauntant,tagalog
maamuyan,tagalog
burakínta,hiligaynon
pag-ong,ilocano
ikuha,tagalog
magbabaligya,cebuano
gawang,cebuano
patuto,tagalog
wala'y sulod,cebuano
alampay,tagalog
birtúsu,cebuano
nagapanaw,cebuano
talinis,cebuano
pagwiwisik,tagalog
bánggit,hiligaynon
baet,ilocano
pagbaligya,cebuano
buling,tagalog
palupuhan,tagalog
ibis,tagalog
pugaran,cebuano
pagpadagan,cebuano
pataniman,tagalog
paghalad,cebuano
gusáw,hiligaynon
paghunas,cebuano
lapped,ilocano
anderpas,tagalog
nalaing,ilocano
traidor,ilocano
maglakayo,tagalog
eskultura,tagalog
gapó,hiligaynon
Alemanya,tagalog
mananahi,cebuano
dikulúris,cebuano
buntal,cebuano
utul,cebuano
kartel,tagalog
sansóyan,hiligaynon
relyeno,tagalog
nagirican,ilocano
bangís,hiligaynon
draga,tagalog
naalicuteng,ilocano
sa hinaharap,tagalog
panangidadanes,ilocano
hám-ut,hiligaynon
bílos,hiligaynon
yanáng,hiligaynon
salapáti,cebuano
halamanin,tagalog
sagusô,hiligaynon
isarita,ilocano
kapitalista,tagalog
tagapamansag,tagalog
hugpong,tagalog
gióng-gíong,hiligaynon
patananin,tagalog
bino,tagalog
mentol,tagalog
dyalekto,cebuano
buringog,cebuano
tígum,cebuano
itden ti casapulan,ilocano
"gurínat, gurípat",hiligaynon
pagbaka,tagalog
aglayag,ilocano
nainsiriban,ilocano
labhà,cebuano
daplisin,tagalog
osyoso,tagalog
apitong,tagalog
isdang-laringlaring,tagalog
síngit,cebuano
dayuhan,cebuano
bilaran,tagalog
nasukir,ilocano
simulan,tagalog
nagtacder,ilocano
ugong,cebuano
yúgit,hiligaynon
panagallon,ilocano
sa magtiayhon,cebuano
konsehero,tagalog
sápaw,cebuano
ingrata,tagalog
pasamanos,cebuano
hápdus,hiligaynon
bugon,cebuano
hawít,hiligaynon
hunâ-húnà,hiligaynon
bilas,cebuano
tokaya,tagalog
agtultulid,ilocano
kakaiba,tagalog
agpayacpac,ilocano
"bíhang, biháng",hiligaynon
biyaan,cebuano
"síwid, siwíd",hiligaynon
badyáw,hiligaynon
údyak,hiligaynon
pangkuwarisma,tagalog
tungkabin,tagalog
kapuol,cebuano
magkumahog,tagalog
biyahe,cebuano
bíro,hiligaynon
pumanaw,tagalog
busíkad,hiligaynon
pumpyang,tagalog
pammadpadakes,ilocano
puspusin,tagalog
kupot,cebuano
pákit,cebuano
tiligrapu,cebuano
pagkamabuway,tagalog
lindag,cebuano
paglabanan,tagalog
kita ti billet,ilocano
mga sul-obon,cebuano
tradisiyun,cebuano
gímik,hiligaynon
rára,hiligaynon
biáhe,hiligaynon
dili managsama,cebuano
hulaton,cebuano
magpakaluwat,tagalog
labay sa katung,cebuano
pagdangat,cebuano
paglagpak,tagalog
uluyonán,hiligaynon
salamuanán,hiligaynon
agibatbato iti bola,ilocano
"sinángula, sinangulá",hiligaynon
lihíru,cebuano
nagdaut,cebuano
karmilitos,cebuano
buka,cebuano
ba-óng,hiligaynon
gawahán,hiligaynon
lagot,tagalog
natangsit,ilocano
tribo,cebuano
udyúykuy,hiligaynon
ilaco a saggabassit,ilocano
riri,ilocano
gáling,hiligaynon
tuya,tagalog
guyaban,ilocano
kuwartong-tulugan,tagalog
ugangan nga babye,cebuano
sangyaw,hiligaynon
pákaw,cebuano
hulugasán,hiligaynon
hushus,cebuano
ngatuen,ilocano
tuli,tagalog
biglang-humawak,tagalog
anak sa yawa,cebuano
ayina,tagalog
libwas,cebuano
kumulimlim,tagalog
minanso,cebuano
sinta,tagalog
mannaki-ayayam,ilocano
agresibo,tagalog
kumipot,tagalog
pitik,tagalog
sampínit,cebuano
magpakopya,tagalog
lansang,cebuano
daotan,cebuano
hinangan,tagalog
básag,hiligaynon
dilikinti,cebuano
bálà,cebuano
saan a ginagara,ilocano
tambobong,tagalog
"úgkan, ugkánan",hiligaynon
dulang,cebuano
galáb,hiligaynon
mimuráyis,cebuano
mga sinena,cebuano
pagkilitin,cebuano
kundiman,tagalog
dapitin,tagalog
magpapalit,cebuano
marawis,tagalog
pagpasiga,cebuano
kiling,tagalog
gawang,cebuano
bugáhay,hiligaynon
háyab,hiligaynon
Haponesa,tagalog
hunás,hiligaynon
pagbitay,tagalog
walang-magawa,tagalog
nakatiwas,cebuano
tugot,ilocano
matutudo,ilocano
panahon,cebuano
talabunyian,tagalog
ul-ul,cebuano
submarínu,cebuano
lugar ng langit at lupa,ilocano
taga,tagalog
bánglad,hiligaynon
"upuy-upuy, upuy-úpuy",cebuano
hungog,cebuano
salakhangin,cebuano
nganong,cebuano
dan-aw,ilocano
sábwag,hiligaynon
salayó,hiligaynon
nadanum,ilocano
mataimtim,tagalog
magbinhi,tagalog
express,ilocano
parikit,tagalog
pagbuyaan,ilocano
lalagukan,tagalog
gawi,cebuano
mangawit,tagalog
pagpanas,cebuano
minudeo,ilocano
panganay,tagalog
diwaanon,cebuano
pasali,tagalog
sunggal,cebuano
unggu,cebuano
palit,cebuano
pardiyas,tagalog
cuco ti ayup,ilocano
amagan,cebuano
daan,tagalog
súmpay,hiligaynon
isig-isig,cebuano
pausukan,tagalog
wakasan,tagalog
tularan,tagalog
makicacaasi,ilocano
ig-ig,tagalog
namamanglaw,tagalog
bordón,hiligaynon
naliday,ilocano
sinungaling,tagalog
mananabang sa panganak,cebuano
timbulog,tagalog
salo,tagalog
agulang,cebuano
maghatag,cebuano
haút-haút,hiligaynon
magkasabid-sabid,tagalog
katun-an,cebuano
magpakaloko,tagalog
salunggat,cebuano
napasnec,ilocano
bukalan,cebuano
marca,ilocano
sipuy,cebuano
Kano,cebuano
pagkutkot,cebuano
bukadura,tagalog
dun-ag,cebuano
pamamayat,tagalog
pilipitin,tagalog
"labung, lábung",cebuano
humila-hilata,tagalog
pasagutan,tagalog
tabulî,hiligaynon
sagang,cebuano
subay,cebuano
salatánan,hiligaynon
ngumungo,tagalog
soldado,ilocano
síkdol,hiligaynon
dintistri,cebuano
bastos,cebuano
kalugdan,tagalog
panunungkulan,tagalog
amil,tagalog
tured,ilocano
uláng,hiligaynon
hininga,tagalog
baykarb,cebuano
tanda,tagalog
solosimána,hiligaynon
tagatustos,tagalog
saan a naannad,ilocano
lamuymoy,tagalog
nakaaantok,tagalog
urnongen,ilocano
ibilang,ilocano
bítì,hiligaynon
agwádu,cebuano
ang sunod,cebuano
malbas,cebuano
sungit,tagalog
anak na bugtong,tagalog
busal,cebuano
impusibli,cebuano
magsaboy,tagalog
entrada,tagalog
maling pagkakaintindi,tagalog
nacacusilap,ilocano
wáling,cebuano
kagabok,cebuano
pamantala,cebuano
keyk,tagalog
hatod-sulti,cebuano
tapa,cebuano
bombardíno,hiligaynon
hugpuy,cebuano
hámrus,hiligaynon
kapay,tagalog
magtipan,tagalog
nakalibing,tagalog
ukab,cebuano
garápa,hiligaynon
linso,tagalog
di ekonomiya,cebuano
kalan-on sa isda,cebuano
maalisis,tagalog
bilánggò,hiligaynon
meditasyon,cebuano
kataro,tagalog
tsoriso,tagalog
mas diyutay,cebuano
kalapukan,cebuano
hiriábut,hiligaynon
sumpákil,hiligaynon
sabwag,cebuano
kulam,tagalog
tawo,cebuano
"istikin ap, istikinap",cebuano
pagkakadakila,tagalog
masakitan,cebuano
susopen,ilocano
tingnan,tagalog
palubosan,ilocano
diborsyo,cebuano
alay,tagalog
anahaw,tagalog
tumigil,tagalog
mapapagbalikan,tagalog
tampok na palabas,tagalog
patirintas,tagalog
gúnda,hiligaynon
sákrò,hiligaynon
tugawon,cebuano
mabaog,tagalog
sagúksuk,hiligaynon
bassit ken napuscol,ilocano
panggatol,tagalog
hirán-hiranón,hiligaynon
saan mabalin a taraon,ilocano
pungko,cebuano
mapaghambugan,tagalog
kalog-kalog,cebuano
dili kita,cebuano
"bóka de páto, bokápáto, bóka y páto",hiligaynon
plísing,cebuano
gutad,ilocano
gasolina,tagalog
asaen,ilocano
dagitab,cebuano
macaturog,ilocano
naghubo,cebuano
angawen,ilocano
lukgaw,cebuano
ngalngal,cebuano
kanlong,tagalog
silbihan,tagalog
ministro,tagalog
puy-anan,cebuano
carcarna,ilocano
magpasko,tagalog
padas,ilocano
tudlok,cebuano
Pasyon,tagalog
inumen,ilocano
hukay,tagalog
singgi,tagalog
malami,cebuano
magkasal,tagalog
biátiko,hiligaynon
bátyag,hiligaynon
kalantikan,tagalog
balahibo ng tupa,tagalog
silaw sa Adlaw,cebuano
daan,cebuano
pagkidnap,tagalog
human daan,cebuano
sayit,cebuano
salagurón,hiligaynon
hasyinda,cebuano
iksaminádu,cebuano
ipaturo,tagalog
sapulen,ilocano
paglinlangan,tagalog
turban,tagalog
nakasusulyak,tagalog
pagkamakaako,tagalog
pagtatakwil,tagalog
hapús,hiligaynon
sahi sa,cebuano
pagkatagiya,cebuano
sibay,cebuano
bísap,cebuano
magsubo,tagalog
tagpis,cebuano
talanga,tagalog
balibago,tagalog
pagsensura,tagalog
puwíta,cebuano
padulasan,tagalog
siríngan,hiligaynon
istorya,cebuano
pletsa,tagalog
awanan zapatos,ilocano
sinagol,cebuano
sa simula pa,tagalog
rekaduhan,tagalog
agturay,ilocano
sarita,ilocano
lugpad,cebuano
alindahaw,cebuano
singít,hiligaynon
hágad,hiligaynon
nobena,tagalog
bungúl,hiligaynon
maghimog,cebuano
callugong,ilocano
panghuhuthot,tagalog
kapalang,tagalog
báut,cebuano
paglinis,cebuano
kahunghangan,tagalog
base,tagalog
yukbo,cebuano
bayad,ilocano
kagusbatan,cebuano
tug-an,cebuano
mapurol,tagalog
dirà,cebuano
sabad,cebuano
libod-libod,cebuano
imbus,cebuano
katuwiran,cebuano
paghahagis,tagalog
baghas,cebuano
abaka,tagalog
bántot,hiligaynon
mag-obserba,tagalog
imbestigador,tagalog
panangipaay,ilocano
pilien,ilocano
tawong halangdon,cebuano
paltik,cebuano
hát-on,hiligaynon
pangtitipon,ilocano
batíon,hiligaynon
konduktor,tagalog
pagpapabaya,tagalog
naramn,ilocano
tunton,ilocano
paglansad,cebuano
ituhog,tagalog
iserra,ilocano
bílas,cebuano
malatang-malata,tagalog
tantuin,tagalog
labaw,cebuano
alisin sa pagkakaimpake,tagalog
magpagunita,tagalog
hanlag,cebuano
kastǎr,cebuano
sanla,cebuano
wígit,hiligaynon
bilín,hiligaynon
gikgik,tagalog
hiwid,cebuano
palo,cebuano
pagkasala,tagalog
pundok,cebuano
gisión,hiligaynon
arsaab,ilocano
merienda,cebuano
bákhò,hiligaynon
omisyon,tagalog
pagkasalakay,tagalog
solid,tagalog
patak,cebuano
katalagman,cebuano
sanagapulo ket tallo,ilocano
basa-basain,tagalog
duput,cebuano
pagpapatahimik,tagalog
pagdugtung-dugtungin,tagalog
kabunsulan,tagalog
paco,ilocano
uyabang,cebuano
agpapaungar,ilocano
dasokan sa mga molupyo,cebuano
hilab,tagalog
garansíang,hiligaynon
malaon na,tagalog
ragátnat,hiligaynon
magmaliw,tagalog
lawag,tagalog
patuo-tuo,cebuano
kaling,cebuano
kasuwailan,tagalog
piho,cebuano
klase,cebuano
mubong hin anok,cebuano
bahin sa tiyatro,cebuano
karon dayon,cebuano
dulot sa bukog,cebuano
naghing-hinga,cebuano
akademika,tagalog
formál,hiligaynon
buranghágan,hiligaynon
isangit,ilocano
ingit,cebuano
rarámbing,hiligaynon
ilok,cebuano
panangipalawag iti gandat,ilocano
pagpahiluna,cebuano
opisina,cebuano
pakgut,cebuano
sagpa,cebuano
kapusin,tagalog
maglulubid,tagalog
súnit,hiligaynon
awahi,cebuano
yasmang,ilocano
yema,tagalog
pitikpitik,cebuano
buút,hiligaynon
agnanayon,ilocano
awtoridad,cebuano
magparami,tagalog
tilin,tagalog
simbáhan,hiligaynon
gulung-gulungaqn,tagalog
taingandaga,tagalog
agapan,tagalog
lunsurin,tagalog
pamagitanan,tagalog
impalible,tagalog
pagkapukan,cebuano
inggitin,tagalog
mangangabayo,tagalog
alinsunod sa/kay,tagalog
gakit,cebuano
maglapastangan,tagalog
kapaan,tagalog
iccatan iti tapon,ilocano
umeksamen,tagalog
ipagsapalaran,tagalog
ipeggad,ilocano
turta,cebuano
dapulak,tagalog
awisen,ilocano
sidlangán,hiligaynon
rúgto,hiligaynon
likot,tagalog
pagbaliwen,ilocano
karamihan,tagalog
banabá,hiligaynon
sinurumbálì,hiligaynon
brislit,cebuano
sinati,cebuano
mabalda,tagalog
binukídnon,hiligaynon
kabaugan,tagalog
mahiphip,cebuano
naunget,ilocano
hanapbuhay,tagalog
iyat,cebuano
palawit,tagalog
girím,hiligaynon
hagpù,cebuano
masangkot,tagalog
nilad,tagalog
isalisi,tagalog
ungko,tagalog
dawis,tagalog
paglupad,cebuano
lain-lain,cebuano
denggen,ilocano
ihalang,tagalog
hágnà,hiligaynon
tanghalin,tagalog
pagsabon,tagalog
pagispis,tagalog
yamáda,cebuano
nawad-ag isip,cebuano
kuwadra,tagalog
lokomotora,tagalog
agunget,ilocano
abad,cebuano
pagmultahin,tagalog
sagut,ilocano
lutak,cebuano
kinang,tagalog
resin,tagalog
lúbang,cebuano
pawalang-saysay,tagalog
kulíut,cebuano
paila-ila,cebuano
lugitum,cebuano
lapog,ilocano
rábo,hiligaynon
letteg,ilocano
balíbad,hiligaynon
iwasiwas,tagalog
pastohan,cebuano
kanya,tagalog
otso,cebuano
sagráryo,hiligaynon
tapun,cebuano
maningalang-pugad,tagalog
akbayan,tagalog
aristokratiko,tagalog
di-akalain,tagalog
gálgal,hiligaynon
bábay,hiligaynon
kinabacnang,ilocano
gilingan,ilocano
dugtung,cebuano
walang-alinlangan,tagalog
naacaran iti tuco,ilocano
pagtudlo,cebuano
bards,cebuano
balíli,hiligaynon
maduyogon,cebuano
talata,tagalog
sing-anó,hiligaynon
bilya,cebuano
makaalam,tagalog
keddeng,ilocano
palasíbu,cebuano
hudhud,cebuano
may lumba,cebuano
ubet,ilocano
magsaklob,tagalog
magpakati,tagalog
unyas,cebuano
prototipo,tagalog
tepok,tagalog
dimánu,cebuano
pagpalabi,cebuano
ungngo,ilocano
balintúad,hiligaynon
mabasulon,cebuano
yókot,hiligaynon
matin-aw,cebuano
motorsiklo,cebuano
monja,ilocano
kabalhinan,cebuano
nagatel,ilocano
humbáya,hiligaynon
inumen,ilocano
sáb-an,hiligaynon
takaw,tagalog
palaboy ng tadhana,tagalog
pangngeddeng,ilocano
pangamuyo,cebuano
mouli,cebuano
panagsiddaaw,ilocano
mapalamuti,tagalog
liog,cebuano
Americcaan,ilocano
masabihan,tagalog
pandiwang makangalan,tagalog
pagpikpik,tagalog
ibayad,tagalog
kusnut,cebuano
"sapák, sápak",hiligaynon
iba't iba,tagalog
"híbò, híbo",hiligaynon
filosofia,ilocano
mas kaylap,cebuano
kuma,cebuano
tuyok,cebuano
ipasak,tagalog
basilika,cebuano
sirkulár,hiligaynon
olimpik; olimpiks,tagalog
dunggan,cebuano
supurtǎr,cebuano
tagaaliw,tagalog
sákò,hiligaynon
nakillo,ilocano
tiguman,cebuano
lulid,cebuano
pagtulo,cebuano
magpakagabi,tagalog
sumosugod,cebuano
mang-upat,tagalog
wala'y kahangturan,cebuano
magahi,cebuano
madunggilan,tagalog
paghirang,tagalog
milya,cebuano
kapitolyo,cebuano
pun-an,tagalog
panangbingay ti puroc,ilocano
taligmata,cebuano
pampamanhid,tagalog
magkakahalo,tagalog
tugyan,cebuano
huróng,hiligaynon
haró-haró,hiligaynon
kinaulimec,ilocano
masakit sa tainga,tagalog
itangis,tagalog
hinikugáy,hiligaynon
may kalisud,cebuano
palta,cebuano
alang,cebuano
gulut,cebuano
dahílug,cebuano
bag-o pa lang,cebuano
Hesukrísto,hiligaynon
wáklos,hiligaynon
sám-ang,hiligaynon
hugutin,tagalog
botella; frasquita,ilocano
tibihin,tagalog
kapansan,tagalog
dawang bilangin,tagalog
pagyayangyang,tagalog
nangangawit,tagalog
suledo,ilocano
bawungbáwung,cebuano
ranget,ilocano
kapon,cebuano
aknit,cebuano
bórong,hiligaynon
pangispiya,cebuano
di-mabilang,tagalog
saan nga aramaten isalacan,ilocano
muhon,cebuano
itlo,tagalog
puli,cebuano
handuraw,cebuano
maibigay,tagalog
gamot na pampasigla,tagalog
siagít,hiligaynon
dayis-ul,cebuano
paghuklo,tagalog
panangawat,ilocano
mausok,tagalog
búlya,hiligaynon
sudlong,tagalog
labot,cebuano
"batiri, batiríya",cebuano
páhù,cebuano
bántuk,hiligaynon
ti horas,ilocano
"búbud, bubúd",hiligaynon
sárwal,hiligaynon
agtaeng,ilocano
humayan,cebuano
pasabut,cebuano
tan-awa ra,cebuano
giti,tagalog
paghunong,cebuano
aghimo,tagalog
transport,tagalog
asiras,cebuano
húnul,hiligaynon
mekapan,tagalog
kabuwayan,tagalog
nanlalabo,tagalog
emblema,tagalog
pirasuhin,tagalog
punting,cebuano
batik-adlaw,tagalog
inang-kumpil,tagalog
hánlud,hiligaynon
gunit,cebuano
kuko sa mananap,cebuano
swipistik,tagalog
hándò,hiligaynon
yayát-yáyat,hiligaynon
labhan,tagalog
patiwarikin,tagalog
paliguan,tagalog
saklaan,tagalog
dakong balay,cebuano
ekipahe,cebuano
hati,tagalog
kumuhit,tagalog
limin,cebuano
magpalubag,tagalog
sa bisan unsa,cebuano
nainayad a taray,ilocano
dumumog,tagalog
hagu,cebuano
"kuluríti, kulurítis",cebuano
balinsúngag,cebuano
lipay,tagalog
kitaen,ilocano
maipanggep,ilocano
himumúg-ot,hiligaynon
silíndro,hiligaynon
parmaseutiko,tagalog
walang-pagpipigil,tagalog
Hesus,cebuano
posible,cebuano
sabuhin,tagalog
hanaw,cebuano
salip-ing,cebuano
mamumuno,cebuano
mabalumbon,tagalog
patay,cebuano
kaubanan,cebuano
nawa-nawa,tagalog
pliti,cebuano
tabúnun,cebuano
abog,tagalog
pwinti,cebuano
súlhay,hiligaynon
tambilágaw,cebuano
himuon,cebuano
rumán,hiligaynon
agsicco,ilocano
hálus,cebuano
kantidad,cebuano
ruarna,ilocano
gátud,hiligaynon
tacupan,ilocano
mamuo,tagalog
saliw,tagalog
bantútut,hiligaynon
gana,tagalog
kalamita,tagalog
kagung,cebuano
humpay,tagalog
dibusiyun,cebuano
samadi,cebuano
masakyan,tagalog
salmuníti,cebuano
petrolyo,cebuano
suliyaw,cebuano
awitan,tagalog
palansa,cebuano
halatang-halata,tagalog
"ungus-ungus, ungus-úngus",cebuano
luyloy,tagalog
saan a nacainanama,ilocano
agaluad,ilocano
laswa,cebuano
agngan,cebuano
pagdapig,cebuano
katluan,cebuano
búdhaw,hiligaynon
tumabas,tagalog
luplop,tagalog
murpína,cebuano
waráwag,hiligaynon
nakar,tagalog
awaten,ilocano
pag-undang,cebuano
lingabngab,cebuano
lapis,ilocano
búngkag nga ítlog,hiligaynon
himúgtoy,hiligaynon
tarimaanen,ilocano
doktrina,tagalog
kasalansang,tagalog
benda,tagalog
kabahin,cebuano
mahalay,cebuano
kinadalus,ilocano
higpit,cebuano
ngemti,ilocano
yantas,tagalog
walâ,hiligaynon
pag-undang,cebuano
iskorer,tagalog
paglangay-langay,cebuano
bayyec,ilocano
bunggalan,tagalog
matalas ang mata,tagalog
pakita,tagalog
balanyain,tagalog
salukan,tagalog
pinakamalaki,tagalog
pannacabingay-bingay,ilocano
pacdaar ti agturay,ilocano
pag-atiman,cebuano
awanan asi,ilocano
halakotón,hiligaynon
panyulon,cebuano
panti,cebuano
dula-dula,cebuano
hanót-hánot,hiligaynon
magkatinga,tagalog
keik,cebuano
"baksiwâ, baksíwà",hiligaynon
saksi,cebuano
agsuec,ilocano
ipahawan,tagalog
sahô,hiligaynon
ad-adayo,ilocano
bawi,tagalog
makicadua,ilocano
mamali,tagalog
trumpeta,ilocano
manaliksik,tagalog
kaugalingon,cebuano
laklak,cebuano
údak,hiligaynon
tig(←),cebuano
hangtod sa,cebuano
magsuma,tagalog
bubon,ilocano
kapootan,tagalog
hulusayon,cebuano
mapoot,tagalog
ulnubayanin,tagalog
dibino,tagalog
sa ganito,tagalog
sílik,hiligaynon
nakikita,cebuano
"luyat, lúyat",cebuano
balibol,tagalog
pagkasibo,cebuano
lagumba,tagalog
pagmahal,cebuano
gakút,hiligaynon
wala,cebuano
suwertihin,tagalog
pag-salop sa adlaw,cebuano
trilyon,cebuano
ibabawi,ilocano
pinuhin,tagalog
pasayloan,cebuano
tinahud,cebuano
bída,cebuano
matuguton,cebuano
pandayen,ilocano
playwit,cebuano
sánag,hiligaynon
benggatibo,tagalog
bulagáw,hiligaynon
pahaw,cebuano
kinadayagan,cebuano
motugina,cebuano
sakatehán,hiligaynon
maipagbili,tagalog
matadíru,cebuano
tiunay,cebuano
pagkasuko,cebuano
buwa nga maaslum,cebuano
buang,cebuano
Gayon pala,tagalog
alumbayad,ilocano
agsasaruno a panagpaltug,ilocano
alamid,tagalog
pagbugguan,ilocano
untik,tagalog
tistisin,tagalog
panghari,tagalog
ikitikit,ilocano
gumagang iti sabali a daga,ilocano
ímung,cebuano
agsardeng,ilocano
yawa sa kahakog,cebuano
kriminal,cebuano
panghihikayat,tagalog
resetaryo,tagalog
gúnaw,hiligaynon
balaan,tagalog
biya,cebuano
kúraw,cebuano
madulom,cebuano
aliparo,tagalog
uyamin,tagalog
halimpapáw,hiligaynon
nasipnget,ilocano
halambálon,hiligaynon
birgansúsa,cebuano
salípsip,hiligaynon
pagsanting,tagalog
baul,cebuano
madisgrasya,tagalog
rehasan,tagalog
tisa,cebuano
napasindayaw,ilocano
"himán-híman, or himánhimán",hiligaynon
daigin,tagalog
hámno,hiligaynon
salúbong,hiligaynon
sándol,hiligaynon
taksinilya,cebuano
hámbal,hiligaynon
kabulagsakan,tagalog
kawla,cebuano
pinagmulan,cebuano
carabucob,ilocano
tulud,cebuano
kinasalimetmet,ilocano
nagawan,ilocano
babasaen,ilocano
tambakan,tagalog
nabacnang,ilocano
"saríg, sárig",hiligaynon
pagkamatngon,cebuano
hungíhung,cebuano
kama ng lupa,tagalog
resistensiya,tagalog
alas kwatru,cebuano
lamec,ilocano
magpagaralgal,tagalog
demonyohon,cebuano
magtuwang,tagalog
kuwentong-bibit,tagalog
arapaap,ilocano
sagúmboy,hiligaynon
ulín,hiligaynon
nahulog,tagalog
pautang,cebuano
alihid,cebuano
dayhard,cebuano
mokalma,cebuano
nasalun-at,ilocano
Pagaramidan iti linteg idiay Inglatera,ilocano
kisdung,cebuano
garányon,hiligaynon
cadua,ilocano
pagsalakay,tagalog
gamay,tagalog
paratangan,tagalog
bása,hiligaynon
"sa-otán, saotán",hiligaynon
masurot,tagalog
magpabagong-buhay,tagalog
mahalata,tagalog
magpabataan,tagalog
dalángin,cebuano
itsa,cebuano
gutling,cebuano
lambáruk,cebuano
laktaw,tagalog
lavandera,ilocano
palaaral,tagalog
súmpa,hiligaynon
sinikup,cebuano
bilídlon,hiligaynon
talyer,cebuano
tikyáub,cebuano
pagkasaba,cebuano
daláhig,cebuano
gáhit,hiligaynon
agpapada,ilocano
saklub,cebuano
may pusong malupit,tagalog
túwang,cebuano
pigketan,ilocano
bíding,hiligaynon
agummong,ilocano
baldósa,hiligaynon
mapangahas,tagalog
hibo,tagalog
gúpud,hiligaynon
ibili,tagalog
panikluhod,tagalog
pakigkombuya,cebuano
saríit,hiligaynon
Astatin,tagalog
pinaagi sa,cebuano
bohók-bóhok,hiligaynon
walang-kamantsa-mantsa,tagalog
tiliwen,ilocano
pulgada,tagalog
disso a pangisardengan iti lugan,ilocano
mapasuot,tagalog
gúpuk,cebuano
maysa a banag,ilocano
magkabyaw,tagalog
kaayusan,tagalog
bulugásan,hiligaynon
dagidiay,ilocano
bútlog,hiligaynon
dili ligdong,cebuano
ayay,cebuano
mataas na matematika,tagalog
mananalumpati,tagalog
hungáy-hungáy,hiligaynon
muskatil,cebuano
pagpatulog,cebuano
salanlágan,hiligaynon
sángyà,hiligaynon
tarà,cebuano
agára,cebuano
gulam,cebuano
hudíng-húding,hiligaynon
walang-kaimik-imik,tagalog
maputi,cebuano
pamitik,tagalog
súngo,hiligaynon
pagsasawsaw,tagalog
langisan,tagalog
gahom,cebuano
mini,cebuano
silid,ilocano
lapirot,tagalog
tupok,tagalog
taka,tagalog
bandílà,cebuano
daghan ug,cebuano
túkud,cebuano
patotohanan,tagalog
higúgma,hiligaynon
tiis-tiisin,tagalog
daplin,cebuano
whisky,tagalog
nacaay-yo,ilocano
mag-ukyabit,tagalog
magpormal,tagalog
magsusi,tagalog
astrologo,tagalog
súblang,hiligaynon
parasyunan,tagalog
bangketa,tagalog
daiti,tagalog
bóy-on,hiligaynon
mga batan-on,cebuano
dikit,cebuano
bayábas,hiligaynon
abot-tingin,tagalog
malasado,tagalog
halákhak,hiligaynon
bidbidan,ilocano
imbakan,tagalog
nagpangidlap,cebuano
garud,cebuano
arbularyu,cebuano
sursír,hiligaynon
sisíwa,hiligaynon
kaladángan,cebuano
kawalang-lakas,tagalog
hamút-ay,hiligaynon
lapad,cebuano
usap,cebuano
nasapulan,ilocano
timang,cebuano
sekretaryo,tagalog
no casta,ilocano
ligay,cebuano
mapupungay (na mga mata),tagalog
singiren,ilocano
trumpet,tagalog
súg-an,hiligaynon
singkit,tagalog
búlwang,hiligaynon
kumbinsiyun,cebuano
marahuyo,tagalog
magturo,tagalog
pagkawalang-katarungan,tagalog
"hwád, hwád-hwád",hiligaynon
pagsiddaawen,ilocano
banquete,ilocano
makipagtalo,cebuano
erupsyon,tagalog
dili malumsan,cebuano
managalsa,ilocano
dimalas,cebuano
panangyarig,ilocano
nalinac,ilocano
alibung-ubong,ilocano
makahihilap,cebuano
uhugin,tagalog
napakapandak,tagalog
permiso,tagalog
naay-ayam,ilocano
ingkorporada,tagalog
imbabaw,tagalog
dandang,tagalog
bilog,tagalog
palamang,tagalog
magkatagop,tagalog
brudklut,cebuano
pamimilit,tagalog
diyosnon,cebuano
saan a naragsac,ilocano
diyutay pa,cebuano
sábung,cebuano
kailanan,tagalog
nalatac,ilocano
úgbo,hiligaynon
kasirúla,cebuano
sa labing madali,cebuano
hiphip,tagalog
katapusan,cebuano
tagdumala sa basahonan,cebuano
nangato,ilocano
mahigit sa,tagalog
pasok,tagalog
balaklaot,tagalog
leper,tagalog
hámpak,hiligaynon
balak-ang,cebuano
pangutana,cebuano
likod,cebuano
rumúy-rúmuy,hiligaynon
magkarimutan ng takbo,tagalog
pagdason,cebuano
tayom,tagalog
pagbubulaybulay,tagalog
lunod,cebuano
magparikit,tagalog
hingúko,hiligaynon
pagkisdum,cebuano
aclo,ilocano
mangyari'y,tagalog
maglublob,tagalog
paglikay,cebuano
naragsac,ilocano
sa maraming lugal/lugar,tagalog
lukut,cebuano
balinghoy,tagalog
"ululúson, ululusón",hiligaynon
amarilyu,cebuano
baliktarin,tagalog
kibal,tagalog
nabanglo,ilocano
nalinday nga aweng,ilocano
nakapagpapalakas,tagalog
gastahin,tagalog
agar-aramid iti plano,ilocano
pangpatay,cebuano
de-taripa,tagalog
maggraun,tagalog
isapit; ilucon,ilocano
lumaya,tagalog
subsik.,cebuano
pagmumuni-muni,tagalog
angayan,cebuano
rábong,hiligaynon
eksplanasyon,tagalog
tubig-tubig,tagalog
benggansahin,tagalog
ipasdec,ilocano
hurá-húra,hiligaynon
papaitin,tagalog
Halikayo,tagalog
ahitin,tagalog
paligsahan sa laro,tagalog
rugit,ilocano
lingla,cebuano
daan sa,cebuano
calub,ilocano
ugánot,hiligaynon
kutsero,tagalog
tagumbul,cebuano
galíng,hiligaynon
panunoten,ilocano
bádbad,hiligaynon
tukodtukod,cebuano
pumukpok,tagalog
magkumamot,tagalog
hayahay,cebuano
siligpúton,hiligaynon
saan a napintas,ilocano
pagbubungkal,tagalog
sóod,hiligaynon
piston,tagalog
palitan ng bago,tagalog
lubrikahan,tagalog
ulay,tagalog
magbigay-katwiran,tagalog
penominal,tagalog
bukádkad,hiligaynon
iray,ilocano
ilhanan,cebuano
makaon,cebuano
lam-ang,cebuano
rededór,hiligaynon
"ródia, rodiá, ródya, rodyá",hiligaynon
bakal na pundido,tagalog
antígu,cebuano
duslak,cebuano
pasaklolohin,tagalog
ikandado,cebuano
pagkalabnit,tagalog
yuko,cebuano
kalibri,cebuano
pistula,tagalog
bitligón,hiligaynon
litania,tagalog
prinsísa,cebuano
bahaging hating-krus,tagalog
di-pagkasama,tagalog
píud,cebuano
lata,cebuano
turnu,cebuano
bahín-báhin,hiligaynon
umasug,ilocano
pagsabwag,cebuano
maunat-unat,cebuano
amahan,cebuano
katarukan,cebuano
pasukan,cebuano
pighati,tagalog
hámyang,hiligaynon
kwadra,cebuano
baybayon,cebuano
puccaw,ilocano
banyá-bánya,hiligaynon
barinúgan,cebuano
gumapos,tagalog
sípit,hiligaynon
padasen,ilocano
hakain,tagalog
hîhî,hiligaynon
agsasaruno,ilocano
awanan rason,ilocano
mabiit,ilocano
pasalakayin,tagalog
konsumo,tagalog
balabáwan,hiligaynon
nalipatan,ilocano
pirma,cebuano
sintru,cebuano
instruksyon,tagalog
udhak,cebuano
balasahin,tagalog
kitaen,ilocano
sipít,hiligaynon
hómok,hiligaynon
talged,ilocano
puroc,ilocano
cuscosan,ilocano
matinahuron,cebuano
ilong-lawin,tagalog
dala-dala,tagalog
rebbeng,ilocano
pagkapanatiko,tagalog
pagkahuman,cebuano
káhà,cebuano
lagsaw,cebuano
pinagtungulan,tagalog
katalagman,cebuano
masiaw,cebuano
magsuka,tagalog
hapóhap,hiligaynon
metalik,tagalog
babassit a banag a saan a makita ti mata,ilocano
hinug,cebuano
sóysoy,hiligaynon
sa amin,tagalog
tigtultol sa lingkoranan,cebuano
iyakan,tagalog
garanátsa,hiligaynon
paglalatak,tagalog
imbúdu,cebuano
bangbanglo,ilocano
pagka-estorbo,tagalog
sakraménto,hiligaynon
biglang-sikat,tagalog
sayaw,cebuano
sagúyud,cebuano
gibik,tagalog
paset,ilocano
bulung-ita,tagalog
paghanapbuhayan,tagalog
daotan og dungog,cebuano
resident,tagalog
panumpaang pahayag sa saksi,cebuano
napù,cebuano
karselero,tagalog
bulahín,hiligaynon
hinagiban,cebuano
hugáw,hiligaynon
mahal,cebuano
karpinteriya,tagalog
itapa,tagalog
pagkudlit,cebuano
bukayo,tagalog
maglabu-labo,tagalog
simsim,cebuano
sokóng,hiligaynon
manood,tagalog
síglo,hiligaynon
pagtinda,cebuano
pagsusulsi,tagalog
talaguy,cebuano
palabawi,tagalog
pagdurubdob,tagalog
hínlò,hiligaynon
areglo,tagalog
pangilába,cebuano
lamhung,cebuano
magbabaril,tagalog
pagsulay,cebuano
abot,tagalog
hagúbhub,hiligaynon
pagkahili,tagalog
patirik,tagalog
bírù,cebuano
alad sa mga mananap,cebuano
lintúwad,cebuano
lagadlad,tagalog
caipapanan,ilocano
mabangasan,tagalog
independensiya,tagalog
kurtinahan,tagalog
burikínta,hiligaynon
dispras,tagalog
súyak,hiligaynon
tinga,tagalog
asúkar,cebuano
nasabon,ilocano
yalis,ilocano
nabileg,ilocano
kulapo,tagalog
huling-rekurso,tagalog
braso,cebuano
pagdumili,cebuano
ripára,hiligaynon
sótsot,hiligaynon
pagkamasusi,tagalog
mahait kun mahalang og sulti,cebuano
barayóbay,hiligaynon
abain,tagalog
harang (ang tainga),tagalog
eskapularyo,tagalog
anúnas,cebuano
agas,ilocano
lawa-lawaon,cebuano
baldosa,ilocano
tumaol,ilocano
tangyad,cebuano
palayaw,tagalog
"mana, mána",cebuano
saláysay,hiligaynon
sinimana,cebuano
managgundaway,ilocano
paggibik,tagalog
"sigarílyas, sigarílyo",hiligaynon
sili,tagalog
iliw,ilocano
bulungkawayán,hiligaynon
síngkal,hiligaynon
gawù,cebuano
himulág,hiligaynon
sungkul,cebuano
garbánso,hiligaynon
kabalintunaan,tagalog
dagsà,cebuano
ayta,cebuano
kompesalan,cebuano
laki,cebuano
bangkalang,tagalog
uliten,ilocano
hulugan,tagalog
báyut,cebuano
Mason,tagalog
ugút,hiligaynon
naricado,ilocano
pagsira,cebuano
"hagbay, hagbáya",cebuano
agulo,cebuano
kabakas,tagalog
kaisipan,cebuano
naylun,cebuano
bahain,tagalog
garapón,hiligaynon
despatsador,tagalog
paghuhulo,tagalog
"pukat, púkat",cebuano
apapángig,cebuano
piryudiku,cebuano
bayhónan,hiligaynon
koko,cebuano
isalda,ilocano
"bilangkad, bilangkat",cebuano
álak,cebuano
palucnongen,ilocano
kaningningang metaliko,tagalog
binéras,hiligaynon
utokan,cebuano
madaling kahalataan,tagalog
sekánte,hiligaynon
basál,hiligaynon
hupút-húput,hiligaynon
panagbiag,ilocano
magdalamhati,tagalog
platero,ilocano
mapatapak,tagalog
antigo,cebuano
silíbton,hiligaynon
mamitlo,ilocano
labing daotan,cebuano
hatag,cebuano
sipapartac,ilocano
yahong,cebuano
hangilóng,hiligaynon
úlang,hiligaynon
pagkatigil,tagalog
kinaagtutubo,ilocano
kamutin,tagalog
balakilan,tagalog
pag-uugmaan,tagalog
ikeddeng,ilocano
kangkang,tagalog
magtotohanan,tagalog
hangaan,cebuano
halalungán,hiligaynon
pagladlad,cebuano
subri,cebuano
panghimaraut,cebuano
hanap,cebuano
kostal,tagalog
bulang,cebuano
pagkakahugpong,tagalog
tagpi,cebuano
tambù,cebuano
katingad-an,cebuano
paglaom-laom,cebuano
patik,cebuano
kantonero,tagalog
katesismo,cebuano
ulutangón,hiligaynon
buyo,cebuano
iraman,ilocano
pagbibitaw,tagalog
pagang,cebuano
pagkip-os,cebuano
paggisap,tagalog
diksyunaryo,tagalog
kíyut,cebuano
sulámbaw,hiligaynon
"hingápus, hingapús",hiligaynon
tanyag,cebuano
ikstra,cebuano
disapíyu,cebuano
salig,cebuano
bawóg,hiligaynon
dagsin,tagalog
magsaayos,tagalog
rurok,tagalog
diri,tagalog
húnghung,hiligaynon
saana maibilang,ilocano
rabanít,hiligaynon
butás,hiligaynon
bika,tagalog
barikin,tagalog
umiksamen,tagalog
kurog,cebuano
mabungi,tagalog
matalino,cebuano
hárang,cebuano
kapal ng mukha,tagalog
sidô,hiligaynon
pukuy,cebuano
pintuho,tagalog
humút,hiligaynon
mapagbiro,tagalog
ipakipagpalitan,tagalog
alikáti,cebuano
"lingay, língay",cebuano
makabawi,tagalog
ngíaw,cebuano
súlung,hiligaynon
bangkil,tagalog
"bakyâ, bákyà",hiligaynon
banád,hiligaynon
palakáya,cebuano
pagdaig,tagalog
balik-balik,cebuano
hilóong,hiligaynon
sa ubos,cebuano
insiyenso,tagalog
ublung,cebuano
sigasig,tagalog
buntul,cebuano
salap,tagalog
pagsabukay,tagalog
isardeng,ilocano
hibál-an,hiligaynon
lutuen iti urno,ilocano
salungasingen,ilocano
gitlib,cebuano
tumabil,tagalog
nakikilala,tagalog
lupagi,tagalog
ebidente,tagalog
angut,ilocano
pála,cebuano
sumilab,tagalog
irag,cebuano
"gámsa, gámson, etc.",hiligaynon
sáblok,hiligaynon
balásbas,hiligaynon
tsampoy,tagalog
hutál,hiligaynon
tuba,tagalog
maramay,tagalog
sapnin,tagalog
agulbod,ilocano
pagtantiya,tagalog
ipalgac,ilocano
siga,cebuano
padanuman,ilocano
satanas,cebuano
kopya,cebuano
sumbag,cebuano
bánsag,hiligaynon
pammati,ilocano
istanyu,cebuano
agnanayon,ilocano
awisen,ilocano
háklap,hiligaynon
ibaling,tagalog
birisbiris,cebuano
masapote,tagalog
pambabala,tagalog
gam-anan sa salapi,cebuano
kumatas,tagalog
ipamigay,tagalog
ipecsa,ilocano
umbaw,cebuano
hadlok,cebuano
susmariusép,hiligaynon
bistído,hiligaynon
asukar,cebuano
magbetubeto,tagalog
magusot,tagalog
pagsaipen,ilocano
kaha,tagalog
sandaigdigan,cebuano
ululián,hiligaynon
agdama,ilocano
glorióso,hiligaynon
nag-ulbong sa kasuko,cebuano
malahininga,tagalog
kabútan,cebuano
alicamen,ilocano
hilisgutan,cebuano
biád-ad,hiligaynon
humulagpos,tagalog
taganas,tagalog
manlawud,cebuano
ibaga,ilocano
yamyam,cebuano
takaw-apoy,tagalog
pananagano,tagalog
talagsaon,cebuano
surungen sabten,ilocano
bádlit,hiligaynon
lubot,cebuano
maawa,tagalog
agbat,cebuano
pasapurti,cebuano
labihan kadako,cebuano
santíta,cebuano
Hey!,tagalog
"waóg, wa-óg",hiligaynon
dili seguro,cebuano
malabagákay,cebuano
sadiyà,cebuano
pagtahud,cebuano
giya,tagalog
singut,cebuano
túbuk,cebuano
wasí,hiligaynon
bulutlákan,hiligaynon
portyun,tagalog
iinis pagkasulat,cebuano
nangato,ilocano
ipunas,tagalog
binitaray,cebuano
sulagót,hiligaynon
bilás,hiligaynon
punto,cebuano
cablaawen,ilocano
pangginggi,tagalog
mataas ng matang,cebuano
molakat,cebuano
pagdighay,tagalog
bíngat,hiligaynon
kapatas,tagalog
buntag,cebuano
pagdumot,cebuano
kinatured nga agaramid iti nagubsang,ilocano
tingkala,tagalog
plastik,tagalog
aginana,ilocano
ipagpaliban,tagalog
singil,cebuano
paguyon,cebuano
libre,cebuano
bágtol,hiligaynon
ilibing,tagalog
angkak,tagalog
pampatamlay,tagalog
propriedad,tagalog
cancanen,ilocano
hágdò,hiligaynon
pagsulod,cebuano
lechugas,ilocano
balás-baláson,hiligaynon
panultihon,cebuano
súndò,hiligaynon
apus,cebuano
asukarero,tagalog
magubtanon,cebuano
sámbat,hiligaynon
alabútun,cebuano
"úlì, ulî",hiligaynon
sagáhay,hiligaynon
saksakan,tagalog
pangicaat iti pudot panangupay,ilocano
agawen,ilocano
agababel,ilocano
babaúgon,hiligaynon
kuwadrado,cebuano
kinaulpit,ilocano
hawud,cebuano
likmù,cebuano
nangabang,cebuano
nugnog,tagalog
ikonsulta,tagalog
libro,ilocano
timpuyog,ilocano
makipagsalitaan,tagalog
maigalis,ilocano
palítu,cebuano
kur-ispunsur,cebuano
"yâyâ, yayâ",hiligaynon
tambuli,tagalog
ighahapak,cebuano
halinub-un,cebuano
Lakad na!,tagalog
ubús,hiligaynon
rámbing,hiligaynon
tunggal maysa,ilocano
galagala,tagalog
magatod,tagalog
"hinalam, hinálam",cebuano
pagkakorta-bista,tagalog
palag,cebuano
kumbirs,cebuano
regatón,hiligaynon
kágà,cebuano
ihayang,tagalog
magkukulit,cebuano
isigan,tagalog
ina ng ilog,tagalog
mantil,cebuano
tumba,cebuano
lappedan,ilocano
uban,cebuano
piitan,tagalog
pagdaog,cebuano
punson,tagalog
biál,hiligaynon
bukáyò,hiligaynon
di-mabisa,tagalog
tanda,tagalog
gayyem,ilocano
kas-a,cebuano
karampatan,tagalog
hâhâ,hiligaynon
íbay,cebuano
paragos,tagalog
pagkasira ng loob,tagalog
saríri,hiligaynon
ruleta,tagalog
pitu,cebuano
nalucmeg,ilocano
búad,hiligaynon
apartment,tagalog
drowingin,tagalog
ibalakid,tagalog
súbuk,cebuano
burágwit,hiligaynon
bolabola,tagalog
matulig,tagalog
pagkakatitig,tagalog
mulistiya,cebuano
baníg,hiligaynon
pagpatay sa/ng kapwa,tagalog
serdî-sérdì,hiligaynon
sagay,tagalog
mahigalaon,cebuano
lansakin,tagalog
casapulan,ilocano
barakáng,hiligaynon
dumakila,tagalog
tulag,ilocano
layagin,tagalog
timec,ilocano
bálus,hiligaynon
uvas,ilocano
akostiks,tagalog
balisíng,hiligaynon
magbulanglang,tagalog
búug,cebuano
pannakicadua,ilocano
nacalugan,ilocano
súngkù,hiligaynon
unat,cebuano
atubili,tagalog
barangay,cebuano
binúang,hiligaynon
pamamalo,tagalog
tagbak,cebuano
pagkaibis,tagalog
suysuy,cebuano
hating-globo,tagalog
pedal,tagalog
"sagábay, sagabáy",hiligaynon
pagsisiyasat,tagalog
masiglang-masigla,tagalog
supón,hiligaynon
haráy-háray,hiligaynon
bikíl,hiligaynon
may-utak,tagalog
awate,ilocano
primíru,cebuano
hítad,hiligaynon
pagkaumay,tagalog
burút-búrut,hiligaynon
mamamayong,tagalog
tulongan,ilocano
baláyan,hiligaynon
irihis,cebuano
hanayhay sa bukid,cebuano
mainit-init,cebuano
tagulaylay,tagalog
girámon,hiligaynon
bobohán,hiligaynon
kanape,tagalog
agsabsabong,ilocano
hulágok,hiligaynon
masireb,ilocano
amat,cebuano
haguros,cebuano
pangligwat,cebuano
hióm,hiligaynon
nabuang,cebuano
sáma,cebuano
asukalan,tagalog
ilemmeng,ilocano
pinuon ti capas,ilocano
pumaknit,tagalog
pandiyama,tagalog
"súd-ong, súd-ung",hiligaynon
ngata,tagalog
pitser,tagalog
mahimong adtuon,cebuano
sulápuk,hiligaynon
pagtambang,tagalog
bado - pagturog,ilocano
utrohon,cebuano
nagulo,ilocano
iswim,cebuano
maglinawan,tagalog
balay sa mga ilo,cebuano
tamping amihanan,cebuano
matyagan,tagalog
úsuk,cebuano
kalag,cebuano
hamúot,hiligaynon
súsyo,hiligaynon
patinggana,ilocano
pamisliun,cebuano
sukaranan,cebuano
sumulúnud,hiligaynon
sang,hiligaynon
dungandúngan,cebuano
alig-alig,cebuano
awan,tagalog
santa lusíya,cebuano
cadua,ilocano
iplag,tagalog
rámids sil,cebuano
silangan,cebuano
paglabay,tagalog
halón,hiligaynon
pagtudlo,cebuano
rókmol,hiligaynon
cabsat,ilocano
sangap,tagalog
lamikmik,tagalog
biglang-yaman,tagalog
kahoy,cebuano
agay-aywan cadagiti libro,ilocano
pagsidhi,tagalog
mag-ulat,cebuano
pagbag-o,cebuano
sarita a sarita,ilocano
garsa,tagalog
kimis,tagalog
dackel,ilocano
tinuyo,tagalog
mabaskog,cebuano
layat,cebuano
saan a pudno,ilocano
sálmon,hiligaynon
duso,cebuano
adu a kita,ilocano
irugi,ilocano
bukas,cebuano
magpalingus-lingos,tagalog
paggutom,tagalog
bassit,ilocano
ream,tagalog
novia,ilocano
kiyaw-kiyaw,tagalog
sikwayán,hiligaynon
agrucbab,ilocano
espada sa baraha,cebuano
umabuloy,tagalog
basanlot,tagalog
napudno,ilocano
sipat,tagalog
pagbalik,cebuano
nagkalain-lain,cebuano
hingálag,hiligaynon
salagakád,hiligaynon
nabatad,ilocano
tagna,cebuano
rondilyong panligis,tagalog
tumigmak,tagalog
isabid,tagalog
paghangal,cebuano
ligpit,cebuano
mainsulto,tagalog
suspendér,hiligaynon
magkasalisi,tagalog
gubán,hiligaynon
kumpirinsiya,cebuano
duladula sa gugma,cebuano
bulos,tagalog
iapela,tagalog
kap-us,cebuano
sámpay,hiligaynon
langgíti,cebuano
pangungunot ng noo,tagalog
nawala,cebuano
palsipikar,cebuano
madrina,cebuano
suktunon,cebuano
túlug,cebuano
tikay-ang,cebuano
gásto,hiligaynon
ihap,cebuano
baruso,tagalog
sikat,cebuano
lawak,cebuano
súnug,hiligaynon
lungay,cebuano
malitok,cebuano
sandayong,cebuano
casango,ilocano
digo,ilocano
duna,cebuano
pigsang-daga,tagalog
barakuda,tagalog
sámbit,hiligaynon
obalado,tagalog
sibatin,ilocano
di-mahihinagap,tagalog
ngumanga,tagalog
alakbat,tagalog
makagat,tagalog
nakulong ng niyebe,tagalog
impurmǎl,cebuano
basilika,tagalog
halhag,cebuano
wagat,ilocano
kastigador,tagalog
pagbibinyag,tagalog
silaw sa kandila,cebuano
yunâ,hiligaynon
bam-i,cebuano
makapagpatahimik,tagalog
magpakapal,tagalog
húbad,hiligaynon
suntukin,tagalog
súrip,hiligaynon
masamong,cebuano
hayag,cebuano
góos,hiligaynon
búskag,hiligaynon
sungbat,ilocano
asintahin,tagalog
ligpit,cebuano
pusang-babae,tagalog
tirása,cebuano
maglapa,tagalog
kasanhian,tagalog
utita,tagalog
ismágul,cebuano
tangan,ilocano
supremo,tagalog
lumansi,tagalog
plín,cebuano
maulol,tagalog
libot-libot,cebuano
sumisikat,tagalog
kalimutan,tagalog
amúti,cebuano
saulu,cebuano
katulong (mga -),tagalog
kumungkumung,cebuano
kasapitan,tagalog
tawong duhay asawa,cebuano
labit,cebuano
bulwágan,hiligaynon
imitador,tagalog
bagko,tagalog
panggepen,ilocano
tomar,cebuano
paglalakwatsa,tagalog
kaya,tagalog
kanaog,cebuano
terorismo,tagalog
enamorado,tagalog
piyesta,tagalog
managana,tagalog
wukitúki,cebuano
bigyang-pansin,tagalog
binuhahâ,hiligaynon
alisngaw,cebuano
titik sa lubong,cebuano
isagad,tagalog
kita ti panagluto,ilocano
umpukan,tagalog
búk-an,hiligaynon
kaalam,cebuano
alpabeto,tagalog
inapo,tagalog
Eskoses,tagalog
dili mamatay,cebuano
pagsul-ob,cebuano
bidáhon,hiligaynon
wala'y utlanan,cebuano
angil,tagalog
tumama,tagalog
warásag,hiligaynon
nalinong,ilocano
alkitran,cebuano
kaatbang,cebuano
butngen,ilocano
mapanagan-on,cebuano
nagbitay,cebuano
baláybay,hiligaynon
palikíru,cebuano
giha,tagalog
wala'y gidapigan,cebuano
kada usa,cebuano
nakillo,ilocano
susi,tagalog
abaga,cebuano
lina,cebuano
uglai,ilocano
himáyà,hiligaynon
nakaiiyak,tagalog
tighik,cebuano
isang lunok,tagalog
tumulak,tagalog
girí-girí,hiligaynon
makalunas,tagalog
sin-adán,hiligaynon
Abr.,cebuano
ingkanto,cebuano
pan-sinudlan,cebuano
tela-metalika,tagalog
mag-abang-abang,tagalog
batok sa,cebuano
talmeg,ilocano
pag-alagad,cebuano
paghikbi,tagalog
agar-aramid,ilocano
gúng-an,hiligaynon
beladahan,cebuano
kwadro,cebuano
katigayonan,cebuano
hungkad,cebuano
timuri,cebuano
búldok,hiligaynon
soklóban,hiligaynon
tagolilong,cebuano
salot,cebuano
linigan,tagalog
wagwag,cebuano
nakaluyloy,tagalog
hasendéro,hiligaynon
bisung,cebuano
kaibsan,tagalog
hingáp-us,hiligaynon
lumutin,tagalog
hulungawan,cebuano
wardámids klím,cebuano
salsa,cebuano
yababa,ilocano
paglakaw,cebuano
pelicula,ilocano
pasakayan,tagalog
hándok,hiligaynon
matuguton,cebuano
obstetrics,tagalog
"halalabán, halalában",hiligaynon
tagadikdik,tagalog
iswis,cebuano
adornohan,tagalog
"tagasak, tagásak",cebuano
minuyogan,ilocano
uwígik,cebuano
riyal,cebuano
kutson,cebuano
kasagwaan,tagalog
Kuwarisma,tagalog
paghiangay,cebuano
bokwanán,hiligaynon
pagkamainam,tagalog
pugdol,cebuano
karpinteria,tagalog
nawása,cebuano
salálpan,hiligaynon
iyot,cebuano
paghanay,cebuano
paghulam,cebuano
kumbirtǐr,cebuano
kapiot,cebuano
magtiayon,cebuano
kípì,cebuano
kaibigan,tagalog
tawagan,tagalog
magna,ilocano
rantso,tagalog
agsusupadi,ilocano
puyat,tagalog
tuko,tagalog
hacienda,ilocano
ingit,tagalog
haróy-haróy,hiligaynon
guapa,cebuano
patawad,tagalog
gabáng,hiligaynon
sangyaw,cebuano
pumariyan,tagalog
ipatuman,cebuano
múra,cebuano
bálud,cebuano
pagbalaka,cebuano
isahin,tagalog
búknol,hiligaynon
pamuuin,tagalog
pagsignit,cebuano
gabe,tagalog
bantugan,cebuano
súluk,hiligaynon
angot,ilocano
pilot,cebuano
Misa Aginaldo,tagalog
pugot,tagalog
itiman,tagalog
tulnecan,ilocano
pagkadasmag,cebuano
distinsiyon,tagalog
sóbra,hiligaynon
bilyansíko,hiligaynon
apellido,ilocano
patol,cebuano
kendi,tagalog
libayan,cebuano
kwalipikar,cebuano
bákud,hiligaynon
sepilyo sa ngipin,tagalog
sarita,ilocano
sukol,tagalog
biníklan,hiligaynon
tinagoan,cebuano
ayda,cebuano
"katalug, katalugu",cebuano
ipabilanggo,tagalog
mamaibabaw,tagalog
sákol,hiligaynon
bálo,hiligaynon
corbata,ilocano
agbantay,ilocano
ayudahan,tagalog
magkasundo,tagalog
kabtangan,cebuano
arigláda,cebuano
panganay,cebuano
sumikad,tagalog
masalanta,tagalog
binalatung,cebuano
rakrak,cebuano
álan,cebuano
pasyunarya,cebuano
istiryo,tagalog
immuna,ilocano
malambot,tagalog
pagkaulianin,tagalog
"gágmay, gagmáy",hiligaynon
huyús,hiligaynon
pumanaw,ilocano
empatsado,tagalog
nakasalang,tagalog
nacaay-ayat,ilocano
mangalos,tagalog
istupida,cebuano
banyaga,cebuano
hutbaw,cebuano
nabrodkast,tagalog
batok sa ataki,cebuano
himúlbul,hiligaynon
ipatalos,tagalog
ráha,hiligaynon
údhà,hiligaynon
pulsuhan,tagalog
iccaten,ilocano
paglistaan cadagiti maipapilit nga agsoldado,ilocano
bókhon,hiligaynon
pulilan,tagalog
kuwitib,tagalog
apol,cebuano
gituohan,cebuano
sugál,hiligaynon
nána,cebuano
kuguson,cebuano
gumaya,tagalog
tambok kaayo,cebuano
hupot,cebuano
carera,ilocano
síngkì,hiligaynon
balahíbo,hiligaynon
tuklud,cebuano
baligya,cebuano
luyahon,cebuano
isu-amin,ilocano
tiglingaw,cebuano
tigbantay,cebuano
mulino,tagalog
natangig,ilocano
"hiwálà, panghiwálà",hiligaynon
gilapdon,cebuano
abtik,cebuano
iwígik,cebuano
wáklì,hiligaynon
taga bukid,cebuano
antad,cebuano
tahanan,tagalog
kamatayan,tagalog
bulohaton,cebuano
"súbul, sóbol",hiligaynon
gurámos,hiligaynon
girigíta,hiligaynon
gambala,tagalog
pag-irog,cebuano
bíkul,cebuano
macaisubli,ilocano
garámpà,hiligaynon
krokis,tagalog
kulapíti,cebuano
pagbuburol,tagalog
damag,ilocano
bukatód,hiligaynon
bilitayón,hiligaynon
bunáng,hiligaynon
úkut,hiligaynon
"twis, twist",cebuano
katugin,tagalog
bagódbod,hiligaynon
pulot-sasa,tagalog
puhonan,cebuano
layit wit,cebuano
igsisimhot,cebuano
kursilyo,tagalog
palasingsingan,tagalog
lugwà,cebuano
pislayit,cebuano
maicaniwas nga aramid,ilocano
ining,tagalog
pákal,cebuano
lapis,cebuano
tanda,ilocano
masama,cebuano
paungeten,ilocano
gutíba,cebuano
dis-ug,cebuano
lesbya,tagalog
itus-ítus,cebuano
tapwak,cebuano
urganista,cebuano
bangkil,cebuano
"badiáng, bádiang",hiligaynon
magkahalo,tagalog
tumadtad,tagalog
maestorbo,tagalog
masuag,tagalog
karo,tagalog
hangó,hiligaynon
dágang,cebuano
aparato,tagalog
sibabalicas,ilocano
apatia,tagalog
dumagit,tagalog
tigpanuop,cebuano
alampayan,tagalog
di-patag,tagalog
aluminum,cebuano
húpit,cebuano
calasag,ilocano
ngisi,cebuano
tiil,cebuano
asuc,ilocano
hurágon,hiligaynon
pagkabayani,tagalog
patawaran,tagalog
sabongan,cebuano
(to be),ilocano
agmay-maysa,ilocano
una pa,cebuano
armikat,cebuano
lalo sa lahat,tagalog
abri,cebuano
ianod,tagalog
gumanda,tagalog
papha,cebuano
ikaupat ang takna,cebuano
pirmi,cebuano
magdanas,tagalog
managpaliiw,ilocano
latero,ilocano
hingúlì,hiligaynon
sánglit,hiligaynon
labà,cebuano
ispaltu,cebuano
krus raypul,cebuano
alkitranan,tagalog
gitadhana,cebuano
sentimos,cebuano
nga hilwas na,cebuano
matalim,tagalog
buhay,tagalog
maglaban,tagalog
peluka,cebuano
matris,cebuano
bisikléta,hiligaynon
atáki,cebuano
ulasón,hiligaynon
salalók,hiligaynon
pabalintuwad,tagalog
glosaryo,tagalog
síbag,hiligaynon
tagultul,cebuano
despatsado,tagalog
yardahan,cebuano
pagkadili hingpit,cebuano
tirúti,cebuano
bát-aw,hiligaynon
kapling,cebuano
pakong-aspili,tagalog
wág-as,hiligaynon
agáhad,cebuano
intíru,cebuano
íkit,cebuano
mali,tagalog
sab-itan,cebuano
labot-labot,cebuano
baláni,cebuano
"balók-han, balókhan",hiligaynon
aramid,ilocano
manul,cebuano
linù,cebuano
liban,tagalog
bálà,hiligaynon
balitaan,tagalog
apurahin,tagalog
kadal-ug,cebuano
bágis,cebuano
sikawaló,hiligaynon
mapaglihim,tagalog
lalang,tagalog
nigatib,cebuano
bulahaw,tagalog
pagtatap,cebuano
nafino,ilocano
"kahug, káhug",cebuano
kapaklahan,tagalog
hulúng-húlung,hiligaynon
nagukisan,ilocano
sáwsaw,hiligaynon
panagsilpo,ilocano
pungan,ilocano
halimbawáan,hiligaynon
langsa,cebuano
pigil,tagalog
tunga1,cebuano
magkasalungat,tagalog
mauwawon,cebuano
hibla,tagalog
agbuybuya,ilocano
pabuya,ilocano
yapá-yapá,hiligaynon
maglabas,tagalog
pagtagad,cebuano
sakla,tagalog
ispiragus,cebuano
punggi,tagalog
alimúkaw,cebuano
Huwebes,cebuano
lanut,cebuano
padiktan,tagalog
kalipláwir,cebuano
magrepaso,tagalog
nakasukbit,tagalog
disaprobahan,tagalog
girnáldas,hiligaynon
burugáhay,hiligaynon
cappo,ilocano
pasan,tagalog
hululátan,hiligaynon
nangisit; ballatinaw,ilocano
hapáy,hiligaynon
síut,cebuano
súkò,hiligaynon
bitikbitik,cebuano
yundô-yúndò,hiligaynon
bag-ong tuig,cebuano
balisbísan,hiligaynon
kisul,cebuano
bulíyus,cebuano
puli,tagalog
aglaclaco,ilocano
anting-anting,ilocano
pakikipagsulatan,tagalog
súbwan,hiligaynon
turing,tagalog
báhot,hiligaynon
masama ang ulo,tagalog
kahugot,cebuano
hunáw,hiligaynon
munasilyo,tagalog
serbilyeta,cebuano
papel a pacakitaan iti gargaret ti vapor,ilocano
kaagi,cebuano
narugit maisupiat iti nasayaat a cababalin,ilocano
pagmalditaan,ilocano
pakurus-kurus,tagalog
kalagiman,tagalog
hilo,tagalog
presidente,cebuano
aguyas,ilocano
ráhà,hiligaynon
callid,ilocano
palubos,ilocano
Buweno!,tagalog
katutubong ugali,tagalog
góom,hiligaynon
súndon,hiligaynon
patungan,tagalog
tonohan,tagalog
kumpas,cebuano
tumbaga,tagalog
paliiwen,ilocano
hiringga,cebuano
pasiyun,cebuano
hiligugmáon,hiligaynon
favór,hiligaynon
pagimalditan,ilocano
panaglibac,ilocano
áp lay,cebuano
adlaw-adlaw,cebuano
iprisinta,tagalog
pagpausbaw,cebuano
kring,cebuano
pagpapahina ng loob,tagalog
pahatid,tagalog
tígis,cebuano
salabutanon,cebuano
búgan,cebuano
magkatipun-tipon,tagalog
kablegrama,cebuano
ginsakpan,cebuano
ti sabali,ilocano
nalalapit,tagalog
pagsira,cebuano
pagbibintang,tagalog
sawsyung,cebuano
inuyonan sa tanan,cebuano
naubon a sabsabong,ilocano
pagbisita,cebuano
palakaon,cebuano
kaisog,cebuano
anting-anting,ilocano
mababago,tagalog
agasan,ilocano
pampaligaya,tagalog
tuluyan,tagalog
manggamot,tagalog
ngamay,tagalog
sandipa,tagalog
swákì,cebuano
bigól-bigól,hiligaynon
úyab,cebuano
bininlan,cebuano
halla,cebuano
"aliputu, alipútu",cebuano
lalangin,tagalog
dulon,ilocano
sisi,tagalog
bilyar,cebuano
bagók,hiligaynon
simána,hiligaynon
nacuneng,ilocano
pantay,cebuano
pálas,cebuano
angep,ilocano
bítos,hiligaynon
húgnit,hiligaynon
banságon,hiligaynon
nanibsib,cebuano
siwag,cebuano
itaas,cebuano
manghamak,tagalog
n. maicadua,ilocano
medyo,tagalog
kilala,tagalog
pagpugos,cebuano
pagtrabahuhin,tagalog
libing,tagalog
"híso, hísò",hiligaynon
pagpahid,tagalog
Satanas,cebuano
nila,cebuano
mahugaw,cebuano
agtim-og,ilocano
úgtas,hiligaynon
kakabtangan,cebuano
dibáti,cebuano
"salimagaw, salimágaw",cebuano
komadrona,tagalog
magdahunog,cebuano
panagibalicas,ilocano
pannacadutoc,ilocano
dako kaayo,cebuano
warâ,hiligaynon
kinauyokan,cebuano
pausway,cebuano
dalaga,cebuano
kíbul,cebuano
ang mga,cebuano
piritusan,tagalog
saynatin,tagalog
timbangtimbangon,cebuano
gináhab,hiligaynon
nakatutuwa,tagalog
peregrino,tagalog
halayô,hiligaynon
lána,cebuano
kagaanan ng katawan,tagalog
magtulad,tagalog
katyubung,cebuano
alang-álang,cebuano
hiyawasa,cebuano
okey lang,cebuano
dimunstradur,cebuano
prutiksiyun,cebuano
usap-usapan,tagalog
pagsangkot,tagalog
milyon,cebuano
pagsunud-sunurin,tagalog
magpaarenda,tagalog
karawagan,tagalog
pulbura,cebuano
uray ania,ilocano
lindug,cebuano
natulog,cebuano
mirkádu,cebuano
martir,ilocano
pakiyaw,tagalog
talukbuy,cebuano
kanggaru,cebuano
hinakot,tagalog
rábuls,cebuano
busìsì,cebuano
naladingit,ilocano
háplak,hiligaynon
pananglimo,ilocano
tumirador,tagalog
talungan,cebuano
lum-it,cebuano
may sala,cebuano
ridaw,ilocano
tagapangasiwa ng/sa bahay,tagalog
bohók,hiligaynon
magbola,tagalog
hurobadán,hiligaynon
magkasala-salabid,tagalog
paligsahan,cebuano
búgtot,hiligaynon
magkumpisal,tagalog
pagtuybo,cebuano
pungngen,ilocano
karo,cebuano
duplikador,tagalog
panglungkab,cebuano
mag-iban,cebuano
pamilok,cebuano
kapnayin,tagalog
entablado,ilocano
paraw,cebuano
damagan,cebuano
ngumakngak,tagalog
lamo,tagalog
sádsad,hiligaynon
bumalántay,hiligaynon
pabaylo,cebuano
paglulungad,tagalog
halaláran,hiligaynon
tukod,cebuano
lapisa,tagalog
magkasanib,tagalog
pagsangguni,tagalog
grado,ilocano
habagatan,cebuano
panagpacpacaasi,ilocano
kamal,tagalog
diitan,tagalog
wala'y kinatawo,cebuano
higál,hiligaynon
tabukánon,hiligaynon
monarka,cebuano
buwag,tagalog
patasan,tagalog
paghan-ay,cebuano
paglulumpon,tagalog
mala,cebuano
balay para sa bisita,cebuano
gimáw,hiligaynon
rilisiyun,cebuano
rimatse,tagalog
pangandoy,cebuano
pagkuhit,tagalog
n reloj,ilocano
pistul,cebuano
daton,ilocano
panangasalungasing,ilocano
sangcasacmal,ilocano
prudyúsir,cebuano
"hawin, háwin",cebuano
"uligâ, ulígà",hiligaynon
gumbul,cebuano
pilipíti,cebuano
managibales,ilocano
balúskay,hiligaynon
gomón,hiligaynon
angkla,tagalog
haum,cebuano
asikot,tagalog
agtigerger,ilocano
rambacan,ilocano
panghalina,tagalog
hatuddulús,hiligaynon
duyan,cebuano
aduna,cebuano
lingil,tagalog
sikí,hiligaynon
tigi,cebuano
matapilok,tagalog
sálas,cebuano
mang-obliga,tagalog
faról,hiligaynon
hutluk,cebuano
gago,cebuano
bartolina,tagalog
banwag,cebuano
bungkal,tagalog
babaonen a babai,ilocano
hanap,cebuano
apendiks,cebuano
Samaryum,tagalog
sagarin,tagalog
sagádsad,hiligaynon
tunton,tagalog
samag-kahulogan,cebuano
matindi,tagalog
"bukas, búkas",cebuano
risidídu,cebuano
Kumpisal,tagalog
gahut,cebuano
salamwánan,hiligaynon
hukod,tagalog
kumaldag-kaldag,tagalog
bigkisin,tagalog
itukso,tagalog
kapaphaan,cebuano
pagtutubo,tagalog
lalat,ilocano
kamisadentro,tagalog
larawan,tagalog
paluwal,tagalog
magkaagwat,tagalog
magbanlat,tagalog
suluwayón,hiligaynon
nahan-ok,cebuano
pagupit,tagalog
anarkismo,tagalog
batid,cebuano
pansut,cebuano
yagpis,cebuano
alkaide,tagalog
hanumúg,hiligaynon
buhion pag-usab,cebuano
haot,tagalog
pag-uugoy,tagalog
sablig,cebuano
tunglo,cebuano
gansilyu,cebuano
baratáan,hiligaynon
kinagamayan,cebuano
ukulele,tagalog
bal-ót-bál-ot,hiligaynon
tin-aw,cebuano
pagadalan ti umili,ilocano
halaman,cebuano
lampas,cebuano
dili masayup,cebuano
tortilya,cebuano
antem,tagalog
karete,cebuano
di-napagsasalubungan,tagalog
barirá,hiligaynon
gluryúsu,cebuano
magkamit,tagalog
hagutak,tagalog
hubû,hiligaynon
kahibulongan,cebuano
skate,ilocano
pagsulod,cebuano
babai a pangulo ti caman,ilocano
dulurúsu,cebuano
regulár,hiligaynon
hurúng,hiligaynon
labnaw,cebuano
mangtas,cebuano
mobalibad,cebuano
dilema,tagalog
awanan iti sursuro,ilocano
balatían,hiligaynon
bankíte,hiligaynon
hilít,hiligaynon
simpátiko,hiligaynon
diosesis,tagalog
kútu,cebuano
"relihiósa, -o",hiligaynon
pinakamasama,tagalog
wala'y pagkasayop,cebuano
gitla,tagalog
galamitón,hiligaynon
magtamad-tamaran,tagalog
lamang,tagalog
tubo,tagalog
panting,cebuano
gwántes,hiligaynon
bukád,hiligaynon
magpigil,tagalog
pamusian,ilocano
"atb., atbp.",tagalog
kudrísu,cebuano
balak,tagalog
mangilid ang luha,tagalog
mangupahan,tagalog
paibog,cebuano
anemik,tagalog
sagábal,cebuano
bayad sa pagpatay,cebuano
kyúkus,cebuano
indihestiyon,tagalog
hanggaw,cebuano
bumulubok,tagalog
magkarga,tagalog
pagbuot,cebuano
angga,cebuano
palapuri,tagalog
hamúl,hiligaynon
pag-ayaw-ayawin,tagalog
balilinhan,cebuano
saan a nactalna,ilocano
nagsusapinday,cebuano
ipabasa,tagalog
malupagi,tagalog
hudnu,cebuano
halaman,tagalog
maulagon,cebuano
hiól,hiligaynon
ibatas,tagalog
ipempen,ilocano
waswas,cebuano
paghitabo,cebuano
sángput,hiligaynon
babagin,tagalog
hiníti,cebuano
bungkálas,hiligaynon
sísu,cebuano
mangumpra,cebuano
gasat,ilocano
naiwara,ilocano
bukog,cebuano
pahayagan,tagalog
limang-yuta,tagalog
kadaber,tagalog
nasyon,tagalog
tighugas og plato,cebuano
ulpot,cebuano
pagkahimaling,tagalog
yata,tagalog
mabilis na pagpasok,tagalog
paninirang-puri,tagalog
leksikon,tagalog
magul-anon,cebuano
matuparan,tagalog
pagduwal,tagalog
mang-angkin,tagalog
maglagdaan,tagalog
ikibáli,cebuano
pag-ilanglang,tagalog
pag-ani,cebuano
hukód,hiligaynon
bángto,hiligaynon
mannakicadua,ilocano
detensiyon,tagalog
pag-inut-inutan,tagalog
pag-agwanta,cebuano
baying-baying,cebuano
kalisang,cebuano
obrero,tagalog
kitikiti,tagalog
tapangan,tagalog
vapor,ilocano
iskapaturya,cebuano
súkat,cebuano
anting-anting,ilocano
islang,tagalog
anibersaryo,tagalog
propagandista,tagalog
gahom,cebuano
mahuyang,cebuano
magtagumpay,tagalog
pagwariin,tagalog
inusa,cebuano
kibot,cebuano
bunlutin,tagalog
muhon,cebuano
tagabunsod,tagalog
bísta,hiligaynon
marawak,tagalog
subirbíya,cebuano
dampa,tagalog
tanghagaon,cebuano
gapasen,ilocano
dili kapugngan,cebuano
manulay,tagalog
"sáuì, sauî",hiligaynon
sagó,hiligaynon
manuba,tagalog
hugay,cebuano
wala'y pagbantay,cebuano
ambisyúsu,cebuano
hota,tagalog
kubol,tagalog
sumálà,hiligaynon
tunghaan sa kabataan,cebuano
mag-alilis,tagalog
pilakan,tagalog
buto,cebuano
sagip,tagalog
ibalibang,tagalog
onse,cebuano
rókò,hiligaynon
adios!,cebuano
mitsádu,cebuano
pagluwas,cebuano
ibabaw,cebuano
higmáw,hiligaynon
úgsod,hiligaynon
tanud,cebuano
destinasyon,tagalog
pagkatuok,cebuano
bakayáw,hiligaynon
tabís,hiligaynon
panlitok,cebuano
kudlis,tagalog
regaluhan,tagalog
ikyut,cebuano
hatag,cebuano
amang,tagalog
hiwasâ,hiligaynon
sapayán,hiligaynon
pag-usab,cebuano
gunit,cebuano
agbangir,ilocano
ablihi,cebuano
bagón,hiligaynon
mabinbin,tagalog
batakán,hiligaynon
síyak,hiligaynon
pang-agad,cebuano
balánì,hiligaynon
agussob ussoban,ilocano
girdul,cebuano
pagbahin,tagalog
tatlumpuin,tagalog
sakit,ilocano
pagpapabalat,tagalog
gípak,hiligaynon
sanauná,hiligaynon
huáy,hiligaynon
bugnutin,tagalog
gumatas,tagalog
búdul,hiligaynon
lumubha,tagalog
garót,hiligaynon
sipî,hiligaynon
sulimpat,tagalog
nag-inusara,cebuano
maipasdec,ilocano
mahigpit na irekomenda,tagalog
úlay,cebuano
maninoy,cebuano
kasoy,tagalog
gupit,cebuano
pagbubuo,tagalog
pagsanta,cebuano
mamasangal,tagalog
pagarian nga iturayan ti ari,ilocano
parbo,ilocano
buya,ilocano
buong pagmamahal,tagalog
pugtas,cebuano
publiko,cebuano
magbaso,tagalog
dutdot,tagalog
ipaamot,tagalog
tituluhan,tagalog
pakikipagtiyap,tagalog
casta met,ilocano
malpagadur,cebuano
banúyo,hiligaynon
buraán,hiligaynon
magkakapatid,tagalog
singli,tagalog
uban,cebuano
mahagaron,cebuano
irpákit,cebuano
bangúd,hiligaynon
hayag,cebuano
sámri,hiligaynon
ipatpateg,ilocano
hindi kailanman,tagalog
yalis,ilocano
baybay-an,ilocano
unsa,cebuano
kartero,cebuano
akawntant,tagalog
amay,cebuano
garáhe,hiligaynon
sári,hiligaynon
"upay, úpay",cebuano
sagutin,tagalog
pag-ikis-ikis,cebuano
marawal,tagalog
síngkì,hiligaynon
sacsi,ilocano
pautang,tagalog
makaalpas,tagalog
botílya,hiligaynon
pisti,cebuano
brongkonyumonya,tagalog
sangúwà,hiligaynon
mimyugrap,cebuano
pang-aalipin,tagalog
saburán,hiligaynon
pingga,tagalog
limandas,tagalog
katul,cebuano
pasahíru,cebuano
pyungkut,cebuano
nalungsot,ilocano
plúris,cebuano
kalutkut,cebuano
layagin,tagalog
mapatuyangon,cebuano
mahal,tagalog
calawikwik,ilocano
sucog,ilocano
seminarísta,hiligaynon
di-nagsisisi,tagalog
tagilo,tagalog
makuyaw,cebuano
tugaw,cebuano
sandamak,tagalog
allilawen,ilocano
pangkabuhayan,tagalog
sargáte,hiligaynon
layagan,tagalog
dayungyung,cebuano
culcolen,ilocano
buggaítan,hiligaynon
bungdáyan,hiligaynon
tistimunyu,cebuano
bubón,hiligaynon
alak,cebuano
batid sa makina,cebuano
siyung,cebuano
pagsasalakayan,tagalog
seryo,tagalog
culibangbang,ilocano
píyu,cebuano
mabagal,tagalog
magpabaile,tagalog
sumanglad,ilocano
kíim,cebuano
mabait,tagalog
pasyensiya,tagalog
buwa,cebuano
dilantu,cebuano
lamang,cebuano
magmekap,tagalog
siguro,cebuano
"hagung, hágung",cebuano
unang panahon,tagalog
malinis,cebuano
panumbaling,cebuano
pagsasalat,tagalog
nangil-ad,cebuano
idayaw,ilocano
pagkadalo,tagalog
hangitan,cebuano
nabarayuboy,ilocano
pagkakasama-sama,tagalog
"ulít-úlit, ulít-ulít",hiligaynon
paludpod,tagalog
mabiit a mauram,ilocano
bomba,cebuano
awanan sakit,ilocano
pagsaritaan,ilocano
bágu,cebuano
mabagdoyon,cebuano
talinupsan,cebuano
hubog,tagalog
busel,ilocano
súngil,cebuano
ugma,tagalog
Arhentum,tagalog
galut,cebuano
úgtas,hiligaynon
matinguhaon,cebuano
lasog,tagalog
loro,tagalog
"abughu, abughù",cebuano
kinabacnang,ilocano
basol,ilocano
minero,ilocano
paglipay,cebuano
batalya,cebuano
isasupot,tagalog
lumalabay,cebuano
agparang iti pabuya,ilocano
lumay,cebuano
gara,tagalog
esperma,tagalog
magdirihi,tagalog
sampiyun,cebuano
pagamit,tagalog
umangkop,tagalog
nasiglat,ilocano
sekretuhan,tagalog
sararát,hiligaynon
habunero,tagalog
tubig-tabang,tagalog
panagmaga,ilocano
bumulatlat,tagalog
agbatanggudaw,ilocano
saks,cebuano
súngì,cebuano
chassis,tagalog
kainit,cebuano
katukoran,cebuano
tularan,tagalog
kaanak,tagalog
garacgac,ilocano
magtsinelas,tagalog
pannacayanac iti imatang ti linteg,ilocano
sapilyu,cebuano
cosina,ilocano
dustain,tagalog
panahon sa Pasko,cebuano
tuklap,tagalog
eskuwela,tagalog
panagbaniaga,ilocano
salawahan,tagalog
naninget,ilocano
magbutones,tagalog
guyamin,tagalog
bulitsi,cebuano
ganting-paratang,tagalog
lining,tagalog
panghihinawa,tagalog
panggilasan,tagalog
panaygon,cebuano
akayan,tagalog
enggaste,tagalog
para,cebuano
supirbisur,cebuano
sundanan,cebuano
"seradór, seradóra",hiligaynon
sismograpo,tagalog
linulyum,cebuano
awanan iti bain,ilocano
bumulag,tagalog
saguy,cebuano
kalkal,tagalog
pasuut-suot,tagalog
moangka,cebuano
Ondras,tagalog
hambula,tagalog
giwâ,hiligaynon
maot,cebuano
magbanli,tagalog
pulpog,cebuano
paghipig,tagalog
kaminero,tagalog
pagyabangan,tagalog
Pentekostes,tagalog
dili huot,cebuano
pag-ampo,cebuano
magsiguro,tagalog
labigan,cebuano
guryon,tagalog
nagkahingkod,cebuano
paghaya,tagalog
halangdon,cebuano
salídhay,hiligaynon
pagdaot-daot,cebuano
kabang,cebuano
magpalumagak,tagalog
dinaugdaog,cebuano
lapnit,tagalog
asido,tagalog
bóyboy,hiligaynon
agúngal,cebuano
cine,ilocano
mataktika,tagalog
salíid,cebuano
bánlas,hiligaynon
ubág,hiligaynon
bulag,cebuano
gúmud,hiligaynon
háon,hiligaynon
mahalikan,tagalog
idestino,tagalog
kalagkag,tagalog
naaabala,tagalog
úban,hiligaynon
bombáy,hiligaynon
pagkapahiya,tagalog
"kalimutaw, kalimútaw",cebuano
bonbonon,cebuano
prun,tagalog
talimangmang,tagalog
panagmaymaysa,ilocano
lunok,tagalog
hampil,cebuano
balintiyak,tagalog
palikero,tagalog
lampin,cebuano
bitinan,tagalog
kisì,cebuano
huéting,hiligaynon
pagbatayan a wayat,ilocano
singkol,tagalog
sígne,hiligaynon
kalambigas,tagalog
magkapulikat,tagalog
sine,cebuano
mayik,cebuano
baliwan,ilocano
"nyura, nyúra",cebuano
patay-gutom,cebuano
karsones,cebuano
bákal,hiligaynon
lingaw,tagalog
tábid,hiligaynon
kakatuwang tao,tagalog
pagtitigis,tagalog
sakaán,hiligaynon
úgpong,hiligaynon
lipot,cebuano
hubo,cebuano
agpada,ilocano
plurdilis,cebuano
nalamiis,ilocano
magsimpan,tagalog
tinawen,ilocano
mahingi,tagalog
dumngeg,ilocano
dukit-dukit,tagalog
dapit,cebuano
marcha,ilocano
tsís,cebuano
sama sa,cebuano
hayop,cebuano
bantúdan,hiligaynon
hingilin,cebuano
kleptomania,tagalog
tagumpay,tagalog
siang,cebuano
gidayeg,cebuano
suyod,tagalog
tubag,cebuano
pag-isahin,tagalog
pumasok,tagalog
awan patingga,ilocano
obra-maestra,tagalog
managbaliw nacuti,ilocano
súg-o,hiligaynon
hulíp,hiligaynon
tabok-hunahuna,cebuano
patulinin,tagalog
transaksyon,tagalog
pagkakait,tagalog
húk-ab,hiligaynon
pag-igig,tagalog
dakong balay,cebuano
sinyas,cebuano
kamisíta,cebuano
cari,ilocano
hapsay jun pino og pamatasan,cebuano
kadlawon,cebuano
kasantuhan,tagalog
asuhin,tagalog
gipo,tagalog
kasabik-sabik,tagalog
tersero,tagalog
burok,tagalog
susog,tagalog
walang-kapaki-pakiramdam,tagalog
búlya-búlya,hiligaynon
Desyembre,cebuano
madaganan,tagalog
argolya,tagalog
kul-ap,cebuano
paghubas,cebuano
magbata,tagalog
tonsil,tagalog
búyok,hiligaynon
samakatwid,tagalog
alámag,cebuano
búlit,cebuano
lamain,cebuano
entremetido,tagalog
tábag,hiligaynon
obitwaryo,tagalog
kutsítis,cebuano
nacascasdaaw,ilocano
baliw,tagalog
kalisuhan,tagalog
tig-atiman,cebuano
hurnuhin,tagalog
Junio,ilocano
gihó-gího,hiligaynon
makuping,tagalog
kúrug,cebuano
pirtilaysir,cebuano
puday,cebuano
lagutmun,cebuano
bálaw,cebuano
panahon sa berbo,cebuano
bahin,cebuano
magpapangit,tagalog
íhaw,cebuano
balay paugnatanan,cebuano
carcarna,ilocano
pisara,cebuano
húlug,hiligaynon
dukut,cebuano
hustung-husto,tagalog
pulangkì,cebuano
magkasalapi,tagalog
inkompleto,tagalog
pagdasig,cebuano
nanam-ay,ilocano
panagtitinulong,ilocano
hablahan,tagalog
mapagtutol,tagalog
obserba,tagalog
policia,ilocano
sitahin,tagalog
sumuco,ilocano
kahustuhang-gulang,tagalog
salapiin,tagalog
nakaikom,tagalog
pilok,cebuano
burághal,hiligaynon
lantern,tagalog
súgat,hiligaynon
lakansugo,tagalog
kabahin lamang,cebuano
absisa,tagalog
siled,ilocano
ilaw,cebuano
salamangkahin,tagalog
kanukay,cebuano
magseguro,tagalog
malusog,tagalog
balani,tagalog
pannacaibalud,ilocano
pamigkis,tagalog
ayungin,tagalog
kapitan ng sakit,tagalog
aspirin,tagalog
pildi,cebuano
mapatingin,tagalog
sigalutan,tagalog
trafficker,tagalog
masetera,tagalog
hapon,cebuano
birgatinya,cebuano
malig-on,cebuano
pagkamanhid,tagalog
mawalan ng interes,tagalog
tengnga ti adlaw,ilocano
caaya-aya,ilocano
tangkilikin,tagalog
sukút,hiligaynon
gisugdan,cebuano
napipikel,ilocano
pasitib,cebuano
katig,cebuano
úbus,hiligaynon
balwarti,cebuano
salíksik,hiligaynon
mimika,tagalog
sabong panlaba,tagalog
salibóbò,hiligaynon
udagán,hiligaynon
nag-abang,cebuano
kana,cebuano
kaabin,cebuano
harag,cebuano
sayásat,hiligaynon
surumbálì,hiligaynon
cabingay,ilocano
pagkawat,cebuano
laing,cebuano
pagbakak,cebuano
pagkakapagtaboy,tagalog
ang yawa,cebuano
sáid,hiligaynon
humalukipkip,tagalog
pananaghoy,tagalog
síkag,hiligaynon
sirisimána,hiligaynon
sikulatihan,tagalog
batong hiyas,tagalog
Ang Ispiker,tagalog
iladawan,ilocano
nayalad a mulmula,ilocano
sámpaw,hiligaynon
bastón ni San Hosé,hiligaynon
pagpangatarungan,cebuano
saruk,cebuano
sumalákdag,hiligaynon
dihádu,cebuano
tatluhin,tagalog
tignay,ilocano
inasnan,tagalog
pumpon,ilocano
lalaki,ilocano
pagmamatyag,tagalog
polosirt,tagalog
agabel,ilocano
wala'y kamatayon,cebuano
tintura de yodo,ilocano
wala'y timik,cebuano
duyog,tagalog
aydi,cebuano
naalsem,ilocano
magpatong ng singil,tagalog
búngkag,hiligaynon
saóg,hiligaynon
tumikin,tagalog
pamuno-lalawigan,cebuano
búgras,hiligaynon
magtungayaw,tagalog
awasin,tagalog
danguynguy,cebuano
"luwak, lúwak",cebuano
aruro,tagalog
akme,tagalog
alipustain,tagalog
kawalang-awa,tagalog
bilóng-bilóng,hiligaynon
pagkagayon,tagalog
latitod,cebuano
sakwa,tagalog
dakot,tagalog
maglarawan nang labis,tagalog
kunstruksiyun,cebuano
nakauklo,tagalog
hunong,cebuano
gayod,cebuano
taytay,cebuano
labadúra,cebuano
paghanduraw,cebuano
bumigla,tagalog
dakong kadaot,cebuano
gilas,tagalog
mga banandi,cebuano
halukhuk,cebuano
pata,tagalog
karíti,cebuano
paktu,cebuano
bakus,cebuano
yaguyágu,cebuano
gasti,cebuano
buga,cebuano
kinalabes,ilocano
puccaw ti ragsa,ilocano
restawran,tagalog
dangdang,cebuano
pagsardengen,ilocano
ratipikasyon,tagalog
taol,ilocano
kaiksaktuhan,tagalog
pakantud-kantod,tagalog
layo kaayo,cebuano
nagpespesan nga unas,ilocano
putden,ilocano
masabtunon,cebuano
pangsaborno,ilocano
subboten,ilocano
nunsiyo,tagalog
agitit,tagalog
kinutlo,cebuano
panggep,ilocano
pag-anad,cebuano
hiphip,tagalog
limitar,cebuano
dignidad,cebuano
suhol,cebuano
matalurok,tagalog
nagagem,ilocano
petaca,ilocano
marpil,tagalog
pamantasan,tagalog
pagtilaw,cebuano
bakaman,tagalog
naigo,cebuano
pangdaogdaog,cebuano
mapakisap,tagalog
magulo,tagalog
búrus,hiligaynon
nanaw,cebuano
isangkalan,tagalog
Arabe,tagalog
malasakitan,tagalog
Helo,tagalog
kítid,cebuano
pagpasa,tagalog
pirsunáhi,cebuano
yátì,hiligaynon
sundutin,tagalog
bás-ing,hiligaynon
maldisiyun,cebuano
sawsaw,tagalog
yúpis,cebuano
tudluan,cebuano
sakwat,cebuano
lawlaw,tagalog
pangamuyo,cebuano
bahaón,hiligaynon
pabalatan,tagalog
tarabáhu,cebuano
sáko,hiligaynon
búntal,hiligaynon
kinaadu,ilocano
háblog,hiligaynon
buntul,cebuano
padronin,tagalog
ilublob,tagalog
largahan,tagalog
súbwag,hiligaynon
ipatupad,tagalog
siniudád,hiligaynon
istilmit,cebuano
gawang-masama,tagalog
gisante,cebuano
filosofía,hiligaynon
ligta,tagalog
agballigi,ilocano
bagong yaman,cebuano
norte,cebuano
patighawin,tagalog
pahimakas,tagalog
kasikbit,cebuano
ipaw-it,ilocano
básil,hiligaynon
buak,cebuano
lusno,cebuano
rispónso,hiligaynon
kinaiyahan,cebuano
kalambakod,tagalog
tihik,cebuano
unget,ilocano
akustiks,tagalog
plano,cebuano
hughug,cebuano
busúg,hiligaynon
bugwak,tagalog
panagbusbos,ilocano
panggapas,tagalog
tamburábug,cebuano
hagikgikan,tagalog
impalibilidad,tagalog
hásta,hiligaynon
baság,hiligaynon
uliten,ilocano
komun,tagalog
kadyus,tagalog
sibít,hiligaynon
simát,hiligaynon
hákyat,hiligaynon
pagsulinga,cebuano
nakit-an,cebuano
kinugos,cebuano
banáte,hiligaynon
paghubo,cebuano
panghak,cebuano
bahî-bahían,hiligaynon
maghawak,tagalog
hanáyak,hiligaynon
mag-ulianin,tagalog
may swerte,cebuano
mwistra,cebuano
para,cebuano
paglunang,cebuano
rumahuyo,tagalog
magpaiba sa hitsura,tagalog
Labas,tagalog
ihiwalay,tagalog
lawak,cebuano
nahalina,tagalog
maghugas,cebuano
hulad,cebuano
batungdáan,hiligaynon
balighot,cebuano
salawásid,cebuano
manggahasa,tagalog
diwa,cebuano
mahabagin,cebuano
tuyo,cebuano
granáti,cebuano
panaghoy,cebuano
magpadaig,tagalog
talanawon,cebuano
agianan,cebuano
tagiluyluy,cebuano
agpaay gapu la iti cuarta,ilocano
tata,tagalog
tatay,cebuano
hulapáy,hiligaynon
himpus,cebuano
salámyog,hiligaynon
bulílaw,hiligaynon
sobre,tagalog
culongan,ilocano
magpakita,tagalog
pagdili,cebuano
calaban,ilocano
sirirítan,hiligaynon
kalataan,tagalog
kategoria,tagalog
suba,tagalog
pagbabatas,tagalog
bangas,cebuano
paglapat,tagalog
húgus,hiligaynon
hághag,hiligaynon
nakaligpit,tagalog
huphup,cebuano
hulaw,cebuano
may utang,cebuano
ubos sa,cebuano
palínà,cebuano
soróso,hiligaynon
Plorin,tagalog
hángyò,hiligaynon
bumbumsag,ilocano
buang,cebuano
langgaw,cebuano
maski na,tagalog
belada,cebuano
mamsà,cebuano
nasipnget,ilocano
wirí-wirí,hiligaynon
klirk,cebuano
pukol,tagalog
pansiyadur,cebuano
kumantiyaw,tagalog
dackel,ilocano
pakilatisan,tagalog
mahimong makuha,cebuano
naicari,ilocano
manipud sadiay,ilocano
palanday,cebuano
dad-on,cebuano
hayón-háyon,hiligaynon
kompeti,tagalog
sikuláti,cebuano
buntot,tagalog
lingas,tagalog
háyà,hiligaynon
kapunongan,cebuano
binulan,cebuano
mas saba,cebuano
gáwad,hiligaynon
gakít,hiligaynon
diskusyon,tagalog
tumulog,tagalog
lumiit,tagalog
wala'y si kinsa,cebuano
gáling,cebuano
binhì,cebuano
ayohon,cebuano
kamisatsina,tagalog
manmano,ilocano
agianan,cebuano
buknul,cebuano
tukuran,tagalog
baláka,hiligaynon
torta,cebuano
biolasyon,tagalog
pamanhunon,cebuano
suwà,cebuano
"húbsan, húbson",hiligaynon
tarigagay,ilocano
panangpasayaat,ilocano
banha,cebuano
paglisan,tagalog
saynat,tagalog
luna,cebuano
sékta,hiligaynon
síkup,hiligaynon
pagtunaw,cebuano
tsuktsuk,cebuano
dinugtongan,cebuano
kauban,cebuano
salínà,hiligaynon
pag-uli,cebuano
ilugso ang puri,tagalog
bangkalawan,tagalog
hangál-hangál,hiligaynon
sugid,cebuano
rabaken,ilocano
kasinsinan,tagalog
nacuttong,ilocano
maisupadi,ilocano
dekorasyon,cebuano
cangatuan,ilocano
kapulpol,cebuano
sibâ-síbà,hiligaynon
magkaiba-iba,tagalog
mayamaya,tagalog
pungíngi,cebuano
agdadamo,ilocano
pahadlok,cebuano
búgsò,hiligaynon
paghumod,cebuano
gurús-gúrus,hiligaynon
bugnitbugnit,tagalog
tapis,cebuano
sanasans,cebuano
pagtukol,cebuano
magharina,tagalog
kasangkot,tagalog
mapagreklamo,tagalog
Antay,tagalog
klima,tagalog
wagás,hiligaynon
kuyugpus,cebuano
pakyaw,cebuano
ikatulo,cebuano
dagup,ilocano
hangtud,cebuano
Parito!,tagalog
salánggon,hiligaynon
tiaw-tiaw,cebuano
pasalig,cebuano
nakatigda,tagalog
buláng,hiligaynon
habonero,tagalog
pagpukan,cebuano
salipadparin,tagalog
ayain,tagalog
napakanipis,tagalog
halungkátay,hiligaynon
pensyonada,tagalog
napanglaw,ilocano
abot,ilocano
sustansiya,cebuano
maowawon,cebuano
pannakitinnarus,ilocano
dacsanggasat,ilocano
ilihis,tagalog
binulong ti libro,ilocano
pangangaibigan,tagalog
mangnganup,ilocano
pasa porte,cebuano
"bóg-an, bóg-on",hiligaynon
mauna,tagalog
suláb,hiligaynon
pangunahing lunsod,tagalog
piduaen a tamingen,ilocano
agila,tagalog
kuntúdu,cebuano
pagsiriban,ilocano
panangituloy,ilocano
kagana,cebuano
panagcalap,ilocano
sumubo,tagalog
kamaw,tagalog
sugilon,cebuano
hulhug,cebuano
kaligrapia,tagalog
respetar,cebuano
"búrnil, burníl",hiligaynon
inadlawng talaan,cebuano
asitgan,ilocano
líbà,cebuano
bantálà,hiligaynon
hawóng,hiligaynon
nabainan,ilocano
hawig,tagalog
húl-ab,hiligaynon
nakagugulo,tagalog
pagkakabutil,tagalog
ministru,cebuano
butítos,hiligaynon
han-ay,cebuano
higit pa,tagalog
maila,cebuano
liberalidad,tagalog
dagup,ilocano
plíbuy,cebuano
ladingit,ilocano
layagin,tagalog
makompromiso,tagalog
giunsa,cebuano
mabuni,tagalog
magkaagapay,tagalog
bulok,cebuano
"húrip, huríp-húrip",hiligaynon
immuna,ilocano
ligwa,cebuano
kawil,cebuano
hukás,hiligaynon
nalaing,ilocano
malulusob,tagalog
típu,cebuano
panagsucat,ilocano
inumin,tagalog
pangangapa,tagalog
pisa,tagalog
bulúng,hiligaynon
carit,ilocano
tibhung,cebuano
paragsaken,ilocano
dumasig,tagalog
pagsisid,tagalog
mabuti,cebuano
matamisan,tagalog
pagtaliwas,tagalog
mingming,cebuano
habúl,hiligaynon
suyo,tagalog
sókmat,hiligaynon
maghulma,tagalog
akong,cebuano
hulmahan ng sapatos,tagalog
ililok,tagalog
sabát,hiligaynon
relehiyoso,cebuano
cabaelan,ilocano
sang,cebuano
latian,tagalog
sepilyo sa sapatos,tagalog
atropya,tagalog
kita,ilocano
hilaw,cebuano
nánà,cebuano
biglang,tagalog
agtunged,ilocano
nabunga,ilocano
báwog,hiligaynon
diskusyun,cebuano
magsuweldo,tagalog
pagmithian,tagalog
ipabilanggong muli,tagalog
yútà,cebuano
ang iyang,cebuano
pangbulok,cebuano
binunálan,hiligaynon
bágras,hiligaynon
sosyolohiya,cebuano
gabúk,hiligaynon
kilo,cebuano
camison,ilocano
panagaywan,ilocano
kinatawo,cebuano
dalikdik,cebuano
sa kabila ng,tagalog
magpapatik,cebuano
mensahero,cebuano
estadyum,tagalog
siste,tagalog
ubág,hiligaynon
nakabaong-kayamanan,tagalog
kabtangan,cebuano
hukas,cebuano
ilabon,tagalog
napucaw,ilocano
likay,cebuano
riribuc iti panagdardaras,ilocano
pagsikdo,cebuano
mahinay,cebuano
suyop,cebuano
bísbol,hiligaynon
salitain,tagalog
maipapan iti lalaki,ilocano
tigpugong,cebuano
panangiduma iti puroc,ilocano
dimensyon,tagalog
húgud,hiligaynon
sukáy,hiligaynon
balanghuy,cebuano
pulido,tagalog
dagiti abbeng,ilocano
buringog,cebuano
ucraden,ilocano
masaksak,tagalog
kaniadto,cebuano
kaanyag,cebuano
ilura,tagalog
tuwalyita,tagalog
sia-sino man,ilocano
siamán,hiligaynon
panagmaymaysa,ilocano
palindayag,tagalog
pásù,cebuano
malaking hirap,tagalog
iraraut; idadarup,ilocano
mural,tagalog
"ragáak, ragaák",hiligaynon
silî,hiligaynon
salampáti,hiligaynon
súndug,hiligaynon
nacaro,ilocano
lura,tagalog
liturhiya,tagalog
sápdon,hiligaynon
pagkakasalin,tagalog
yamanan,tagalog
malta,tagalog
bulatlat,tagalog
pagka-madali,tagalog
pahingukuhan,tagalog
bútong,hiligaynon
tilis,tagalog
agdadait,ilocano
lunop,cebuano
disgrasyado,tagalog
pagsasayaw,tagalog
mabida,tagalog
hinalî,hiligaynon
ang kaulahi,cebuano
kinaranggas,ilocano
kaputol,tagalog
napasindayaw,ilocano
sumpo,cebuano
ulúpdon,hiligaynon
pagsinggit,cebuano
palugodan,ilocano
sántik,hiligaynon
pan-limbasog,cebuano
nalamuyot a gunta,ilocano
resibo,cebuano
pagtalo,tagalog
garapon,cebuano
sakit,ilocano
ibat,cebuano
dubduban,tagalog
hílo,hiligaynon
salúwal,cebuano
gintuan,tagalog
ubos,cebuano
sumbag,cebuano
rósa,hiligaynon
aturen,ilocano
kamaya,cebuano
pagbudhi,cebuano
magkuros,tagalog
kahinhinan,tagalog
lingon,tagalog
risistinsiya,cebuano
kasangka,cebuano
ligásun,cebuano
usab,cebuano
magsiklab,tagalog
kagaw,cebuano
búngkras,hiligaynon
tamak,tagalog
tulíngan,cebuano
bágtas,hiligaynon
muging,ilocano
ausensiya,tagalog
balséro,hiligaynon
hingagawón,hiligaynon
nangato,ilocano
baganíhan,hiligaynon
ulutanón,hiligaynon
natapoc; narugit,ilocano
pohas,tagalog
gúlà,hiligaynon
paghihimo,tagalog
kagikan,cebuano
botín,hiligaynon
pagpaampo,cebuano
ubús-úbus,hiligaynon
"malasádu, malasáwu",cebuano
panagbaro ti ugali,ilocano
akulitu,cebuano
ungkat,cebuano
títit,cebuano
ugayóng,hiligaynon
handang salapi,tagalog
bago,tagalog
timananan,cebuano
pala,ilocano
pamuli,tagalog
buling,cebuano
muling pagkabuhay,tagalog
munting singsing,tagalog
kisdum,cebuano
tinuig,cebuano
hanunum-u,cebuano
kawawa,tagalog
sibol,tagalog
tilitayip,cebuano
maiccatan,ilocano
watsir,cebuano
nacascasdaaw,ilocano
túkug,cebuano
bawas,tagalog
sarabánda,hiligaynon
magbihis,tagalog
mag-utos nang mag-utos,tagalog
balíkò,hiligaynon
pagduot,cebuano
gatasan,cebuano
ibubo,tagalog
desayt,tagalog
búlit,hiligaynon
rebulto,tagalog
bayóok,hiligaynon
malapit,tagalog
hibubún-ot,hiligaynon
úpas,cebuano
lutong-luto,cebuano
atrosidad,tagalog
malmalday,ilocano
písù,cebuano
higúshigús,hiligaynon
tuktok,tagalog
súag,cebuano
pungtanon,cebuano
kaláwan,cebuano
matinguhaon,cebuano
gulpihin,tagalog
rupero,tagalog
alipata,cebuano
pruteria,tagalog
latiro,cebuano
magmalipayon,cebuano
iturog,ilocano
pagkakahalo,tagalog
damulag,tagalog
cheque,ilocano
bígut,cebuano
napasindayag,ilocano
madilaw ang balat,tagalog
mantsinítas,cebuano
kiyaw,cebuano
pasaluhin,tagalog
anja cadagitoy,ilocano
basiyo,cebuano
paliwanag,tagalog
hókmong,hiligaynon
transit,tagalog
linubid,cebuano
nacunes,ilocano
talabánug,cebuano
manghula,tagalog
ikaayo,cebuano
ulusoyón,hiligaynon
pinaamo,ilocano
aguray,ilocano
kalapnit,tagalog
hinakdal,tagalog
unas,ilocano
búl-ug,hiligaynon
gakson,cebuano
magbalantay,cebuano
dumukit,tagalog
tampuug,cebuano
sampálak,hiligaynon
paos,tagalog
ig-ig,tagalog
garángan,hiligaynon
galingan nga tinuyok sa hangin,cebuano
tampalasan,cebuano
plaster,ilocano
rigat,ilocano
rematahin,tagalog
balayán,hiligaynon
sapakin,tagalog
pagbukal,cebuano
plantsahin,tagalog
wala'y katapusan,cebuano
badáho,hiligaynon
simpatika,cebuano
húgnat,hiligaynon
paghimod,tagalog
mungit,cebuano
himalitang,cebuano
mapatabsong,tagalog
pagsunod,cebuano
papag-anakin,tagalog
kambiyo,tagalog
salút,hiligaynon
kipat,cebuano
busángsang,hiligaynon
kabisadahan,tagalog
bahandíon,hiligaynon
kimpal,tagalog
bulawan,cebuano
matangos,tagalog
ulás,hiligaynon
bahay-laywan,tagalog
sibág-síbag,hiligaynon
súgat,hiligaynon
cacuyog ti babai iti gimong,ilocano
biságra,hiligaynon
saad,cebuano
sódsod,hiligaynon
suní-súni,hiligaynon
tabúl-tabúl,hiligaynon
piriko,cebuano
kaluha,cebuano
liskad,cebuano
tagal sa panahon,cebuano
pagsibya sa radyo,cebuano
fáma,hiligaynon
súkmat,hiligaynon
gumapang,tagalog
"relihiósa, -o",hiligaynon
tanga,cebuano
hasik,tagalog
pag-ayunin,tagalog
kinaluoy,cebuano
rosas,tagalog
pagpapahalaga sa sarili,tagalog
pabainan,ilocano
gúlang,hiligaynon
mapugsanon,cebuano
hanginúm,hiligaynon
tagpasin,tagalog
habol,tagalog
rirasán,hiligaynon
gebara,tagalog
asuleho,tagalog
kaparaanan,tagalog
tabugi,tagalog
pagsakit,cebuano
bagsak,cebuano
mapandaya,tagalog
galít,hiligaynon
magdiit,tagalog
ipus,ilocano
sársa,hiligaynon
manananggal,cebuano
itucad,ilocano
asing-bato,tagalog
laaglaag,cebuano
"hiurúng, hioróng",hiligaynon
butíti,hiligaynon
liad,cebuano
tadtad,tagalog
puno kaayo,cebuano
lumigaw,tagalog
hándong,hiligaynon
mangil-ad,cebuano
dámù,cebuano
aperkat,tagalog
samahan,cebuano
litob,cebuano
entregado,tagalog
paghimaraut,cebuano
piktiyur tíking,cebuano
medias ti lalaki,ilocano
mga tanum sa lasang,cebuano
magneto,tagalog
antos,cebuano
maliit na barena,tagalog
suroysuroy,cebuano
pamento,tagalog
tunay,cebuano
magbigay-kasiyahan,tagalog
balayránan,hiligaynon
dili tinuli,cebuano
pakig-(←),cebuano
tanga,cebuano
bulid,tagalog
badbarán,hiligaynon
kinatawan,cebuano
talaantasan,tagalog
diha,cebuano
anib,cebuano
káli,cebuano
istensil,tagalog
hábog,hiligaynon
pagkokomunyon,tagalog
subúng,hiligaynon
kadaldalan,tagalog
kolon,tagalog
abandonada,tagalog
masulaw,cebuano
paliiw,ilocano
hasâ-hásà,hiligaynon
bakíd-bakíd,hiligaynon
toke,tagalog
iyarig,ilocano
bastidur,cebuano
nakatapos,cebuano
lagapakan,tagalog
hugas,tagalog
pasar,cebuano
bagá-bága,hiligaynon
katapusan,tagalog
saogán,hiligaynon
baáng-báang,hiligaynon
pannakipagricna,ilocano
binalaki,tagalog
bulong,ilocano
pagpangtotan,ilocano
pagparang,cebuano
súlsug,hiligaynon
managyaman,ilocano
pagsasapi-sapi,tagalog
lawang lad-an,cebuano
modelo,ilocano
mayuskula,cebuano
iulos,tagalog
pangngangalit,tagalog
matepok,tagalog
hinglit,cebuano
napalit,cebuano
Canadyano,cebuano
komedya,cebuano
píkut,cebuano
nasapulan a naiccat ti nabusbos,ilocano
nahauna,cebuano
ang tinuboan,cebuano
pantaypantay,cebuano
kalam,tagalog
pagkawingin,tagalog
dili kanunay,cebuano
talinggab,cebuano
mangkaya,tagalog
hanting,cebuano
agbasol; agbiddut,ilocano
lay&&&,ilocano
silingan,cebuano
taguri,tagalog
kaway,tagalog
tingkù,cebuano
hángkat,hiligaynon
pirgis,ilocano
hímà,hiligaynon
balahúbà,hiligaynon
taudtaud,cebuano
atake sa puso,tagalog
pagkabitin,tagalog
cumpet,ilocano
pagpapasa,tagalog
manuligsa,tagalog
ipacadawyan,ilocano
iparangarang,ilocano
pidikab,cebuano
hanág-hánag,hiligaynon
lumang tugtogin,cebuano
lumpok,tagalog
kargada,tagalog
yúkbò,hiligaynon
lablab,tagalog
buangón,hiligaynon
uumin,tagalog
pagpangayo,cebuano
huád,hiligaynon
kakanggata,tagalog
senyor,cebuano
sa kinabuhi,cebuano
pag-adlip,cebuano
pipi,tagalog
piko,tagalog
labing maayo,cebuano
kaabiin,cebuano
ulígyat,hiligaynon
bungkag,cebuano
biddut,ilocano
"diskrayib, diskribir",cebuano
dawdaw,cebuano
kaangkan,tagalog
hilhil,tagalog
paghihimalay,tagalog
walang-katumbas,tagalog
alput,cebuano
Hun.,cebuano
bawóg-báwog,hiligaynon
trampit,cebuano
Biyernes,cebuano
pannacaliway,ilocano
tattao,ilocano
buo ang loob,tagalog
baklà,cebuano
apítung,cebuano
yawán-on,hiligaynon
pagkatibag,tagalog
iccan iti abuno a lalaki,ilocano
panagpanunot,ilocano
kini,cebuano
dayta,ilocano
ang paghalili,cebuano
malayag,tagalog
ang pagkabuto,cebuano
amba,tagalog
antipara,cebuano
baráw,hiligaynon
túlut,cebuano
maicasiam,ilocano
dahis,cebuano
hípu,hiligaynon
negosiyante,cebuano
mag-adyusan,tagalog
halatagán,hiligaynon
súr-aw,hiligaynon
sapon,cebuano
apatang taludtod,tagalog
paghihinaw,tagalog
pag-apatin,tagalog
abtik,cebuano
iukit,tagalog
awan patinggana,ilocano
gárab,cebuano
agan-an,cebuano
pagbaton,cebuano
humot,cebuano
kalatsutsi,cebuano
magsala-salabat,tagalog
bugok,cebuano
kahinaan,tagalog
magamit,tagalog
ngatuen,ilocano
comisionado,ilocano
pápang,cebuano
bilog,tagalog
walihán,hiligaynon
himumúgtò,hiligaynon
sangkawan,tagalog
paglalayo,tagalog
panagbiag ti maysa a lalaki,ilocano
ipaganggannaet,ilocano
sistéma,hiligaynon
kabanay,cebuano
magpatibuhat sa,tagalog
pulgas,cebuano
sápla,hiligaynon
tútal,cebuano
atubangan sa balay,cebuano
macabalin,ilocano
lunas,cebuano
berdúgo,hiligaynon
batbat,cebuano
matangnon,cebuano
labung,cebuano
sairen,ilocano
bigasan,tagalog
sapol,tagalog
subád,hiligaynon
pagkabahala,tagalog
tacrut,ilocano
paninibugho,tagalog
kasilagay,cebuano
magkahiwalay,tagalog
salakuban,tagalog
gana,tagalog
tinuyo,cebuano
pagyukod,tagalog
halampángon,hiligaynon
tagbaw,cebuano
háom,hiligaynon
Cristo,ilocano
paggunit,cebuano
láya,cebuano
pagbakasyunan,tagalog
bulati,tagalog
matanimin,tagalog
balót,hiligaynon
upas,tagalog
híkap,hiligaynon
nars,cebuano
narungsot,ilocano
lamigmig,cebuano
pagmubo,cebuano
dágir,cebuano
yuyó,hiligaynon
mikrupunu,cebuano
didto,cebuano
pandong,cebuano
pagtipon,cebuano
umadyos,tagalog
pagpakundanganan,tagalog
bugnawanan,cebuano
asinbato,tagalog
luwal,tagalog
bukas ang puso,tagalog
salas,ilocano
linong,ilocano
abogado nga suwitik,cebuano
bandila,cebuano
hát-hat,hiligaynon
paset,ilocano
hotel,ilocano
rigular,cebuano
labirinto,cebuano
treinta,tagalog
lupain,tagalog
pagpili,tagalog
bukag,cebuano
kurba,cebuano
di-magagapi,tagalog
balicas,ilocano
tanggi,tagalog
ilimnon,cebuano
nacasursuron,ilocano
bumulot,tagalog
íban,cebuano
pagkakaalam,tagalog
bákas,hiligaynon
santambak,tagalog
walts,cebuano
sampilong,tagalog
suál,hiligaynon
sanínà,cebuano
tanaw,cebuano
bulag,cebuano
agnanayon,ilocano
mahalal na muli,tagalog
makaluwas,cebuano
undo,cebuano
Jueves,ilocano
dusipil,cebuano
salingkápaw,cebuano
bási,cebuano
malikaskas,tagalog
bangkaagan,cebuano
alimpatakan,cebuano
bukohán,hiligaynon
sawáli,cebuano
bahay-paupahan,tagalog
bidbiran,tagalog
nagkabikil,cebuano
nalabsaw,tagalog
loob,tagalog
magsiyasat na mabuti,tagalog
sagat,tagalog
súpug,hiligaynon
tumaranta,tagalog
kalambutan,tagalog
lagi,cebuano
pag-ugmain,tagalog
pasiklap,cebuano
ugong,cebuano
dagitoy,ilocano
awanan sardeng,ilocano
beranda,tagalog
pagwawangis,tagalog
ritubádu,cebuano
ágid,cebuano
gangga,tagalog
panahon,tagalog
renta,tagalog
maysa a daniw,ilocano
bokó-bóko,hiligaynon
abilidad,tagalog
bikasan,tagalog
panagmauyong,ilocano
taquigrafo,ilocano
magpahapunan,tagalog
dayandang,tagalog
tabunuan,ilocano
lubang,cebuano
magbuo,tagalog
tandaanan,ilocano
laaw,cebuano
kurogkurog,cebuano
pagpala,cebuano
palangga,cebuano
bastidór,hiligaynon
bandéra espanyóla,hiligaynon
pangwalo,tagalog
sulisitadur,cebuano
kawalang-habag,tagalog
ríkam,hiligaynon
patalikod,tagalog
laktaw,tagalog
putong,tagalog
katipak,cebuano
hayop-gubat,tagalog
kuto,tagalog
misteryoso,cebuano
págu,cebuano
gloria,ilocano
biddut,ilocano
híram,hiligaynon
insiyenso,cebuano
caadayo,ilocano
sulyang,tagalog
kusog,cebuano
maragsang hangin,tagalog
pangilin,cebuano
panagmadi,ilocano
prakásu,cebuano
taos,tagalog
saan a mabalin,ilocano
hagahas,tagalog
eskabetse,tagalog
tabukawón,hiligaynon
pakete,cebuano
paglipas,tagalog
retratuhin,tagalog
falsificación,hiligaynon
kwámug,cebuano
pangdagan kun panghasmag tungud sa kahadlok,cebuano
pagkakalala,tagalog
mang-iwa,tagalog
sandána,hiligaynon
almundigas,cebuano
tunggain,tagalog
kalalaan,tagalog
kapiyalan,cebuano
lumilok,tagalog
bitakin,tagalog
piña,ilocano
húnong,hiligaynon
morado,cebuano
pag-ikid-ikid,cebuano
kinawat,cebuano
halhal,cebuano
hatag,cebuano
arawkarya,cebuano
búngsod,hiligaynon
lamuglamug,cebuano
letteg,ilocano
ispiho,cebuano
panyo sa li-og,cebuano
anaa sa,cebuano
wala andama,cebuano
agpangato,ilocano
búg-at,hiligaynon
sulid,tagalog
pension,ilocano
esena,tagalog
punit,tagalog
ginggun,cebuano
kanáka,cebuano
biay-biay,cebuano
paghinuklog,cebuano
tutunlan,cebuano
sospetsoso,tagalog
dosena,cebuano
baldosa,ilocano
dili baskog,cebuano
hungot,tagalog
kasalungatin,tagalog
magsigawan,tagalog
duruan,tagalog
sikundarya,cebuano
pagkatupad,tagalog
bangga,cebuano
mando,cebuano
hunghungánan,hiligaynon
marahan,tagalog
panagungar,ilocano
baláyong,hiligaynon
gapás,hiligaynon
datag,cebuano
makabihag,tagalog
lakra,cebuano
pagliit,tagalog
apagbiit a tamingen,ilocano
rekomendasyon,cebuano
sámpì,hiligaynon
utuin,tagalog
búl-ug,hiligaynon
bukel,ilocano
sulungkitáan,hiligaynon
atipaen,ilocano
gisado,tagalog
galbanisádu,cebuano
pag-usab,cebuano
yupi,tagalog
saan a nacasagana,ilocano
sonáta,hiligaynon
taong lumad,cebuano
sagun-otón,hiligaynon
nalawa,ilocano
kigtoten,ilocano
silawan,ilocano
pigsat,cebuano
dalusan,ilocano
palibutan,tagalog
paghangyo,cebuano
agladingit,ilocano
magbungkal,tagalog
mahintakutan,tagalog
bangal,tagalog
gadlas,cebuano
hubán,hiligaynon
binís-ak,hiligaynon
sihang takaran,tagalog
ipikasint,cebuano
lup-ut,cebuano
tuco,ilocano
oksidental,tagalog
ritratuhin,tagalog
kalangan,cebuano
uluyonán,hiligaynon
úling,hiligaynon
pagbayad iti panaglugan,ilocano
pasalunga,tagalog
pagtatali,tagalog
pagtukma,cebuano
kandadohan,cebuano
anim na beses,tagalog
duha,cebuano
bíngka,hiligaynon
kakaibhan,tagalog
Protaktinyum,tagalog
hakugan,cebuano
agos,tagalog
pagsapa,tagalog
mari,cebuano
hangtod sa kahangturan,cebuano
langitlangit,tagalog
batok,cebuano
kaayawan,tagalog
prisyu,cebuano
sánday,hiligaynon
ikalugod,tagalog
sidhawus,cebuano
byúti parlur,cebuano
taeng wenno lubong dagiti encantado,ilocano
boksingero,tagalog
lumáwig,cebuano
lugas,cebuano
apaw,tagalog
nagaramid contratista,ilocano
dacsanggasat,ilocano
bilbilin,tagalog
tyúpì,cebuano
bangitaw,cebuano
nasa dulo ng dila,tagalog
nagkamang,cebuano
bíyà,hiligaynon
sangka,cebuano
itom,cebuano
báhaw,hiligaynon
pintura,tagalog
pagbaot,ilocano
dagan-lukso,cebuano
magpuasa,cebuano
"súlta, sultár",hiligaynon
parulíru,cebuano
bungi,tagalog
katagalan,tagalog
bali,cebuano
apat,tagalog
biribíke,hiligaynon
wala'y respetar,cebuano
wala'y sapot,cebuano
lingkit,cebuano
byáta,cebuano
limpi,tagalog
siák,hiligaynon
eskuwadron,tagalog
tiranti,cebuano
"súb-an, etc.",hiligaynon
hiusa,cebuano
bugarut,cebuano
geim,tagalog
lumpia nga kan-on,cebuano
butete,tagalog
hugpáas,hiligaynon
magkutsara,tagalog
manaon,tagalog
kurdon,tagalog
pangitiin,tagalog
"ululúson, ululusón",hiligaynon
katuyutan,tagalog
yad-uk,cebuano
pagtatae,tagalog
úgyak,hiligaynon
yutang natawhan,cebuano
bálio,hiligaynon
mahumot,cebuano
sadino,ilocano
putot,tagalog
batugan,tagalog
itlog,cebuano
ahay,cebuano
pagtanaw,cebuano
maghihimo,cebuano
almasin,cebuano
pagsasama,tagalog
sápnay,hiligaynon
bag-ong,cebuano
pudno,ilocano
súut,cebuano
ayis-ayis,cebuano
mauhiya,tagalog
laro,cebuano
panlulumba,tagalog
umimid,tagalog
narawet,ilocano
búsung,hiligaynon
agduyos,ilocano
kahon,cebuano
panagwayas,ilocano
tagausisa,tagalog
ropéro,hiligaynon
caayan-ayat,ilocano
tumbalikan,tagalog
hálong,hiligaynon
dumtanay,cebuano
likaw-likaw,tagalog
puwedeng labhan,cebuano
pannacatungpal,ilocano
paralelo,tagalog
malabasan,tagalog
sabón,hiligaynon
kampanti,cebuano
láis,cebuano
sanghid,cebuano
huhuan,tagalog
yunit,tagalog
stábus,cebuano
tikuko,cebuano
uray ania iti dua,ilocano
dugong-mahal,tagalog
dyís,cebuano
delikado,cebuano
tahilan,tagalog
masimási,cebuano
pamatay-lamok,tagalog
batasan,cebuano
mangagtipun-tipon,tagalog
lamina,cebuano
panlapas,cebuano
hágbong,hiligaynon
agaramid,ilocano
sukát,hiligaynon
balingón,hiligaynon
alimpulo,cebuano
wala'y sulod,cebuano
tawa,ilocano
agpalaud,ilocano
magmeykap,tagalog
dahon,cebuano
panghikayat,tagalog
persus,ilocano
batasang-bansa,tagalog
nobya,cebuano
tigum,cebuano
malapason sa balaod,cebuano
"salangáya, salangayá",hiligaynon
uway,cebuano
sália,hiligaynon
tumupi,tagalog
pag-iimpok,tagalog
saan a naigalut,ilocano
paghatod,cebuano
hulíp-húlip,hiligaynon
tabakéra,hiligaynon
urayen,ilocano
garók,hiligaynon
diyutay,cebuano
sumursurot,ilocano
maoy nag amuma,cebuano
magpalalim,tagalog
masamyo,tagalog
síbwal,hiligaynon
yamukmok,cebuano
dagko,cebuano
lisian,ilocano
saráywan,hiligaynon
batí,hiligaynon
itataliaw,ilocano
libintador,tagalog
bigay-tulot,tagalog
pangita,cebuano
badidóy,hiligaynon
ugay-ugay,cebuano
bulálo,hiligaynon
dili hingpit,cebuano
taliwala,cebuano
kasali,tagalog
hinánib,cebuano
pahinuktuk,cebuano
Istádus Unídus,cebuano
kumalong,tagalog
pagtutunton,tagalog
haging,tagalog
panagpada,ilocano
maguniguni,tagalog
mapagtawanan,tagalog
bolobáyhon,hiligaynon
bagol,cebuano
ulingíg,hiligaynon
úyag,cebuano
búlas,hiligaynon
lamon,cebuano
sinina,cebuano
kahadlok,cebuano
ginantsilyo,tagalog
daga,ilocano
estanyo,tagalog
solondayón,hiligaynon
baláhos,hiligaynon
bintang,cebuano
baldukin,tagalog
lusbà,cebuano
payapos,tagalog
umimbulog,tagalog
wala'y manggas,cebuano
inuhin,tagalog
tigdemanda,cebuano
sapíyo,hiligaynon
panderetas,tagalog
ampad,cebuano
nakapanlalata,tagalog
catikber,ilocano
talanawon,cebuano
úgmud,hiligaynon
palahangad,tagalog
maghimagsik,tagalog
nasaririt,ilocano
urabang,cebuano
unano,cebuano
hulupáon,hiligaynon
panadtad,tagalog
kuwentong de-serye,tagalog
bulilit,cebuano
ingato,ilocano
turingan,tagalog
mapalakad,tagalog
ping-ping,ilocano
pumulandit,tagalog
walá,hiligaynon
apog,cebuano
payn-ápul,cebuano
rúgmak,hiligaynon
suga,cebuano
isubo,tagalog
panaglalaban,ilocano
búlig,hiligaynon
punungbayan,tagalog
salbáhe,hiligaynon
iunan,tagalog
tigpanabi,cebuano
gúnum,hiligaynon
panatag,tagalog
lainlain,cebuano
fája,hiligaynon
mawatasan,tagalog
gana,cebuano
gatâ,hiligaynon
timba,ilocano
tadhan,cebuano
indikasiyun,cebuano
ikanapulog duha,cebuano
hardwer,tagalog
paglusob,cebuano
payongpayong,cebuano
tampì,cebuano
ehekutibo,tagalog
kabanalan,tagalog
libod-libod,cebuano
buro,ilocano
pagbuto,cebuano
patuyuan,tagalog
bunyag,cebuano
subá-súba,hiligaynon
apong lalaki,tagalog
mapikot,tagalog
monumento,cebuano
supot,tagalog
sampáka,cebuano
managayat iti Dios,ilocano
hugaw,cebuano
bílad,hiligaynon
mahalap,cebuano
makalungkot,tagalog
kunsihal,cebuano
gindút-an,hiligaynon
lihiya,cebuano
pag-akmain,tagalog
bakíta,cebuano
salimbayan,tagalog
balakbak,cebuano
bínta,hiligaynon
bikturya,cebuano
lupasì,cebuano
ikalango,tagalog
agwa,tagalog
ipaglinang,tagalog
di-saklaw,tagalog
ulungán,hiligaynon
sakbat,tagalog
balikákà,hiligaynon
magpamana,tagalog
masalubong,tagalog
silid sa ilalim ng lupa,tagalog
magsalakot,tagalog
abigay,ilocano
kulang,cebuano
saláma,hiligaynon
umubos,tagalog
narupanget,ilocano
bígkis,hiligaynon
hatdan,hiligaynon
canusor,ilocano
mapagpahalaga sa sarili,tagalog
paambaliwis,tagalog
"baog, baog",tagalog
hayúb-háyub,hiligaynon
búdlay,hiligaynon
agtugtugaw,ilocano
paricut,ilocano
simúaw,cebuano
lugon,tagalog
bál-ag,hiligaynon
balaligyáon,hiligaynon
manghambog,cebuano
siksikan,tagalog
pandec,ilocano
tagabundok,tagalog
mamam,tagalog
masagutan,tagalog
hulugníton,hiligaynon
pangawat,cebuano
sílya,hiligaynon
pagtuo,cebuano
pumaga,tagalog
hagónoy,hiligaynon
patag,cebuano
biskótso,hiligaynon
húkmay,hiligaynon
sirmun,cebuano
usisa,cebuano
flete,ilocano
pagpapabalik sa nasod,cebuano
mas paspas,cebuano
makatalagmanon,cebuano
pagpapamalas,tagalog
kagandahang-loob,tagalog
pag-iibis,tagalog
magbaraha,tagalog
túmus,cebuano
iskursyon,tagalog
bumigaw,tagalog
trahe-de-boda,tagalog
sulá,hiligaynon
sangkatirba,tagalog
makipagniig,tagalog
tribu,tagalog
pagtareppet,ilocano
paraiso,ilocano
makoryente,tagalog
hinurág-ol,hiligaynon
agpada,ilocano
basíbas,cebuano
mulo,cebuano
mangamatis,tagalog
cumacanta,ilocano
panalangin,cebuano
himlay,tagalog
tipigan,cebuano
bagát,hiligaynon
sakáda,hiligaynon
patugma,tagalog
súndol,hiligaynon
tabo,cebuano
Amirika,cebuano
botíka,hiligaynon
cangato,ilocano
pakanaog,cebuano
pagtuturo,tagalog
galô-galô,hiligaynon
labusaw,tagalog
biyente tres,cebuano
usigen a nalaing ituno,ilocano
magsanga,tagalog
naipacadawyan,ilocano
kakublupon,tagalog
casasaad ti ina,ilocano
turdan,tagalog
magpatotoo,tagalog
kustiyun,cebuano
tsitsaron,tagalog
malagim,tagalog
ahente sa yuta,cebuano
lanog,cebuano
pannacapapanaw,ilocano
súlay,cebuano
bisan pa niana,cebuano
salacnib,ilocano
parachute,cebuano
sará-sára,hiligaynon
lumantad,tagalog
pampatindi,tagalog
kahulilip,tagalog
bunal,cebuano
balúd,hiligaynon
wangsat,cebuano
magsalamangka,tagalog
sisasagana,ilocano
adult,tagalog
panapian pinaagi sa limbong,cebuano
himo,tagalog
paghulat,cebuano
"budyáwi, budyóng",hiligaynon
dyapinis,cebuano
tawa,tagalog
sambitla,tagalog
mananahi,tagalog
tilamsik,tagalog
hirigíta,hiligaynon
pùpù,cebuano
pagtubo sa kahingkod,cebuano
kahambing,tagalog
pagpasalamat,cebuano
kawatan,cebuano
hinuli,tagalog
"hibì, híbì",cebuano
yukù,cebuano
rímpwal,hiligaynon
pamunas ng pinggan,tagalog
kutat,cebuano
maneho,cebuano
tala,cebuano
suskribir,cebuano
sugà,cebuano
gumagatang,ilocano
"sóhot, súhut",hiligaynon
pagkakaparte,tagalog
"bíking, — pawdir",cebuano
mapurol ang isip,tagalog
báknal,hiligaynon
Hunyo,tagalog
gansa,tagalog
maligon,cebuano
kiputan,tagalog
balatángan,hiligaynon
malagot,tagalog
hinlalay,tagalog
laitin,tagalog
maayos,tagalog
agduadua,ilocano
Australia,cebuano
salamwáan,hiligaynon
súkut,hiligaynon
pikatúrum,cebuano
balanganán,hiligaynon
henyo,cebuano
cudil,ilocano
dapdap,tagalog
susyalayit,cebuano
kimod,cebuano
Samaritano,tagalog
panganganib,tagalog
rucoden,ilocano
pamumusak,tagalog
hóon,hiligaynon
magsungkal,tagalog
kodigo,tagalog
manukon,cebuano
tsaplin,cebuano
tabók,hiligaynon
utlanan,cebuano
hiwalán,hiligaynon
managayat,ilocano
sā́g,cebuano
itiwarik,tagalog
pakusa,tagalog
manas,tagalog
hanâ-hanâ,hiligaynon
tapusan,tagalog
hánggud,hiligaynon
bighalán,hiligaynon
barkáda,cebuano
sulánting,hiligaynon
cangato,ilocano
dalang,tagalog
tumaltanlaw,ilocano
ubúd-ubúd,hiligaynon
paggapos,tagalog
taluhin,tagalog
kash,tagalog
gílò,hiligaynon
pamansing,tagalog
ngurk,cebuano
kontratado,tagalog
sinálog,hiligaynon
kalag,cebuano
pangisda,cebuano
pagpaparaya,tagalog
síg-ang,hiligaynon
pundok,cebuano
gálab,hiligaynon
magkabunga,tagalog
manloko,tagalog
eskuwelahan,tagalog
tubo,ilocano
pakapyot,cebuano
sabong,tagalog
kumbansíru,cebuano
sabasaba,cebuano
magbastipol,tagalog
matawag,tagalog
bigyang-tuwa,tagalog
sagpà,cebuano
mangako,tagalog
manula,tagalog
todasin,tagalog
piyatpiyat,cebuano
halung,cebuano
pursip,cebuano
kolekta,tagalog
isaysay,cebuano
kekok,tagalog
hantungan,tagalog
linongan,ilocano
kasabutan,cebuano
ilagip,ilocano
hayahay,cebuano
autoridad,tagalog
pag-inom,cebuano
wangwang,cebuano
kumurok,tagalog
atomo,tagalog
pasaya,tagalog
mapagkikilanlan,tagalog
kulumpiyu,cebuano
maipaliliwanag,tagalog
subrikargu,cebuano
tumong,cebuano
pagtatalusira,tagalog
humandusay,tagalog
magmasilya,tagalog
manghuhukay,tagalog
hángin,hiligaynon
hingutuhan,tagalog
perdaya,tagalog
sunánuy,cebuano
ugát,hiligaynon
udágan,hiligaynon
manunula,tagalog
gukóm,hiligaynon
dasig,tagalog
racraken,ilocano
burtong,ilocano
hinúlò,hiligaynon
tsukuláti,cebuano
rúyà,hiligaynon
sámgon,hiligaynon
sapakatan,tagalog
gwarnisyón,hiligaynon
til-is,cebuano
síbaw,cebuano
pagsuliyaw,cebuano
pampabunga,tagalog
hindi mapadumi,tagalog
pinusong,cebuano
lampasan,tagalog
hingalában,hiligaynon
tambun,cebuano
matraffic,tagalog
gulunggulungan,tagalog
yamu,cebuano
mangatha,tagalog
hiya,tagalog
dato,cebuano
sangagan,tagalog
pangangalaga,cebuano
matudla,tagalog
salit-salit,tagalog
nasugatan,cebuano
pagkagaway,tagalog
lugar pinuy-anan,cebuano
waldas,tagalog
tulugan,tagalog
panagmayong,cebuano
mamamatay-tao,tagalog
súngay,cebuano
lagom,cebuano
pasaylo,cebuano
diyaryu,cebuano
lingguwita,cebuano
kasagaran,cebuano
katuohan,cebuano
hapón-hápon,hiligaynon
hiúsa,hiligaynon
takalan,tagalog
singdalan,cebuano
barangáy,hiligaynon
bukatorón,hiligaynon
tibawas,cebuano
samput,cebuano
silísi,cebuano
pagkataob,tagalog
aninikad,cebuano
pagkalubog,tagalog
pagkadugong-marangal,tagalog
nabatagen,ilocano
bagótbot,hiligaynon
tuod,cebuano
sarumbálì,hiligaynon
baho,cebuano
tukog,cebuano
hinay-hinay,tagalog
dumunong,tagalog
baranda,tagalog
partídu,cebuano
hurúm-an,hiligaynon
kasiyarnan,cebuano
paralitiku,cebuano
mortuwaryo,tagalog
kasalukuyan noon,tagalog
banihót,hiligaynon
hangád,hiligaynon
ayaw,tagalog
palaragdagan,tagalog
makansaw,tagalog
katuwang,tagalog
intuy,cebuano
bérbo,hiligaynon
sa tiil,cebuano
idulot,cebuano
sayon sabton,cebuano
hoót,hiligaynon
bulúg,hiligaynon
semana,tagalog
akyatin,tagalog
surárum,hiligaynon
napintas maicaayo-ayo,ilocano
pagbasa,cebuano
mapangandoyan,cebuano
silid-tanggapan,tagalog
patukma,cebuano
nakig-indig,cebuano
kamelyo,tagalog
sistema,tagalog
suók,hiligaynon
himakas,tagalog
hinúlas,hiligaynon
halayhay,tagalog
panghuy-ab,cebuano
ang panagsama,cebuano
buenabísta,hiligaynon
lahatang tangkas,tagalog
hiwód-híwod,hiligaynon
Rubudyum,tagalog
"tislaub, tisláub",cebuano
tumpag,cebuano
bwáus,cebuano
pildoras,cebuano
búlhit,hiligaynon
ibyus,cebuano
serbísyo públiko,hiligaynon
luminya,tagalog
binít,hiligaynon
naragsac,ilocano
wasay,cebuano
idaing,tagalog
dispedida,tagalog
bál-ot,hiligaynon
paon,cebuano
bungáng-aráw,hiligaynon
iyakap,tagalog
makahuluganon,cebuano
dibuho,cebuano
sitatacder,ilocano
hákal,hiligaynon
salaminan,tagalog
ited,ilocano
lagaklak,tagalog
dimahanag,tagalog
makatigatig,tagalog
tupwak,cebuano
Kunsulasiyun,cebuano
búnus,cebuano
hagyón-hágyon,hiligaynon
napakaganda,tagalog
yári,hiligaynon
kasaligon,cebuano
malaki't mataas na talon,tagalog
"lusa, lusà",cebuano
sámkon,hiligaynon
suwits,tagalog
tagapagtanim,tagalog
napakamahilig,tagalog
"hundáus, hundá-us",hiligaynon
kambing,tagalog
rilip,cebuano
kulánap,cebuano
píma,cebuano
kilusan,tagalog
pamanahon,tagalog
angayan,cebuano
di-magkatalo,tagalog
tingub,cebuano
problema,tagalog
terno,ilocano
trísir,cebuano
magulang,tagalog
búslog,hiligaynon
tungà,cebuano
solemne,cebuano
kábat,cebuano
kodak,tagalog
paghaplos,tagalog
makalabo,tagalog
segundo,tagalog
panangdayaw,ilocano
talhung,cebuano
pagpanon,cebuano
pilien,ilocano
panagibales,ilocano
riple,tagalog
gahúk,hiligaynon
hupúg,hiligaynon
halakwáton,hiligaynon
pagsubo,cebuano
tanawin,tagalog
búng-bung,hiligaynon
mánu,cebuano
takem,ilocano
managlipat,ilocano
rása,hiligaynon
nakalampos,cebuano
banagán,hiligaynon
tulas,tagalog
kalabotan,cebuano
pasikipin,tagalog
nubína,cebuano
bisan pa,cebuano
siin,cebuano
pagsabwatanan,tagalog
kumalmot,tagalog
labanan,ilocano
halu-halo,tagalog
gayon,tagalog
subdibáyid,cebuano
sig-anó,hiligaynon
panimalus,cebuano
kaduluhan,tagalog
salígsig,hiligaynon
súyup,hiligaynon
gísì,hiligaynon
sa likod,cebuano
makapasko,tagalog
pagtangkaan,tagalog
igalut,ilocano
lukub,cebuano
andamyo,cebuano
patabain,tagalog
pagsukod,cebuano
mahayang,cebuano
paglakaw,cebuano
bululáwon,hiligaynon
agtugaw,ilocano
birisbiris,cebuano
balíngkat,hiligaynon
magtindig,tagalog
búnlot,hiligaynon
wala'y lihok,cebuano
panagcadua nga agconercio,ilocano
usa lamang,cebuano
tulbung,cebuano
pagdalus,ilocano
riles ti tren,ilocano
kakabit,tagalog
impeksiyon,tagalog
hibá-ot,hiligaynon
súsyo,hiligaynon
"ikspiryinsádu, ikspiryinsyádu",cebuano
ilayo,tagalog
billit,ilocano
tabigi,tagalog
úkub,hiligaynon
limbas,cebuano
di-pagkakaparis,tagalog
pantalya,cebuano
tingdagdag,cebuano
sirino,cebuano
lambing,cebuano
iliktural,cebuano
halimbawà,cebuano
gábut,hiligaynon
tapyoka,tagalog
sucsuken,ilocano
pagmantsa,cebuano
minandoan,cebuano
kinaragsac,ilocano
ítut,cebuano
sumungalngal,tagalog
binángon,hiligaynon
ráwit,hiligaynon
hubag,cebuano
síhay,hiligaynon
kaliwatan,cebuano
kahingawa,cebuano
"suwál, suwál-suwál",hiligaynon
magkakayo,tagalog
bugarak,cebuano
telepoto,cebuano
marsútu,cebuano
hugsaw,cebuano
pagpalugway,cebuano
elektoradong,cebuano
sulab,cebuano
hánlug,hiligaynon
hinay og tuhod,cebuano
ipabahala,tagalog
pahikayat,tagalog
pag-ugoy,tagalog
panagbaniaga,ilocano
itugot,cebuano
saguksuk,cebuano
bumiktima,tagalog
buláw,hiligaynon
pulupon,tagalog
pangutianan,cebuano
bindónggo,hiligaynon
pagkawala,tagalog
gákut,hiligaynon
distiliríya,cebuano
halkan,tagalog
bugtotái,hiligaynon
buwisit,cebuano
karga,tagalog
pagdawat,cebuano
barilin,cebuano
buútan,cebuano
gipili,cebuano
pag-iwa,tagalog
kahimtang,cebuano
tumulu-tulo,tagalog
rumál,hiligaynon
patis,cebuano
mangungulti,tagalog
laco iti sabali a pagilian,ilocano
kiláti,cebuano
bitón,hiligaynon
"buwang, búwang",cebuano
mahinto,tagalog
nakatiwangwang,tagalog
cauudian,ilocano
bayibáyi,cebuano
calian,ilocano
halihaw,tagalog
béto,hiligaynon
pinitik,cebuano
ulútud,hiligaynon
pagpangimbig,cebuano
groto,tagalog
hulóy,hiligaynon
maiiwasan,tagalog
masigaw,tagalog
sílog,hiligaynon
kasabwatan,tagalog
igpanubo,cebuano
pasaganaan,tagalog
igig,tagalog
negosiyante,cebuano
balagahán,hiligaynon
saan a basuratan a disso sacbay ti binatog,ilocano
magdayaan,tagalog
grano,cebuano
napigsa,ilocano
ibiyahe,tagalog
buríkat,hiligaynon
"sisik, sísik",cebuano
giríra,cebuano
miabot,cebuano
laud,ilocano
sud-an,cebuano
hágyon,hiligaynon
pastu,cebuano
pagpahuway,cebuano
panagbettac,ilocano
rióma,hiligaynon
guhitan,tagalog
simangot,tagalog
palyadong linya,tagalog
lintà,cebuano
gúgma,hiligaynon
pinulongan,cebuano
usúra,cebuano
tikman-tikman,tagalog
bákut,cebuano
símbolo,hiligaynon
pananalanta,tagalog
palabasa,tagalog
prinsipal,tagalog
kursikan,cebuano
kahigayonan,cebuano
pulhù,cebuano
pamilya,cebuano
pagpakigtipon,cebuano
búnul,cebuano
daiten,ilocano
plakul,cebuano
dutdot ti ayup,ilocano
lambot,tagalog
bukas ang isip,tagalog
grása,hiligaynon
tikling,cebuano
marka,cebuano
kita ba?,cebuano
tisa,cebuano
halabas,tagalog
gíding,hiligaynon
nasantuan nga adlaw,ilocano
salap-óngan,hiligaynon
gámit,hiligaynon
sandu,cebuano
alaen wento tagicuaen babaen ti pigsa,ilocano
parang ama,tagalog
humaluyhoy,tagalog
kalagot,cebuano
nacabutbuteng,ilocano
Tingga,tagalog
magulahan,tagalog
abíyu,cebuano
puwes,tagalog
malisod sabton,cebuano
hurahura,cebuano
trabaho,cebuano
biscuit,ilocano
habál,hiligaynon
swiltu,cebuano
atlas,tagalog
pagpasabot,cebuano
sangkot,tagalog
subón,hiligaynon
karitela,tagalog
parigaten,ilocano
kanta,cebuano
húyang,hiligaynon
pag-undot,tagalog
nalabes a panangidayaw,ilocano
pacauna; panangrugi,ilocano
kunday,tagalog
paglig-on,cebuano
hábas,hiligaynon
sakit sa panit,cebuano
bískwit,hiligaynon
dispunir,cebuano
lumulupyo,cebuano
dila,ilocano
punyitíra,cebuano
ulúk,hiligaynon
pagkabugbog,tagalog
saborno,ilocano
pagkapailalim,tagalog
sakdalan,tagalog
diay,cebuano
istrúking,cebuano
tungo,tagalog
marungisan,tagalog
kutun-kuton,tagalog
linotipo,tagalog
maskuláda,cebuano
sapin,tagalog
pagkupot,cebuano
magisi,tagalog
mokaon,cebuano
katilusan,tagalog
leson,tagalog
labing,cebuano
istokada,tagalog
nararatay,tagalog
ikaupat,cebuano
sibilsíbil,cebuano
Tibag,tagalog
makain,tagalog
sabon,ilocano
sultisulti,cebuano
pagkaliberal,tagalog
palalahian,tagalog
walang-pasubali,tagalog
siririgat,ilocano
salimbágat,cebuano
tinugyanan,cebuano
bútiog,hiligaynon
hútak,cebuano
paggigirian,tagalog
lagwerta,cebuano
pagtatangkakal,tagalog
bulatsíru,cebuano
pigà,cebuano
hamílì,cebuano
duol dinhi,cebuano
bisyóhan,hiligaynon
mitungha,cebuano
hinébra,hiligaynon
kaguro,tagalog
puno,tagalog
hitabû,hiligaynon
gasa,cebuano
uling,tagalog
pumanaw,ilocano
magtagubilin,tagalog
plíts,cebuano
bantulinaw,cebuano
magkabungguan,tagalog
pagtaod,cebuano
mawasak,tagalog
aparador,cebuano
alipunga,tagalog
pagpalabiihalad,cebuano
nakab-ot,cebuano
parami,tagalog
úl-ul,hiligaynon
cuarta,ilocano
pasardengen,ilocano
pansi,cebuano
bugkus,cebuano
dagiti suki,ilocano
pagas,tagalog
bilad,tagalog
nadiosan,ilocano
atikabo,tagalog
rutisiyun,cebuano
dul-ung,cebuano
paninimpan,tagalog
panlunas,tagalog
samí,hiligaynon
hindi mapanganib,tagalog
detektib,tagalog
kalakip niyon,tagalog
lumagay sa estado,tagalog
gisi,cebuano
yagayaga,cebuano
masiam,cebuano
kumilala,tagalog
madapit,tagalog
limahan,cebuano
hágyò,hiligaynon
utingkad,cebuano
bakit,tagalog
hululunán,hiligaynon
húron,hiligaynon
tasahan,tagalog
rikádo,hiligaynon
sálog,hiligaynon
pútung,cebuano
boses,tagalog
panagsanod,ilocano
himbubuyog,tagalog
linis,cebuano
nasaya-at,ilocano
haplù,cebuano
kumailangan,tagalog
magkalibungbungan,tagalog
barikod,tagalog
bántud,hiligaynon
bacras,ilocano
garagadáng,hiligaynon
nakamitsa,tagalog
silya,cebuano
panagtacaw,ilocano
nagballigi,ilocano
ríkim,cebuano
kusog pagpakusog,cebuano
ganado,tagalog
interjection ania,ilocano
malayog,tagalog
mahilig,tagalog
palabas,tagalog
hubarin,tagalog
nadayaw,ilocano
parinig,tagalog
hábak,cebuano
apagisu,ilocano
trabajo,ilocano
balágbag,hiligaynon
kamúti,cebuano
prayid tsíkin,cebuano
pasagasaan,tagalog
sáb-a,hiligaynon
buáng-buáng,hiligaynon
kalamangan,tagalog
salángsang,hiligaynon
sampangkung -in-,cebuano
tukbù,cebuano
matangkad at patpatin,tagalog
sorondayón,hiligaynon
holóng-hólong,hiligaynon
calapaw,ilocano
panangreppet,ilocano
pupúyu,cebuano
liko,tagalog
paghalo,tagalog
dati-rati,tagalog
masama sa lahat,tagalog
halubilo,tagalog
panalunan,tagalog
kahubog,cebuano
musika,cebuano
salígbat,hiligaynon
sorogoón,hiligaynon
pagkamarahan,tagalog
pabisaklat,tagalog
kíri,cebuano
matutudo,ilocano
paghiusa,cebuano
sandatahin,tagalog
masuhiron,cebuano
tiaw,cebuano
hibilya,cebuano
górdo,hiligaynon
putikar,cebuano
labihan kadiyutay,cebuano
batong pomes,tagalog
bakal ng kabayo,tagalog
tayùtù,cebuano
kutitap,tagalog
humingkod,tagalog
túya,cebuano
gínggon,hiligaynon
pangunahing sangkap,tagalog
tábnus,hiligaynon
ligas,tagalog
nalaing,ilocano
patamlayin,tagalog
tulo sa ulan,cebuano
maglako,tagalog
di-pantay,tagalog
walang-kaabi-abiso,tagalog
hambugero,tagalog
tinugyan nga buluhaton,cebuano
úkbaw,hiligaynon
bangkito,tagalog
mamihasa,tagalog
tipyas,cebuano
bugtung,cebuano
gantángan,hiligaynon
tunggal maysa,ilocano
dispatsahin,tagalog
pito,tagalog
sarang,cebuano
súbsub,hiligaynon
ming,cebuano
manugang (babai),ilocano
maytir,cebuano
sachay,ilocano
himus,cebuano
midtirm,cebuano
hilikayón,hiligaynon
pag-unga,tagalog
manunuluyan,tagalog
produksyon,tagalog
buhahâ,hiligaynon
masakdal,tagalog
mannanacaw,ilocano
panaw,cebuano
mura,tagalog
hanggat,cebuano
pagkahuman,cebuano
obstetrisyan,tagalog
gamay,cebuano
manisid,tagalog
balnidanum-isigan,tagalog
kalupon,tagalog
"sapát-sápat, sapát-sapát",hiligaynon
alaen,ilocano
siinut,ilocano
pagkabatid,tagalog
matalinghaga,tagalog
"kindang, kindangkindang",cebuano
likoas,cebuano
súka,cebuano
sulaút,hiligaynon
tálay,cebuano
katípan,cebuano
yánu,cebuano
lutuon,cebuano
isu a,ilocano
puas,cebuano
kabagkabag,tagalog
sagápra,hiligaynon
salápan,hiligaynon
magsabwatan,tagalog
bintósa,hiligaynon
igpapahid,cebuano
kiyawa,tagalog
apagbiit,ilocano
dumighay,tagalog
kiyud,cebuano
gibag-on,cebuano
gúnhaw,hiligaynon
latun,cebuano
maghinaw,tagalog
guyá-gúya,hiligaynon
pitáka,cebuano
tukang,tagalog
búhang,hiligaynon
lagmun,cebuano
sustansiya,cebuano
laminisyun,cebuano
pagsilot,cebuano
pagyayakag,tagalog
basbas,cebuano
tubag,cebuano
kúma,cebuano
hilabút,hiligaynon
garahihan,tagalog
carne ti vaca,ilocano
dingas,cebuano
pananahimik,tagalog
nacascasdaaw,ilocano
senisado,tagalog
tumabang,tagalog
gagar,ilocano
sadiwa,ilocano
pagluluto,tagalog
kayamukat,cebuano
salisod,tagalog
ugbus,cebuano
réntas,hiligaynon
pampuli,tagalog
unos,cebuano
katunggaan,tagalog
kaha,tagalog
angin,ilocano
tabyog,cebuano
linaw,cebuano
papel-diliha,cebuano
aklatan,tagalog
tinago,cebuano
ning,cebuano
kaguol,cebuano
isara,cebuano
makatuliro,tagalog
tibaknul,cebuano
higal,cebuano
dagit,tagalog
úghad,hiligaynon
dulang kataw-anan,cebuano
supirbaysur,cebuano
lugar,tagalog
luya,cebuano
papardasen,ilocano
apinador,tagalog
magtagis,tagalog
rímog,hiligaynon
magbakal,tagalog
iláwud,cebuano
kágang,cebuano
siláng,hiligaynon
istruksiyun,cebuano
iritar,cebuano
piyatpiyat,cebuano
siper,tagalog
banlud,cebuano
magsanga-sanga,tagalog
or prep. asideg,ilocano
pusta,cebuano
wayit guld,cebuano
huwego-de-anilyo,tagalog
pagbayok,tagalog
agwaywayas,ilocano
pari-parian,tagalog
ugángan,hiligaynon
pirwil parti,cebuano
umingaw,tagalog
wala'y labot,cebuano
timpuyog ti,ilocano
thermos,tagalog
puminta,tagalog
murdong,ilocano
"kumuda, kumúda",cebuano
kapanganiban,tagalog
cafeteria,ilocano
asada,tagalog
kugihan,cebuano
hamô,hiligaynon
"kulíhad, kulìhad",cebuano
maamis,tagalog
háblon,hiligaynon
pangil,tagalog
mamantal,tagalog
bakes,ilocano
himúnong,hiligaynon
langyaw,cebuano
itingin,tagalog
pumatay ng sunog,tagalog
Danes,tagalog
pagsisiklab,tagalog
salapáy,hiligaynon
fuélle,hiligaynon
hulumánan,hiligaynon
bangkat,tagalog
hanúgut,hiligaynon
pagbuntog,cebuano
magbiyakrusis,tagalog
gangut,cebuano
leopardo,tagalog
yungki,cebuano
nakagaganda,tagalog
dili makadungog,cebuano
bakwit,cebuano
bihilya,cebuano
ipasikad,cebuano
ama-amahan,tagalog
ubanan,cebuano
"ruáng, ru-áng",hiligaynon
sinyal,cebuano
pakipagtalunan,tagalog
dayta,ilocano
catam,ilocano
pisaw,cebuano
binaklanáy,hiligaynon
bilang,tagalog
nakakasuka,tagalog
algodon,tagalog
kandilaan,tagalog
salánduk,hiligaynon
Hilat,tagalog
ipilipit,tagalog
hilis-kalamay,tagalog
pagsiak,cebuano
dili katuboan,cebuano
lanta,tagalog
gawis,tagalog
magtutugway,cebuano
bá-ot,hiligaynon
protest,tagalog
sándag,hiligaynon
"gunaw, gúnaw",cebuano
búyud,cebuano
kumampanya,tagalog
binrubyum,cebuano
bakalbalani,tagalog
yánghag,hiligaynon
gamit,tagalog
yáwà,hiligaynon
likwad,tagalog
kung tawagi'y,tagalog
hapuyhápuy,cebuano
pag-api,tagalog
masirib,ilocano
"sinálog, sinálug",hiligaynon
pasarapan,tagalog
ipalalik,tagalog
tinayubay,tagalog
pannagpackdel,ilocano
masabid,tagalog
ibayo,tagalog
sia-sino,ilocano
pangdugo nga binulan,cebuano
pabitakin,tagalog
komplikahin,tagalog
dayalug,cebuano
udyongan,cebuano
sulod,cebuano
sigahúm,hiligaynon
yellow,cebuano
ilalim,tagalog
agda,cebuano
sugo,cebuano
pangulo sa Dalam,cebuano
hárok,hiligaynon
búrà,hiligaynon
memeng,tagalog
tuka,tagalog
pagkakandidato,tagalog
salwal,tagalog
saól-sáol,hiligaynon
tanghal,cebuano
ikaduha,cebuano
birgî-bírgì,hiligaynon
buldu,cebuano
walang-patid,tagalog
laki ng tubig,tagalog
gámlò,hiligaynon
mauso,tagalog
kasaysayan sa nahitabo,cebuano
